220208329
220208332
220208435
220208473
220208479
220208486
220208519
220208522
220208540
220208553
220208562
220208569
220208594
220208627
220208675
220208700
220208702
220208704
220208717
220208748
220208760
220208776
220208778
220208785
220208786
220208787
220208793
220208804
220208817
220208843
220208845
220208846
220208858
220208875
220208887
220208893
220208927
220208942
220208975
220208986
220209006
220209008
220209009
220209072
220209101
220209106
220209107
220209113
220209126
220209151
220209182
220209232
220209269
220209283
220209349
220209417
220209421
220209441
220209450
220209463
220209499
220209511
220209516
220209526
220209535
220209560
220209576
220209594
220209617
220209633
220209652
220209712
220209748
220209756
220209837
220209842
220209846
220209850
220209920
220209984
220209985
220210004
220210016
220210018
220210081
220210083
220210087
220210090
220210125
220210130
220210140
220210155
220210182
220210197
220210209
220210239
220210243
220210244
220210248
220210250
220210259
220210271
220210273
220210281
220210321
220210364
220210412
220210437
220210444
220210475
220210483
220210492
220210509
220210538
220210559
220210575
220210577
220210585
220210593
220210596
220210606
220210690
220210702
220210788
220210901
220210916
220210945
220210955
220210993
220211004
220211045
220211067
220211097
220211109
220211116
220211123
220211159
220211165
220211199
220211216
220211225
220211226
220211311
220211330
220211339
220211342
220211351
220211396
220211400
220211417
220211420
220211428
220211433
220211439
220211440
220211530
220211542
220211550
220211638
220211664
220211685
220211690
220211734
220211738
220211762
220211781
220211805
220211818
220211837
220211847
220211852
220211866
220211890
220211898
220211903
220211909
220211930
220211935
220211958
220211994
220212003
220212009
220212013
220212066
220212079
220212084
220212090
220212112
220212129
220212130
220212142
220212156
220212158
220212203
220212210
220212296
220212371
220212388
220212464
220212491
220212533
220212575
220212598
220212599
220212626
220212634
220212642
220212662
220212665
220212715
220212717
220212718
220212794
220212812
220212817
220212848
220212874
220212880
220212916
220212920
220212930
220212935
220212950
220212957
220213016
220213022
220213047
220213049
220213054
220213060
220213063
220213065
220213066
220213092
220213129
220213160
220213162
220213175
220213180
220213181
220213208
220213219
220213281
220213294
220213296
220213319
220213322
220213325
220213376
220213407
220213409
220213447
220213460
220213462
220213476
220213493
220213521
220213522
220213529
220213535
220213553
220213555
220213607
220213609
220213625
220213677
220213753
220213756
220213782
220213800
220213819
220213833
220213860
220213862
220213899
220213902
220213929
220213950
220213963
220213983
220214008
220214009
2202nd_infantry_brigade_ready_reserve
220300004
220300038
220300058
220300059
220300120
220300175
220300216
220300274
220300276
220300277
220300284
220300288
220300298
220300313
220300318
220300334
220300434
220300443
220300455
220300500
220300529
220300603
220300652
220300717
220300755
220300756
220300789
220300832
220300897
220300911
220300933
220300939
220300944
220300961
220300969
220301018
220301029
220301032
220301041
220301051
220301149
220301181
220301223
220301229
220301237
220301246
220301284
220301298
220301314
220301338
220301362
220301383
220301387
220301420
220301431
220301459
220301460
220301532
220301557
220301564
220301570
220301594
220301601
220301618
220301626
220301671
220301688
220301771
220301814
220301825
220301850
220301855
220301887
220301912
220301928
220301993
220302019
220302021
220302032
220302070
220302078
220302114
220302138
220302174
220302210
220302218
220302223
220302253
220302309
220302332
220302348
220302361
220302364
220302401
220302416
220302436
220302440
220302501
220302516
220302527
220302558
220302559
220302573
220302579
220302622
220302683
220302700
220302766
220302820
220302864
220302899
220302933
220302980
220302983
220303025
220303062
220303095
220303126
220303150
220303151
220303171
220303192
220303197
220303206
220303223
220303228
220303249
220303270
220303281
220303323
220303340
220303341
220303344
220303369
220303376
220303381
220303398
220303418
220303426
220303439
220303474
220303487
220303506
220303522
220303531
220303544
220303547
220303549
220303564
220303588
220303621
220303716
220303753
220303761
220303788
220303846
220303860
220303888
220303906
220303931
220303935
220303969
220303984
220303985
220303995
220304013
220304036
220304075
220304123
220304130
220304155
220304169
220304185
220304226
220304250
220304284
220304291
220304321
220304334
220304424
220304429
220304440
220304448
220304502
220304518
220304571
220304590
220304606
220304613
220304681
220304695
220304711
220304721
220304737
220304841
220304858
220304875
220304907
220304923
220304948
220304973
220304978
220305019
220305022
220305027
220305028
220305046
220305064
220305104
220305152
220305166
220305250
220305270
220305323
220305326
220305393
220305396
220305435
220305468
220305482
220305483
220305490
220305493
220305496
220305550
220305594
220305605
220305610
220305615
220305642
220305650
220305670
220305687
220305737
220305764
220305773
220305789
220305797
220305857
220305871
220305880
220305927
220305955
220305963
220305980
220305993
220306006
220306011
220306029
220306031
220306078
220306092
220306102
220306103
220306120
220306149
220306161
220306172
220306179
220306204
220306225
220306226
220306261
220306289
220306299
220306379
220306394
220306421
220306426
220306466
220306504
220306511
220306539
220306554
220306620
220306632
220306638
220306672
220306723
220306725
220306773
220306775
220306807
220306821
220306826
220306848
220306863
220306868
220306888
220306915
220306924
220306933
220306943
220306944
220306947
220306958
220306964
220306967
220307004
220307037
220307041
220307061
220307079
220307084
220307096
220307121
220307131
220307133
220307142
220307166
220307173
220307182
220307203
220307214
220307233
220307234
220307243
220307268
220307271
220307280
220307307
220307373
220307390
220307392
220307429
220307571
220307615
220307672
220307679
220307684
220307693
220307698
220307704
220307755
220307859
220307886
220307888
220307897
220307910
220307918
220307944
220307946
220307949
220307954
220307989
220308003
220308032
220308079
220308095
220308106
220308141
220308170
220308177
220308186
220308237
220308249
220308259
220308300
220308302
220308306
220308309
220308356
220308362
220308389
220308414
220308452
220308462
220308478
220308533
220308534
220308554
220308573
220308581
220308590
220308596
220308648
220308712
220308716
220308720
220308722
220308723
220308764
220308814
220308823
220308854
220308855
220308962
220308976
220308977
220308989
220308990
220309018
220309099
220309109
220309127
220309146
220309161
220309238
220309245
220309418
220309420
220309441
220309453
220309479
220309495
220309501
220309520
220309534
220309543
220309547
220309558
220309619
220309622
220309624
220309627
220309630
220309696
220309706
220309739
220309763
220309790
220309820
220309895
220309941
220309962
220310017
220310021
220310041
220310047
220310056
220310133
220310157
220310235
220310239
220310292
220310298
220310307
220310311
220310408
220310425
220310431
220310488
220310511
220310512
220310556
220310559
220310572
220310588
220310597
220310707
220310718
220310743
220310764
220310830
220310832
220310855
220310857
220310866
220310881
220310908
220310937
220310964
220310975
220310986
220311001
220311004
220311013
220311059
220311126
220311148
220311214
220311233
220311252
220311257
220311269
220311303
220311312
220311318
220311329
220311382
220311432
220311461
220311464
220311477
220311510
220311516
220311563
220311622
220311645
220311667
220311690
220311732
220311740
220311752
220311909
220311939
220311977
220312017
220312023
220312025
220312061
220312084
220312091
220312097
220312103
220312123
220312129
220312144
220312145
220312171
220312191
220312203
220312206
220312224
220312232
220312256
220312303
220312334
220312399
220312416
220312439
220312472
220312475
220312528
220312558
220312573
220312598
220312625
220312647
220312651
220312688
220312709
220312727
220312742
220312777
220312789
220312802
220312820
220312829
220312846
220312855
220312863
220312873
220312877
220312894
220312950
220312961
220312985
220312987
220313012
220313091
220313103
220313121
220313124
220313167
220313174
220313182
220313202
220313237
220313277
220313288
220313295
220313305
220313321
220313361
220313363
220313438
220313450
220313466
220313487
220313499
220313512
220313522
220313526
220313535
220313545
220313557
220313573
220313590
220313603
220313646
220313647
220313663
220313711
220313742
220313815
220313833
220313860
220313880
220313899
220313925
220313927
220313936
220313966
220313973
220313977
220314035
220314039
220314118
220314119
220314120
220314128
220314129
220314150
220314169
220314189
220314307
220314324
220314340
220314375
220314417
220314432
220314434
220314484
220314490
220314497
220314504
220314508
220314537
220314578
220314600
220314616
220314638
220314646
220314658
220314659
220314662
220314674
220314689
220314713
220314763
220314771
220314783
220314808
220314842
220314849
220314860
220314874
220314902
220314915
220314921
220314933
220314961
220314993
220314998
220315046
220315076
220315090
220315114
220315124
220315174
220315179
220315214
220315230
220315269
220315338
220315341
220315350
220315353
220315383
220315388
220315396
220315411
220315432
220315458
220315496
220315593
220315595
220315597
220315647
220315660
220315671
220315695
220315709
220315719
220315786
220315806
220315832
220315848
220315856
220315889
220315895
220315896
220315900
220315902
220315909
220315925
220315956
220315979
220315983
220316025
220316071
220316127
220316148
220316153
220316198
220316253
220316292
220316301
220316359
220316364
220316385
220316408
220316430
220316460
220316478
220316522
220316554
220316556
220316567
220316569
220316618
220316649
220316652
220316704
220316771
220316772
220316795
220316817
220316833
220316848
220316852
220316863
220316915
220316928
220316933
220316936
220316944
220316950
220316966
220316970
220316997
220317009
220317023
220317028
220317036
220317055
220317098
220317148
220317161
220317167
220317169
220317213
220317222
220317227
220317247
220400025
220400108
220400138
220400144
220400164
220400170
220400178
220400221
220400231
220400298
220400319
220400328
220400352
220400384
220400413
220400474
220400507
220400520
220400535
220400548
220400550
220400561
220400597
220400606
220400653
220400657
220400664
220400679
220400686
220400696
220400717
220400726
220400797
220400802
220400836
220400840
220400847
220400889
220400890
220400905
220400949
220400982
220400983
220401002
220401006
220401016
220401046
220401064
220401084
220401111
220401166
220401168
220401185
220401203
220401244
220401251
220401293
220401297
220401331
220401377
220401399
220401407
220401452
220401490
220401503
220401523
220401536
220401604
220401610
220401622
220401637
220401659
220401673
220401771
220401832
220401844
220401871
220401912
220401936
220401956
220401977
220401978
220401986
220402015
220402017
220402022
220402026
220402039
220402057
220402060
220402061
220402064
220402071
220402078
220402097
220402141
220402175
220402184
220402200
220402221
220402231
220402267
220402295
220402350
220402353
220402361
220402364
220402368
220402381
220402403
220402405
220402458
220402495
220402509
220402541
220402553
220402568
220402575
220402609
220402665
220402667
220402680
220402699
220402735
220402740
220402756
220402772
220402782
220402831
220402836
220402849
220402858
220402882
220402886
220402889
220402910
220402942
220402967
220403004
220403008
220403058
220403068
220403117
220403164
220403175
220403225
220403235
220403266
220403279
220403302
220403305
220403306
220403326
220403343
220403358
220403363
220403370
220403377
220403483
220403486
220403488
220403509
220403514
220403520
220403525
220403527
220403535
220403547
220403566
220403577
220403593
220403635
220403679
220403682
220403687
220403700
220403711
220403783
220403790
220403797
220403835
220403853
220403870
220403899
220403912
220403942
220403944
220403980
220404047
220404073
220404086
220404088
220404097
220404144
220404173
220404181
220404207
220404243
220404314
220404320
220404324
220404352
220404360
220404367
220404389
220404412
220404430
220404453
220404456
220404466
220404549
220404651
220404688
220404700
220404708
220404711
220404759
220404761
220404782
220404824
220404836
220404867
220404890
220404925
220404941
220404992
220405049
220405063
220405102
220405125
220405126
220405140
220405141
220405225
220405230
220405269
220405306
220405344
220405363
220405377
220405398
220405425
220405461
220405474
220405485
220405564
220405578
220405615
220405667
220405669
220405702
220405706
220405801
220405806
220405819
220405838
220405855
220405910
220405933
220405956
220405957
220405968
220405977
220405999
220406040
220406049
220406082
220406083
220406087
220406097
220406126
220406137
220406190
220406191
220406200
220406245
220406274
220406386
220406419
220406422
220406455
220406489
220406517
220406520
220406527
220406539
220406558
220406566
220406571
220406579
220406594
220406612
220406614
220406653
220406673
220406690
220406703
220406705
220406732
220406739
220406789
220406800
220406877
220406910
220406911
220406985
220406991
220407001
220407006
220407046
220407071
220407090
220407097
220407120
220407125
220407129
220407133
220407169
220407172
220407237
220407247
220407260
220407318
220407332
220407368
220407418
220407450
220407467
220407494
220407495
220407503
220407523
220407529
220407555
220407581
220407693
220407742
220407777
220407810
220407821
220407831
220407862
220407863
220407865
220407894
220407910
220408019
220408076
220408084
220408118
220408122
220408124
220408144
220408148
220408187
220408234
220408249
220408261
220408287
220408291
220408307
220408356
220408360
220408370
220408372
220408413
220408429
220408430
220408434
220408452
220408474
220408476
220408496
220408539
220408542
220408613
220408645
220408735
220408765
220408799
220408810
220408825
220408826
220408851
220408874
220408891
220408898
220408909
220408917
220408928
220408962
220408965
220408970
220408981
220408996
220409013
220409023
220409035
220409046
220409051
220409063
220409070
220409093
220409100
220409104
220409111
220409137
220409138
220409159
220409175
220409186
220409190
220409222
220409227
220409253
220409316
220409324
220409345
220409364
220409418
220409419
220409436
220409452
220409481
220409493
220409497
220409545
220409555
220409560
220409585
220409589
220409626
220409627
220409634
220409639
220409654
220409669
220409670
220409694
220409695
220409735
220409744
220409754
220409757
220409784
220409829
220409840
220409966
220410001
220410002
220410030
220410041
220410057
220410061
220410065
220410067
220410081
220410111
220410144
220410198
220410201
220410216
220410241
220410253
220410282
220410308
220410314
220410324
220410346
220410358
220410370
220410379
220410406
220410428
220410448
220410482
220410500
220410520
220410525
220410535
220410542
220410545
220410577
220410587
220410598
220410613
220410649
220410674
220410679
220410685
220410686
220410690
220410700
220410709
220410749
220410762
220410768
220410800
220410803
220410843
220410849
220410861
220410871
220410872
220410910
220410942
220410946
220410963
220410972
220411035
220411056
220411060
220411065
220411068
220411086
220411110
220411111
220411150
220411187
220411249
220411282
220411324
220411330
220411336
220411357
220411430
220411439
220411465
220411495
220411496
220411523
220411578
220411579
220411620
220411649
220411689
220411690
220411774
220411809
220411847
220411854
220411875
220411892
220411914
220411920
220411933
220411968
220411985
220411989
220411996
220411997
220412002
220412004
220412009
220412012
220412021
220412027
220412036
220412118
220412120
220412124
220412141
220412147
220412157
220412168
220412195
220412219
220412246
220412252
220412259
220412275
220412289
220412318
220412323
220412339
220412356
220412394
220412413
220412549
220412569
220412575
220412585
220412589
220412604
220412606
220412623
220412636
220412677
220412696
220412715
220412724
220412726
220412733
220412745
220412746
220412776
220412777
220412792
220412804
220412821
220412841
220412847
220412904
220412906
220412910
220412928
220412938
220412960
220413051
220413099
220413120
220413176
220413177
220413190
220413211
220413219
220413236
220413272
220413308
220413344
220413369
220413375
220413395
220413399
220413404
220413411
220413443
220413448
220413458
220413469
220413475
220413477
220413494
220413521
220413577
220413592
220413596
220413620
220413621
220413704
220413810
220413846
220413848
220413865
220413897
220413941
220413975
220413981
220413988
220414011
220414021
220414028
220414071
220414106
220414112
220414121
220414173
220414208
220414217
220414274
2204_lyyli
220500003
220500010
220500092
220500097
220500152
220500189
220500195
220500196
220500204
220500222
220500225
220500226
220500228
220500244
220500412
220500424
220500427
220500430
220500449
220500450
220500506
220500547
220500565
220500568
220500583
220500587
220500594
220500603
220500604
220500659
220500661
220500673
220500691
220500737
220500739
220500784
220500791
220500860
220500910
220500922
220500932
220500933
220500940
220501006
220501064
220501065
220501093
220501128
220501190
220501234
220501238
220501257
220501273
220501289
220501310
220501313
220501364
220501377
220501420
220501493
220501495
220501589
220501601
220501613
220501623
220501628
220501646
220501673
220501740
220501747
220501774
220501787
220501807
220501815
220501832
220501857
220501869
220501877
220501927
220501959
220501969
220501994
220502017
220502043
220502051
220502055
220502057
220502119
220502145
220502162
220502165
220502200
220502267
220502301
220502324
220502341
220502346
220502353
220502376
220502386
220502412
220502423
220502424
220502439
220502444
220502482
220502511
220502559
220502569
220502624
220502635
220502675
220502692
220502706
220502722
220502730
220502733
220502756
220502763
220502785
220502789
220502810
220502820
220502846
220502855
220502871
220502961
220502985
220503005
220503034
220503057
220503116
220503145
220503194
220503197
220503256
220503260
220503289
220503299
220503306
220503310
220503369
220503373
220503380
220503384
220503386
220503406
220503419
220503480
220503492
220503495
220503514
220503537
220503543
220503545
220503600
220503615
220503617
220503646
220503665
220503691
220503753
220503755
220503776
220503799
220503812
220503815
220503837
220503846
220503865
220503874
220503901
220503937
220503957
220503977
220503987
220503993
220504019
220504054
220504067
220504072
220504090
220504097
220504134
220504170
220504195
220504219
220504228
220504236
220504240
220504250
220504292
220504313
220504335
220504346
220504369
220504377
220504396
220504414
220504449
220504455
220504458
220504469
220504480
220504482
220504485
220504532
220504565
220504567
220504607
220504620
220504659
220504678
220504686
220504688
220504689
220504711
220504733
220504763
220504767
220504769
220504822
220504835
220504836
220504888
220504906
220504907
220504934
220504944
220504949
220504967
220505014
220505020
220505023
220505035
220505041
220505051
220505054
220505062
220505085
220505103
220505112
220505129
220505153
220505170
220505217
220505221
220505228
220505251
220505291
220505299
220505343
220505376
220505441
220505450
220505459
220505464
220505503
220505508
220505527
220505532
220505565
220505568
220505574
220505580
220505585
220505606
220505609
220505622
220505628
220505730
220505819
220505859
220505863
220505945
220505958
220505965
220506002
220506004
220506036
220506059
220506096
220506097
220506126
220506142
220506160
220506195
220506221
220506230
220506263
220506267
220506277
220506284
220506306
220506312
220506358
220506383
220506385
220506386
220506469
220506490
220506525
220506536
220506577
220506590
220506620
220506624
220506627
220506638
220506673
220506716
220506725
220506734
220506753
220506770
220506823
220506825
220506836
220506865
220506875
220506906
220506909
220506926
220506934
220506951
220506952
220506967
220506990
220507022
220507045
220507051
220507079
220507086
220507096
220507100
220507137
220507186
220507191
220507202
220507210
220507213
220507232
220507239
220507308
220507315
220507327
220507329
220507345
220507388
220507396
220507448
220507494
220507500
220507505
220507507
220507522
220507527
220507558
220507575
220507577
220507587
220507588
220507616
220507631
220507643
220507673
220507691
220507706
220507710
220507724
220507764
220507767
220507772
220507785
220507836
220507850
220507870
220507891
220508004
220508019
220508052
220508109
220508127
220508163
220508165
220508177
220508187
220508190
220508196
220508244
220508361
220508380
220508424
220508439
220508483
220508516
220508518
220508532
220508538
220508558
220508583
220508587
220508589
220508598
220508601
220508621
220508631
220508682
220508693
220508715
220508735
220508754
220508769
220508777
220508788
220508841
220508870
220508872
220508921
220508925
220508954
220508978
220509013
220509070
220509087
220509100
220509113
220509115
220509139
220509156
220509217
220509249
220509256
220509263
220509309
220509366
220509371
220509381
220509427
220509440
220509455
220509485
220509487
220509504
220509512
220509533
220509537
220509589
220509592
220509604
220509634
220509644
220509651
220509656
220509663
220509691
220509706
220509749
220509760
220509766
220509771
220509777
220509778
220509810
220509878
220509887
220509915
220509966
220509972
220509998
220510033
220510035
220510052
220510067
220510084
220510099
220510101
220510114
220510124
220510217
220510219
220510278
220510338
220510346
220510349
220510387
220510396
220510434
220510464
220510470
220510505
220510537
220510544
220510553
220510558
220510559
220510564
220510593
220510622
220510625
220510635
220510656
220510673
220510678
220510698
220510700
220510738
220510755
220510756
220510759
220510810
220510816
220510856
220510861
220510864
220510876
220510897
220510943
220510973
220511009
220511012
220511025
220511029
220511031
220511038
220511096
220511105
220511108
220511114
220511116
220511142
220511178
220511181
220511183
220511186
220511201
220511216
220511236
220511240
220511249
220511270
220511280
220511337
220511358
220511373
220511386
220511393
220511438
220511450
220511454
220511476
220511484
220511491
220511498
220511522
220511542
220511546
220511574
220511600
220511633
220511636
220511640
220511659
220511696
220511718
220511725
220511751
220511763
220511792
220511832
220511846
220511854
220511892
220511899
220511903
220511926
220511965
220512005
220512018
220512021
220512053
220512086
220512087
220512120
220512160
220512174
220512183
220512188
220512245
220512246
220512260
220512274
220512296
220512297
220512340
220512355
220512368
220512379
220512392
220512403
220512406
220512440
220512446
220512450
220512461
220512462
220512519
220512532
220512538
220512541
220512577
220512593
220512616
220512629
220512651
220512670
220512675
220512678
220512690
220512699
220512741
220512755
220512757
220512774
220512813
220512816
220512819
220512820
220512846
220512848
220512907
220512910
220512923
220512939
220512979
220512987
220513007
220513016
220513027
220513034
220513036
220513071
220513182
220513190
220513209
220513222
220513246
220513252
220513274
220513275
220513315
220513344
220513359
220513373
220513384
220513432
220513443
220513459
220513534
220513536
220513569
220513583
220513594
220513595
220513608
220513610
220513615
220513631
220513655
220513675
220513682
220513708
220513725
220513739
220513801
220513824
220513829
220513857
220513871
220513875
220513934
220513937
220513953
220513988
220514017
220514027
220514028
220514035
220514051
220514055
220514066
220514067
220514079
220514090
220514155
220514164
220514209
220514216
220514219
220514243
220514245
220514265
220514303
220514309
220514312
220514360
220514390
220514407
220514450
220514479
220514491
220514525
220514549
220514555
220514562
220514681
220514709
220514741
220514821
220514833
220514852
220514872
220514873
220514897
220514911
220514924
220514925
220514939
220514969
220514980
220514989
220515005
220515009
220515015
220515021
220515034
220515046
220515050
220515052
220515097
220515122
220515130
220515143
220515165
220515212
220515214
220515223
220515225
220515248
220515365
220515432
220515440
220515453
220515461
220515472
220515523
220515527
220515559
220515565
220515568
220515607
220515642
220515654
220515658
220515677
220515775
220515788
220515822
220515842
220515846
220515851
220515861
220515879
220515925
220515952
220516002
2205_massachusetts_avenue
220600006
220600009
220600046
220600050
220600070
220600085
220600096
220600097
220600122
220600139
220600145
220600146
220600206
220600251
220600267
220600272
220600286
220600295
220600336
220600421
220600440
220600444
220600451
220600458
220600463
220600468
220600476
220600481
220600483
220600526
220600536
220600559
220600561
220600565
220600588
220600634
220600698
220600783
220600784
220600789
220600840
220600911
220600916
220600921
220600944
220600997
220601012
220601025
220601079
220601088
220601097
220601106
220601112
220601117
220601152
220601174
220601215
220601237
220601249
220601265
220601304
220601316
220601335
220601346
220601356
220601359
220601375
220601377
220601383
220601402
220601407
220601432
220601433
220601463
220601479
220601496
220601520
220601563
220601595
220601653
220601659
220601670
220601672
220601687
220601693
220601724
220601731
220601743
220601751
220601753
220601766
220601816
220601844
220601872
220601880
220601914
220601935
220601952
220601968
220601998
220602010
220602020
220602045
220602094
220602099
220602108
220602151
220602183
220602186
220602194
220602216
220602220
220602241
220602243
220602254
220602259
220602338
220602414
220602415
220602435
220602451
220602456
220602488
220602527
220602596
220602629
220602654
220602669
220602698
220602732
220602770
220602787
220602800
220602802
220602805
220602811
220602812
220602817
220602844
220602851
220602852
220602857
220602865
220602890
220602924
220602926
220602982
220602988
220603019
220603049
220603073
220603074
220603099
220603139
220603168
220603171
220603186
220603189
220603242
220603330
220603359
220603360
220603363
220603408
220603415
220603439
220603451
220603473
220603491
220603512
220603537
220603567
220603570
220603612
220603621
220603627
220603659
220603675
220603705
220603744
220603753
220603759
220603777
220603780
220603828
220603840
220603845
220603860
220603884
220603894
220603896
220603902
220603942
220603957
220603965
220603978
220603992
220603995
220604002
220604010
220604011
220604030
220604045
220604064
220604068
220604071
220604074
220604084
220604092
220604121
220604148
220604191
220604221
220604260
220604297
220604326
220604339
220604359
220604379
220604383
220604386
220604389
220604397
220604436
220604451
220604452
220604464
220604468
220604490
220604552
220604558
220604565
220604593
220604605
220604623
220604630
220604637
220604654
220604673
220604687
220604700
220604714
220604722
220604745
220604755
220604844
220604857
220604873
220604905
220604906
220604916
220604965
220604966
220604975
220604996
220605028
220605058
220605078
220605099
220605254
220605317
220605318
220605331
220605337
220605352
220605376
220605416
220605450
220605451
220605454
220605525
220605530
220605564
220605565
220605571
220605591
220605624
220605627
220605641
220605663
220605664
220605690
220605712
220605718
220605767
220605770
220605785
220605791
220605796
220605824
220605839
220605855
220605876
220605896
220605912
220605914
220605920
220605939
220605957
220605979
220605983
220606063
220606067
220606084
220606096
220606208
220606238
220606267
220606294
220606322
220606350
220606368
220606381
220606405
220606488
220606500
220606503
220606534
220606556
220606587
220606600
220606604
220606614
220606657
220606663
220606704
220606749
220606772
220606804
220606849
220606852
220606884
220606912
220606933
220606956
220606975
220607000
220607003
220607012
220607014
220607022
220607025
220607033
220607040
220607065
220607082
220607120
220607154
220607193
220607201
220607239
220607300
220607303
220607321
220607335
220607341
220607365
220607368
220607386
220607402
220607458
220607469
220607570
220607584
220607626
220607655
220607684
220607690
220607696
220607740
220607830
220607862
220607866
220607867
220607897
220607921
220607954
220607982
220608083
220608095
220608119
220608136
220608188
220608190
220608250
220608252
220608264
220608275
220608308
220608327
220608337
220608347
220608349
220608377
220608384
220608398
220608408
220608464
220608465
220608467
220608478
220608527
220608528
220608549
220608551
220608575
220608579
220608589
220608599
220608611
220608674
220608686
220608688
220608692
220608703
220608709
220608710
220608719
220608736
220608792
220608801
220608808
220608832
220608870
220608871
220608882
220608895
220608908
220608934
220608964
220608994
220608995
220609000
220609023
220609044
220609048
220609097
220609125
220609137
220609142
220609173
220609211
220609215
220609252
220609257
220609274
220609293
220609324
220609333
220609337
220609364
220609366
220609380
220609423
220609466
220609470
220609499
220609518
220609553
220609558
220609566
220609607
220609611
220609727
220609732
220609771
220609791
220609851
220609868
220609882
220609885
220609906
220609914
220609945
220609949
220610007
220610015
220610034
220610039
220610046
220610056
220610080
220610097
220610121
220610175
220610204
220610216
220610313
220610315
220610370
220610383
220610413
220610437
220610451
220610453
220610459
220610466
220610467
220610481
220610497
220610577
220610610
220610612
220610618
220610627
220610629
220610664
220610686
220610695
220610697
220610723
220610734
220610746
220610798
220610820
220610823
220610837
220610869
220610912
220611006
220611034
220611109
220611117
220611132
220611141
220611151
220611179
220611277
220611301
220611309
220611313
220611325
220611339
220611349
220611364
220611366
220611408
220611418
220611426
220611444
220611500
220611519
220611556
220611557
220611561
220611627
220611699
220611701
220611721
220611733
220611776
220611857
220611927
220611956
220612005
220612008
220612016
220612042
220612076
220612112
220612119
220612167
220612207
220612216
220612230
220612292
220612297
220612299
220612328
220612330
220612361
220612378
220612389
220612396
220612432
220612443
220612450
220612467
220612495
220612506
220612554
220612576
220612580
220612593
220612608
220612620
220612622
220612631
220612638
220612644
220612677
220612682
220612699
220612715
220612745
220612748
220612752
220612772
220612780
220612802
220612818
220612876
220612921
220612934
220612967
220612996
220613005
220613008
220613113
220613137
220613147
220613177
220613182
220613209
220613225
220613255
220613260
220613279
220613297
220613357
220613366
220613409
220613412
220613442
220613450
220613465
220613537
220613541
220613553
220613555
220613558
220613564
220613568
220613611
220613643
220613657
220613667
220613670
220613694
220613745
220613749
220613798
220613800
220613835
220613863
220613876
220613882
220613887
220613890
220613940
220613964
220613973
220613975
220614011
220614015
220614044
220614045
220614056
220614073
220614086
220614094
220614149
220614184
220614230
220614236
220614242
220614263
220614268
220614317
220614356
220614369
220614404
220614407
220614422
220614437
220614460
220614481
220614485
220614522
220614523
220614559
220614595
220614603
220614628
220614662
220614696
220614699
220614760
220614774
220614794
220614829
220614876
220614886
220614900
220614902
220614930
220614944
220614985
220614987
220614992
220615094
220615105
220615110
220615165
220615173
220615174
220615176
220615204
220615208
220615234
220615235
220615258
220615302
220615310
220615317
220615332
220615365
220615371
220615388
220615395
220615401
220615418
220615419
220615421
220615428
220615440
220615445
220615454
220615478
220700024
220700035
220700063
220700067
220700070
220700080
220700101
220700104
220700106
220700107
220700145
220700161
220700169
220700174
220700186
220700189
220700214
220700218
220700262
220700268
220700297
220700314
220700342
220700432
220700460
220700462
220700472
220700508
220700511
220700533
220700561
220700564
220700570
220700580
220700590
220700598
220700603
220700609
220700625
220700654
220700665
220700681
220700720
220700725
220700772
220700791
220700796
220700805
220700813
220700835
220700846
220700851
220700901
220700925
220700940
220700953
220701077
220701122
220701157
220701211
220701238
220701268
220701316
220701321
220701325
220701360
220701367
220701397
220701427
220701433
220701451
220701466
220701481
220701494
220701501
220701515
220701576
220701601
220701628
220701652
220701660
220701705
220701756
220701769
220701771
220701772
220701774
220701786
220701801
220701828
220701839
220701842
220701843
220701855
220701870
220701905
220701910
220701912
220701930
220701931
220701936
220701946
220701981
220702032
220702044
220702058
220702061
220702081
220702083
220702084
220702089
220702146
220702191
220702230
220702237
220702246
220702282
220702290
220702328
220702331
220702337
220702395
220702404
220702417
220702431
220702480
220702528
220702599
220702619
220702648
220702658
220702679
220702742
220702746
220702753
220702761
220702801
220702808
220702813
220702827
220702831
220702857
220702867
220702868
220702873
220702891
220702900
220702904
220702914
220702938
220702976
220703014
220703018
220703026
220703055
220703076
220703142
220703161
220703189
220703258
220703278
220703301
220703318
220703329
220703344
220703355
220703377
220703390
220703413
220703421
220703459
220703469
220703494
220703504
220703516
220703519
220703532
220703552
220703612
220703615
220703620
220703647
220703668
220703679
220703695
220703720
220703734
220703782
220703814
220703837
220703850
220703866
220703872
220703873
220703951
220703974
220703980
220704242
220704254
220704265
220704271
220704280
220704289
220704300
220704316
220704320
220704357
220704371
220704410
220704440
220704465
220704473
220704474
220704477
220704501
220704520
220704544
220704563
220704576
220704660
220704669
220704673
220704714
220704735
220704745
220704773
220704790
220704797
220704812
220704822
220704826
220704845
220704846
220704867
220704903
220704915
220704928
220704976
220704989
220705022
220705042
220705059
220705069
220705083
220705117
220705131
220705132
220705145
220705194
220705207
220705275
220705319
220705321
220705345
220705359
220705378
220705414
220705417
220705423
220705447
220705448
220705449
220705459
220705473
220705494
220705496
220705512
220705516
220705536
220705595
220705600
220705653
220705658
220705667
220705674
220705675
220705722
220705730
220705732
220705762
220705792
220705822
220705826
220705844
220705852
220705853
220705877
220705898
220705911
220705929
220705937
220705956
220705959
220705966
220706007
220706012
220706032
220706034
220706046
220706051
220706058
220706073
220706161
220706168
220706183
220706201
220706206
220706218
220706236
220706239
220706254
220706312
220706316
220706349
220706362
220706377
220706399
220706454
220706458
220706467
220706477
220706527
220706528
220706534
220706537
220706541
220706606
220706622
220706665
220706699
220706732
220706747
220706782
220706799
220706802
220706820
220706830
220706853
220706856
220706869
220706914
220706916
220706934
220706937
220706939
220706951
220706962
220706971
220707024
220707115
220707119
220707124
220707152
220707169
220707178
220707195
220707228
220707249
220707258
220707305
220707319
220707337
220707348
220707384
220707397
220707409
220707420
220707421
220707425
220707450
220707451
220707462
220707471
220707482
220707500
220707524
220707529
220707551
220707568
220707578
220707584
220707620
220707644
220707673
220707684
220707695
220707735
220707769
220707770
220707777
220707815
220707834
220707841
220707870
220707876
220707881
220707889
220707917
220707958
220707982
220708005
220708031
220708069
220708080
220708125
220708129
220708159
220708178
220708183
220708211
220708219
220708251
220708294
220708301
220708304
220708307
220708352
220708395
220708445
220708464
220708472
220708521
220708550
220708555
220708559
220708573
220708614
220708640
220708644
220708647
220708655
220708661
220708686
220708689
220708729
220708744
220708808
220708821
220708845
220708885
220708895
220708915
220708922
220708938
220708939
220708987
220709010
220709014
220709040
220709080
220709086
220709127
220709172
220709314
220709360
220709389
220709406
220709407
220709433
220709439
220709486
220709491
220709494
220709501
220709511
220709522
220709540
220709563
220709564
220709602
220709609
220709682
220709690
220709697
220709727
220709747
220709757
220709758
220709770
220709822
220709824
220709828
220709837
220709841
220709842
220709853
220709931
220709973
220709984
220710004
220710019
220710022
220710042
220710068
220710074
220710086
220710113
220710119
220710148
220710188
220710194
220710206
220710270
220710311
220710312
220710341
220710359
220710388
220710432
220710457
220710462
220710482
220710489
220710499
220710570
220710617
220710619
220710626
220710627
220710636
220710661
220710689
220710731
220710732
220710742
220710757
220710833
220710837
220710863
220710864
220710883
220710933
220710979
220710994
220710995
220711016
220711058
220711059
220711085
220711106
220711174
220711193
220711197
220711207
220711212
220711223
220711247
220711257
220711258
220711269
220711277
220711310
220711311
220711323
220711332
220711348
220711397
220711440
220711442
220711488
220711508
220711520
220711537
220711575
220711604
220711610
220711633
220711649
220711654
220711674
220711694
220711762
220711862
220711865
220711876
220711885
220711889
220711929
220711957
220711990
220712028
220712036
220712136
220712210
220712253
220712272
220712300
220712312
220712326
220712341
220712374
220712390
220712418
220712419
220712449
220712457
220712489
220712516
220712520
220712524
220712561
220712583
220712585
220712587
220712606
220712610
220712651
220712696
220712715
220712716
220712719
220712721
220712739
220712744
220712758
220712760
220712776
220712786
220712789
220712794
220712804
220712813
220712821
220712836
220712862
220712887
220712948
220712973
220712988
220712992
220713018
220713066
220713085
220713104
220713145
220713171
220713179
220713201
220713207
220713230
220713244
220713269
220713289
220713312
220713333
220713361
220713365
220713375
220713382
220713393
220713432
220713463
220713474
220713481
220713525
220713582
220713585
220713620
220713621
220713629
220713631
220713635
220713642
220713666
220713685
220713704
220713710
220713720
220713729
220713768
220713779
220713786
220713809
220713821
220713831
220713832
220713833
220713848
220713874
220713894
220713906
220713916
220713930
220713934
220713950
220713951
220713955
220713968
220713998
220714020
220714023
220714070
220714075
220714108
220714114
220714122
220714133
220714151
220714190
220714244
220714250
220714268
220714290
220714312
220714319
220714320
220714329
220714331
220714346
220714359
220714365
220714368
220714392
220714408
220714426
220714435
220714462
220714484
220714502
220714531
220714545
220714576
220714599
220714601
220714638
220714652
220714653
220714675
220714709
220714725
220714802
2207_antenor
220800005
220800033
220800047
220800056
220800073
220800095
220800100
220800122
220800125
220800153
220800205
220800211
220800286
220800300
220800311
220800333
220800338
220800396
220800403
220800409
220800414
220800420
220800422
220800443
220800457
220800512
220800515
220800561
220800572
220800576
220800584
220800639
220800642
220800687
220800704
220800717
220800719
220800772
220800778
220800800
220800818
220800819
220800836
220800855
220800869
220800871
220800873
220800905
220800922
220800937
220800938
220800974
220801001
220801010
220801019
220801024
220801036
220801062
220801074
220801078
220801081
220801092
220801130
220801135
220801154
220801217
220801262
220801263
220801273
220801326
220801328
220801353
220801360
220801363
220801382
220801388
220801420
220801440
220801483
220801502
220801532
220801535
220801539
220801544
220801587
220801672
220801710
220801732
220801762
220801768
220801777
220801800
220801826
220801845
220801852
220801878
220801905
220801950
220801956
220801963
220801976
220802006
220802013
220802019
220802029
220802035
220802100
220802110
220802134
220802137
220802165
220802186
220802213
220802246
220802267
220802279
220802304
220802312
220802315
220802356
220802363
220802377
220802406
220802431
220802435
220802439
220802456
220802470
220802515
220802546
220802564
220802598
220802599
220802683
220802698
220802720
220802723
220802781
220802818
220802828
220802871
220802879
220802889
220802890
220802903
220802927
220802949
220802950
220802953
220802967
220802983
220802990
220803003
220803070
220803079
220803096
220803130
220803140
220803159
220803216
220803219
220803252
220803255
220803287
220803294
220803305
220803317
220803337
220803365
220803380
220803500
220803502
220803512
220803524
220803540
220803545
220803582
220803597
220803623
220803710
220803713
220803723
220803729
220803738
220803742
220803753
220803840
220803880
220803889
220803918
220803920
220803921
220803956
220803974
220803991
220803999
220804009
220804013
220804022
220804064
220804161
220804217
220804247
220804252
220804257
220804299
220804333
220804352
220804426
220804446
220804493
220804498
220804502
220804564
220804570
220804600
220804603
220804611
220804634
220804673
220804675
220804732
220804734
220804768
220804784
220804788
220804808
220804820
220804829
220804834
220804841
220804860
220804861
220804883
220804901
220804921
220804934
220804962
220804985
220805010
220805018
220805038
220805039
220805052
220805074
220805083
220805088
220805110
220805147
220805150
220805151
220805225
220805265
220805287
220805290
220805300
220805306
220805325
220805329
220805353
220805383
220805445
220805456
220805470
220805473
220805508
220805514
220805539
220805560
220805605
220805621
220805626
220805667
220805695
220805699
220805702
220805708
220805709
220805726
220805769
220805791
220805867
220805921
220805936
220805943
220805944
220805969
220805975
220805989
220806022
220806033
220806061
220806065
220806083
220806086
220806100
220806115
220806155
220806168
220806183
220806187
220806207
220806220
220806224
220806259
220806272
220806281
220806296
220806317
220806318
220806357
220806418
220806428
220806435
220806437
220806438
220806453
220806500
220806508
220806534
220806544
220806545
220806595
220806609
220806612
220806623
220806657
220806673
220806679
220806682
220806719
220806738
220806775
220806787
220806811
220806830
220806845
220806857
220806891
220806895
220806908
220806916
220806918
220806939
220806951
220806984
220807041
220807056
220807062
220807079
220807099
220807122
220807130
220807132
220807170
220807194
220807224
220807292
220807310
220807315
220807359
220807366
220807391
220807432
220807479
220807484
220807489
220807511
220807517
220807520
220807567
220807595
220807602
220807618
220807630
220807658
220807659
220807710
220807747
220807765
220807770
220807838
220807862
220807878
220807885
220807897
220807920
220807936
220807937
220807941
220807970
220808009
220808014
220808029
220808089
220808092
220808119
220808123
220808145
220808152
220808165
220808167
220808188
220808202
220808224
220808237
220808287
220808295
220808306
220808323
220808338
220808389
220808398
220808420
220808424
220808428
220808434
220808447
220808448
220808461
220808520
220808529
220808532
220808570
220808581
220808594
220808635
220808652
220808666
220808679
220808697
220808706
220808714
220808718
220808731
220808771
220808778
220808792
220808821
220808838
220808849
220808850
220808874
220808880
220808884
220808893
220808901
220808913
220808914
220808929
220808930
220808935
220808987
220808997
220809023
220809051
220809054
220809096
220809122
220809127
220809130
220809139
220809143
220809205
220809266
220809295
220809307
220809310
220809318
220809323
220809338
220809360
220809405
220809416
220809471
220809480
220809490
220809560
220809572
220809577
220809592
220809594
220809605
220809651
220809671
220809688
220809689
220809755
220809821
220809829
220809867
220809902
220809915
220809934
220809935
220809955
220809991
220810047
220810070
220810096
220810104
220810126
220810148
220810154
220810199
220810236
220810299
220810317
220810353
220810371
220810380
220810406
220810412
220810446
220810467
220810478
220810499
220810537
220810539
220810541
220810544
220810585
220810608
220810634
220810639
220810640
220810647
220810712
220810746
220810752
220810755
220810761
220810805
220810835
220810876
220810885
220810970
220810978
220810983
220811023
220811035
220811038
220811049
220811067
220811079
220811105
220811144
220811162
220811178
220811181
220811191
220811207
220811212
220811219
220811249
220811258
220811267
220811302
220811308
220811331
220811350
220811360
220811384
220811385
220811386
220811404
220811406
220811409
220811454
220811501
220811554
220811622
220811640
220811659
220811792
220811816
220811827
220811833
220811858
220811868
220811871
220811878
220811900
220811901
220811908
220811957
220812000
220812034
220812042
220812076
220812080
220812106
220812107
220812114
220812155
220812159
220812169
220812183
220812200
220812217
220812229
220812235
220812241
220812263
220812276
220812326
220812328
220812363
220812371
220812372
220812401
220812404
220812413
220812455
220812475
220812479
220812484
220812485
220812507
220812509
220812525
220812539
220812544
220812558
220812610
220812633
220812635
220812672
220812699
220812730
220812737
220812750
220812765
220812770
220812776
220812789
220812812
220812827
220812832
220812842
220812884
220812907
220812920
220812981
220813017
220813047
220813048
220813049
220813073
220813098
220813135
220813151
220813157
220813165
220813168
220813172
220813209
220813243
220813259
220813277
220813348
220813353
220813362
220813383
220813416
220813460
220813470
220813484
220813487
220813491
220813515
220813541
220813551
220813607
220813618
220813678
220813682
220813715
220813730
220813743
220813753
220813755
220813840
220813850
220813864
220813878
220813922
220813951
220813959
220813960
220813963
220813964
220813977
220813995
220814025
220814034
220814036
220814062
220814086
220814102
220814108
220814141
220814167
220814179
220814200
220814234
220814301
220814304
220814362
220814364
220814411
220814428
220814453
220814454
220814462
220814487
220814511
220814517
220814536
220814547
220814596
220814601
220814605
220814610
220814638
220814652
220814665
220814690
220814708
220814723
220814733
220814760
220814766
220814774
220814780
220814848
220814857
220814879
220814971
220814980
220900029
220900064
220900071
220900074
220900159
220900185
220900195
220900201
220900221
220900239
220900252
220900256
220900271
220900284
220900292
220900327
220900334
220900346
220900350
220900376
220900380
220900428
220900449
220900505
220900510
220900533
220900544
220900556
220900571
220900578
220900591
220900653
220900699
220900718
220900747
220900779
220900829
220900863
220900882
220900905
220900908
220900930
220900933
220900949
220901034
220901048
220901053
220901090
220901123
220901134
220901192
220901199
220901214
220901224
220901262
220901275
220901309
220901324
220901339
220901350
220901458
220901477
220901482
220901488
220901524
220901525
220901558
220901619
220901625
220901643
220901646
220901647
220901668
220901689
220901691
220901713
220901749
220901761
220901767
220901810
220901906
220901938
220901950
220901994
220902035
220902045
220902077
220902084
220902094
220902121
220902123
220902130
220902137
220902143
220902160
220902166
220902253
220902412
220902447
220902460
220902485
220902507
220902514
220902554
220902583
220902601
220902604
220902615
220902618
220902674
220902677
220902684
220902689
220902711
220902722
220902728
220902751
220902768
220902799
220902821
220902845
220902877
220902879
220902908
220902936
220902969
220902978
220902980
220902995
220903002
220903015
220903052
220903073
220903083
220903088
220903109
220903111
220903129
220903157
220903211
220903226
220903228
220903234
220903241
220903317
220903352
220903365
220903382
220903394
220903396
220903417
220903443
220903445
220903446
220903484
220903494
220903501
220903502
220903515
220903517
220903585
220903597
220903603
220903665
220903667
220903751
220903774
220903778
220903797
220903798
220903839
220903843
220903871
220903887
220903894
220903945
220903964
220903984
220904026
220904044
220904083
220904085
220904097
220904114
220904151
220904162
220904194
220904235
220904246
220904270
220904274
220904276
220904305
220904333
220904338
220904342
220904358
220904381
220904390
220904408
220904420
220904421
220904437
220904438
220904485
220904488
220904556
220904568
220904636
220904644
220904645
220904678
220904715
220904737
220904738
220904849
220904872
220904894
220904923
220904956
220904982
220904995
220904996
220905002
220905057
220905107
220905110
220905132
220905172
220905197
220905218
220905235
220905243
220905253
220905276
220905277
220905314
220905322
220905357
220905391
220905428
220905441
220905455
220905476
220905482
220905514
220905535
220905547
220905553
220905584
220905609
220905619
220905626
220905628
220905649
220905724
220905810
220905831
220905834
220905838
220905842
220905924
220905931
220905940
220905949
220905952
220905968
220905975
220906046
220906071
220906158
220906167
220906169
220906185
220906196
220906236
220906249
220906253
220906267
220906281
220906289
220906306
220906329
220906362
220906385
220906408
220906434
220906453
220906459
220906479
220906480
220906499
220906517
220906531
220906553
220906580
220906588
220906594
220906638
220906646
220906666
220906667
220906672
220906674
220906719
220906730
220906752
220906768
220906773
220906778
220906821
220906822
220906829
220906860
220906907
220906948
220906960
220906961
220906965
220906976
220906996
220907021
220907035
220907127
220907170
220907194
220907195
220907206
220907208
220907233
220907259
220907296
220907318
220907326
220907480
220907494
220907502
220907508
220907523
220907555
220907558
220907561
220907625
220907642
220907677
220907733
220907734
220907745
220907762
220907775
220907777
220907788
220907798
220907799
220907808
220907847
220907856
220907869
220907876
220907908
220907935
220907991
220908003
220908018
220908031
220908051
220908052
220908053
220908069
220908089
220908172
220908201
220908260
220908290
220908312
220908315
220908355
220908427
220908433
220908459
220908471
220908478
220908487
220908494
220908513
220908546
220908557
220908609
220908610
220908623
220908658
220908680
220908733
220908772
220908777
220908779
220908783
220908807
220908823
220908842
220908854
220908888
220908924
220908930
220909027
220909029
220909057
220909089
220909104
220909107
220909109
220909117
220909128
220909142
220909154
220909162
220909184
220909237
220909244
220909278
220909329
220909385
220909455
220909463
220909464
220909482
220909498
220909534
220909593
220909607
220909626
220909629
220909715
220909735
220909752
220909756
220909764
220909777
220909790
220909817
220909821
220909848
220909855
220909916
220909987
220909997
220910046
220910048
220910054
220910058
220910078
220910080
220910081
220910112
220910129
220910131
220910163
220910167
220910188
220910197
220910198
220910224
220910233
220910259
220910327
220910352
220910461
220910494
220910509
220910531
220910572
220910597
220910617
220910622
220910644
220910648
220910655
220910663
220910669
220910674
220910712
220910724
220910783
220910801
220910850
220910925
220910927
220910975
220910997
220910998
220911025
220911028
220911051
220911056
220911090
220911118
220911172
220911197
220911213
220911227
220911243
220911266
220911272
220911275
220911295
220911321
220911323
220911334
220911352
220911359
220911363
220911373
220911374
220911376
220911380
220911400
220911413
220911437
220911457
220911462
220911491
220911515
220911524
220911551
220911553
220911557
220911566
220911577
220911588
220911598
220911601
220911602
220911608
220911624
220911640
220911646
220911650
220911692
220911700
220911701
220911708
220911743
220911773
220911777
220911850
220911852
220911853
220911854
220911872
220911897
220911899
220911916
220911940
220912003
220912007
220912013
220912023
220912028
220912115
220912120
220912128
220912158
220912167
220912177
220912284
220912298
220912309
220912355
220912358
220912362
220912388
220912394
220912481
220912486
220912497
220912498
220912615
220912623
220912647
220912651
220912654
220912656
220912682
220912694
220912698
220912728
220912757
220912812
220912816
220912842
220912872
220912900
220912905
220912907
220912911
220912932
220912934
220912958
220912979
220912991
220912996
220913009
220913051
220913064
220913077
220913080
220913094
220913101
220913159
220913280
220913321
220913433
220913434
220913447
220913449
220913456
220913459
220913460
220913495
220913498
220913512
220913521
220913538
220913582
220913620
220913629
220913679
220913685
220913692
220913702
220913720
220913734
220913753
220913767
220913771
220913814
220913829
220913837
220913842
220913875
220913903
220913919
220913930
220913950
220913988
220914002
220914015
220914031
220914055
220914079
220914094
220914113
220914175
220914214
220914228
220914230
220914239
220914260
220914314
220914327
220914337
220914353
220914401
220914421
220914429
220914440
220914454
220914455
220914473
220914482
220914509
220914525
220914526
220914534
220914535
220914579
220914584
220914601
220914616
220914650
220914652
220914659
220914669
220914679
220914683
220914694
220914696
220914713
220914721
220914726
220914731
220914763
220914779
220914790
220914794
220914826
220914880
220914883
220914925
220914942
220914964
220915001
220915008
220915035
220915110
220915126
220915161
220915223
220915236
220915243
220915256
220915318
220915324
220915339
220915349
220915371
220915375
220915379
220915427
220915456
220915466
220915480
220915487
220915497
220915514
220915517
220915562
220915599
220915631
220_(EP)
220_(number)
220_Central_Park_South
220_Volt_(band)
220_album
220_bc
220_field_regiment_india
220_kid
220_meridian
220_mm_tr_mle_19151916
220_more_crochet_stitches_volume_7_(book)
220_stephania
220_timeless_trilogy_1_novel
220_volt_live
220_volts_(book)
220th_battalion_12th_regiment_york_rangers_cef
220th_battalion_australia
220th_brigade_united_kingdom
220th_military_police_brigade
220th_new_jersey_legislature
220th_rifle_division_soviet_union
220th_siege_battery_royal_garrison_artillery
220v0
221000004
221000059
221000061
221000070
221000071
221000073
221000095
221000096
221000097
221000147
221000153
221000173
221000220
221000236
221000274
221000301
221000307
221000330
221000341
221000343
221000370
221000383
221000461
221000510
221000514
221000550
221000564
221000600
221000614
221000657
221000675
221000688
221000713
221000787
221000794
221000808
221000813
221000823
221000872
221000914
221000920
221000927
221000931
221000945
221000948
221000958
221000960
221000963
221000999
221001012
221001021
221001044
221001075
221001090
221001105
221001142
221001148
221001167
221001203
221001213
221001228
221001238
221001257
221001300
221001303
221001327
221001333
221001350
221001382
221001383
221001446
221001463
221001481
221001519
221001528
221001529
221001533
221001541
221001567
221001622
221001675
221001714
221001740
221001743
221001761
221001773
221001776
221001780
221001791
221001793
221001811
221001849
221001852
221001864
221001949
221001970
221002000
221002029
221002071
221002073
221002124
221002139
221002143
221002155
221002164
221002171
221002182
221002202
221002223
221002255
221002267
221002305
221002365
221002379
221002390
221002410
221002469
221002561
221002592
221002625
221002631
221002633
221002644
221002646
221002678
221002710
221002724
221002737
221002745
221002750
221002757
221002783
221002793
221002798
221002822
221002863
221002877
221002890
221002897
221002921
221002986
221002989
221003000
221003005
221003019
221003031
221003039
221003044
221003061
221003091
221003102
221003108
221003128
221003131
221003136
221003160
221003183
221003194
221003237
221003243
221003257
221003329
221003381
221003405
221003477
221003493
221003498
221003512
221003606
221003628
221003666
221003673
221003681
221003698
221003736
221003752
221003770
221003803
221003806
221003811
221003822
221003833
221003856
221003875
221003893
221003905
221003951
221003956
221003958
221003983
221004010
221004013
221004059
221004065
221004067
221004109
221004112
221004118
221004144
221004189
221004235
221004252
221004308
221004317
221004343
221004365
221004388
221004417
221004431
221004446
221004504
221004506
221004508
221004521
221004572
221004625
221004672
221004685
221004702
221004717
221004758
221004771
221004772
221004773
221004778
221004780
221004803
221004839
221004846
221004855
221004873
221004903
221004905
221004939
221004941
221004968
221004971
221004972
221005003
221005007
221005014
221005019
221005048
221005065
221005066
221005071
221005080
221005095
221005122
221005208
221005219
221005221
221005246
221005270
221005297
221005313
221005338
221005348
221005357
221005374
221005391
221005392
221005400
221005431
221005462
221005469
221005493
221005499
221005506
221005515
221005524
221005564
221005566
221005567
221005591
221005600
221005623
221005631
221005728
221005752
221005794
221005804
221005808
221005825
221005837
221005898
221005956
221005965
221006004
221006023
221006043
221006057
221006083
221006102
221006127
221006146
221006171
221006181
221006198
221006217
221006233
221006250
221006279
221006287
221006316
221006359
221006374
221006380
221006386
221006425
221006435
221006453
221006458
221006463
221006507
221006598
221006613
221006615
221006619
221006631
221006706
221006736
221006740
221006749
221006771
221006783
221006817
221006833
221006846
221006899
221006914
221006922
221006929
221007018
221007080
221007084
221007088
221007103
221007132
221007152
221007193
221007235
221007250
221007261
221007273
221007300
221007305
221007323
221007338
221007368
221007386
221007416
221007426
221007453
221007465
221007474
221007481
221007524
221007525
221007526
221007533
221007548
221007618
221007634
221007645
221007659
221007676
221007677
221007698
221007738
221007797
221007812
221007826
221007827
221007844
221007859
221007877
221007898
221007945
221007949
221007992
221008010
221008046
221008084
221008085
221008135
221008143
221008151
221008154
221008191
221008221
221008245
221008285
221008299
221008387
221008389
221008431
221008434
221008456
221008458
221008492
221008498
221008516
221008518
221008528
221008533
221008555
221008564
221008615
221008630
221008653
221008654
221008671
221008672
221008673
221008685
221008704
221008739
221008749
221008757
221008820
221008821
221008823
221008824
221008847
221008849
221008867
221008890
221008892
221008897
221008898
221008912
221008917
221009001
221009039
221009061
221009075
221009095
221009104
221009111
221009174
221009203
221009234
221009259
221009264
221009272
221009275
221009276
221009277
221009311
221009322
221009350
221009368
221009482
221009513
221009516
221009540
221009573
221009578
221009581
221009591
221009612
221009625
221009629
221009645
221009653
221009665
221009666
221009668
221009672
221009685
221009713
221009735
221009741
221009746
221009784
221009824
221009842
221009882
221009923
221009939
221009983
221010009
221010033
221010046
221010066
221010077
221010091
221010194
221010219
221010222
221010260
221010285
221010325
221010330
221010336
221010337
221010352
221010353
221010357
221010360
221010383
221010404
221010505
221010521
221010548
221010571
221010653
221010658
221010734
221010766
221010773
221010776
221010823
221010846
221010852
221010886
221010898
221010915
221010948
221011069
221011073
221011096
221011099
221011100
221011101
221011119
221011178
221011179
221011193
221011227
221011241
221011288
221011292
221011312
221011347
221011387
221011460
221011465
221011478
221011487
221011505
221011530
221011538
221011558
221011598
221011604
221011619
221011655
221011660
221011737
221011740
221011742
221011785
221011795
221011809
221011829
221011836
221011901
221011955
221011963
221011981
221012001
221012006
221012012
221012014
221012017
221012071
221012086
221012112
221012140
221012153
221012166
221012175
221012184
221012205
221012215
221012248
221012396
221012397
221012405
221012438
221012452
221012476
221012478
221012497
221012502
221012517
221012557
221012566
221012572
221012573
221012579
221012583
221012614
221012624
221012634
221012642
221012680
221012697
221012704
221012718
221012730
221012753
221012755
221012783
221012803
221012805
221012824
221012830
221012879
221012915
221012929
221012962
221012968
221012975
221012981
221012996
221012997
221013002
221013021
221013034
221013048
221013082
221013093
221013114
221013115
221013143
221013156
221013189
221013191
221013196
221013199
221013202
221013224
221013234
221013243
221013246
221013279
221013305
221013317
221013328
221013335
221013339
221013340
221013342
221013358
221013366
221013381
221013412
221013435
221013445
221013466
221013475
221013480
221013501
221013513
221013536
221013542
221013566
221013578
221013604
221013626
221013646
221013694
221013755
221013764
221013791
221013805
221013839
221013863
221013896
221013909
221013930
221013951
221013956
221013998
221014014
221014057
221014101
221014181
221014199
221014204
221014208
221014227
221014240
221014262
221014263
221014267
221014293
221014306
221014312
221014362
221014365
221014544
221014563
221014601
221014634
221014694
221014700
221014707
221014715
221014721
221014766
221014803
221014823
221014890
221014903
221014915
221014928
221014989
221015012
221015040
221015079
221015104
221015113
221015114
221015137
221015158
221015164
221015196
221015212
221015255
221015259
221015260
221015314
221015327
221015374
221015386
221015388
221015401
221015411
221015449
221015458
221015482
221015517
221015533
221015555
221015559
221015600
221015609
221015623
221015639
221015664
221015698
221015769
221015810
221015835
221015850
221015860
221015910
221015918
221015929
221015947
221015951
221015958
221015962
221015972
221015986
221016020
221016051
221016071
221016102
221016121
221016149
221016150
221016176
221016201
221016218
221016244
221016270
221016304
221016314
221016323
221016330
221016344
221016366
221016369
221016373
221016374
221016405
221016431
221016459
221016469
221016473
221016484
221016489
221016548
221016567
221016577
221016588
221016607
221016636
221016647
221016650
221016657
221016660
221016666
221016671
221016682
221016696
221016721
221016736
221016761
221016765
221016774
221016817
221016844
221016884
221016906
221016912
221016981
221017011
221017039
221017041
221017065
221017117
221017128
221017146
221017204
221017239
221017251
221017258
221017277
221017292
221017293
221017309
221017312
221017316
221017350
221017356
221017391
221017401
221017421
221017466
221017527
221017535
221017547
221100002
221100049
221100070
221100080
221100099
221100109
221100118
221100127
221100157
221100158
221100161
221100202
221100246
221100247
221100264
221100279
221100301
221100307
221100309
221100321
221100335
221100339
221100349
221100441
221100451
221100499
221100509
221100589
221100604
221100609
221100651
221100659
221100677
221100705
221100728
221100771
221100774
221100784
221100861
221100871
221100921
221100973
221101001
221101003
221101006
221101056
221101068
221101104
221101170
221101178
221101203
221101213
221101228
221101248
221101336
221101342
221101344
221101397
221101402
221101456
221101480
221101492
221101503
221101506
221101516
221101523
221101527
221101548
221101562
221101588
221101590
221101602
221101605
221101627
221101644
221101646
221101651
221101654
221101659
221101661
221101675
221101679
221101705
221101718
221101725
221101730
221101755
221101768
221101793
221101826
221101871
221101878
221101891
221101903
221101937
221101949
221101961
221102000
221102008
221102021
221102026
221102048
221102068
221102147
221102183
221102209
221102210
221102215
221102244
221102319
221102332
221102370
221102375
221102385
221102398
221102423
221102432
221102460
221102473
221102486
221102501
221102510
221102527
221102572
221102585
221102630
221102637
221102640
221102660
221102715
221102735
221102746
221102755
221102765
221102794
221102824
221102826
221102830
221102854
221102883
221102890
221102903
221102915
221102921
221102929
221102931
221102956
221102971
221103006
221103011
221103042
221103053
221103090
221103109
221103181
221103193
221103223
221103246
221103248
221103283
221103288
221103318
221103363
221103374
221103384
221103403
221103408
221103507
221103547
221103590
221103604
221103621
221103630
221103635
221103639
221103662
221103687
221103704
221103738
221103756
221103804
221103818
221103862
221103893
221103953
221103964
221103983
221103984
221104018
221104079
221104112
221104114
221104119
221104125
221104176
221104210
221104228
221104235
221104290
221104302
221104306
221104312
221104345
221104347
221104354
221104380
221104390
221104410
221104428
221104453
221104457
221104466
221104487
221104606
221104639
221104641
221104661
221104685
221104711
221104715
221104720
221104728
221104739
221104750
221104783
221104785
221104804
221104810
221104823
221104840
221104859
221104869
221104884
221104910
221104938
221104957
221104989
221104993
221105020
221105050
221105054
221105070
221105222
221105250
221105258
221105271
221105274
221105337
221105338
221105343
221105347
221105355
221105390
221105403
221105404
221105420
221105442
221105450
221105465
221105481
221105502
221105509
221105519
221105522
221105541
221105576
221105578
221105594
221105599
221105618
221105620
221105638
221105673
221105687
221105724
221105753
221105783
221105785
221105789
221105793
221105806
221105850
221105873
221105877
221105884
221105894
221105911
221105947
221105955
221105959
221105983
221105984
221106012
221106032
221106045
221106047
221106100
221106132
221106157
221106194
221106198
221106250
221106266
221106310
221106332
221106399
221106411
221106464
221106485
221106497
221106513
221106534
221106604
221106608
221106648
221106660
221106690
221106702
221106715
221106722
221106724
221106806
221106808
221106815
221106824
221106838
221106895
221106903
221106930
221106949
221106951
221106962
221106968
221106984
221107131
221107136
221107140
221107224
221107226
221107227
221107259
221107268
221107311
221107313
221107332
221107363
221107378
221107380
221107385
221107406
221107413
221107418
221107459
221107483
221107500
221107506
221107510
221107519
221107565
221107581
221107587
221107612
221107628
221107645
221107651
221107652
221107675
221107681
221107711
221107717
221107732
221107755
221107793
221107796
221107807
221107830
221107841
221107877
221107898
221107912
221107924
221107947
221107971
221107998
221108049
221108105
221108115
221108137
221108139
221108182
221108317
221108380
221108386
221108410
221108430
221108436
221108463
221108522
221108559
221108568
221108583
221108586
221108611
221108652
221108707
221108760
221108784
221108832
221108835
221108846
221108886
221108893
221108903
221108909
221108929
221108936
221108957
221108966
221108974
221108992
221109017
221109057
221109063
221109082
221109083
221109087
221109115
221109153
221109181
221109203
221109224
221109259
221109295
221109299
221109311
221109378
221109385
221109388
221109403
221109418
221109421
221109460
221109492
221109538
221109545
221109557
221109576
221109592
221109593
221109599
221109659
221109663
221109679
221109726
221109727
221109743
221109761
221109762
221109774
221109801
221109807
221109864
221109955
221109975
221110001
221110008
221110023
221110027
221110047
221110076
221110083
221110094
221110127
221110143
221110160
221110165
221110166
221110178
221110199
221110232
221110253
221110259
221110302
221110316
221110350
221110367
221110374
221110387
221110388
221110390
221110394
221110430
221110523
221110534
221110559
221110579
221110597
221110601
221110604
221110614
221110633
221110653
221110655
221110671
221110674
221110683
221110691
221110694
221110739
221110742
221110747
221110773
221110804
221110814
221110824
221110861
221110931
221110943
221110990
221110993
221111040
221111054
221111159
221111195
221111201
221111216
221111256
221111263
221111317
221111321
221111329
221111353
221111358
221111368
221111373
221111378
221111385
221111388
221111401
221111406
221111414
221111417
221111432
221111434
221111438
221111448
221111461
221111523
221111546
221111577
221111582
221111612
221111640
221111651
221111659
221111671
221111719
221111734
221111752
221111773
221111781
221111785
221111788
221111796
221111802
221111852
221111909
221111910
221111950
221111974
221112024
221112045
221112053
221112071
221112105
221112131
221112133
221112152
221112171
221112226
221112273
221112293
221112301
221112309
221112346
221112347
221112350
221112358
221112373
221112400
221112412
221112416
221112425
221112461
221112463
221112512
221112515
221112520
221112532
221112574
221112575
221112606
221112613
221112620
221112638
221112643
221112649
221112667
221112676
221112686
221112718
221112739
221112799
221112801
221112813
221112824
221112826
221112871
221112876
221112945
221112970
221112990
221112993
221113021
221113029
221113037
221113059
221113073
221113083
221113086
221113097
221113125
221113134
221113154
221113155
221113168
221113172
221113229
221113241
221113276
221113291
221113319
221113351
221113356
221113374
221113406
221113411
221113438
221113442
221113457
221113461
221113478
221113486
221113489
221113520
221113545
221113605
221113631
221113636
221113663
221113670
221113711
221113724
221113757
221113770
221113814
221113837
221113847
221113868
221113869
221113904
221113920
221113927
221113931
221113978
221113987
221113988
221114012
221114021
221114032
221114060
221114097
221114142
221114160
221114251
221114252
221114265
221114342
221114370
221114371
221114410
221114462
221114463
221114479
221114484
221114507
221114520
221114539
221114581
221114586
221114621
221114631
221114635
221114647
221114660
221114723
221114738
221114780
221114809
221114827
221114836
221114841
221114880
221114896
221114911
221114966
221114987
221114994
221115053
221115057
221115060
221115067
221115086
221115087
221115103
221115112
221115124
221115142
221115149
221115176
221115192
221115206
221115222
221115253
221115300
221115328
221115334
221115340
221115385
221115425
221115426
221115440
221115470
221115489
221115503
221115514
221115552
221115555
221115565
221115600
221115623
221115650
221115665
221115668
221115676
221115703
221115707
221115722
221115729
221115746
221115748
221115782
221115798
221115825
221115828
221115840
221115867
221115919
221115920
221115933
221115939
221115949
221115970
221115983
221116001
221116032
221116036
221116056
221116060
221116066
221116074
221116105
221116209
221116227
221116234
221116262
221116288
221116302
221116313
221116336
221116337
221116363
221116400
221116413
221116435
221116438
221116441
221116455
221116477
221116483
221116519
221116568
221116597
221116643
221116698
221116707
221116720
221116742
221116769
221116801
221116843
221116859
221116869
221116890
221116903
221116916
221117004
221117059
221117131
221117133
221117138
221117165
221117192
221117218
221200001
221200062
221200063
221200101
221200108
221200146
221200178
221200196
221200203
221200205
221200229
221200232
221200250
221200267
221200278
221200289
221200321
221200323
221200344
221200357
221200374
221200451
221200458
221200464
221200473
221200493
221200501
221200510
221200521
221200529
221200547
221200619
221200650
221200702
221200718
221200722
221200753
221200761
221200775
221200801
221200804
221200805
221200819
221200820
221200824
221200848
221200878
221200911
221200941
221200955
221200972
221200982
221200997
221201007
221201070
221201088
221201110
221201122
221201173
221201187
221201213
221201215
221201219
221201265
221201284
221201290
221201310
221201327
221201352
221201372
221201378
221201410
221201415
221201427
221201455
221201463
221201482
221201492
221201507
221201521
221201534
221201536
221201604
221201624
221201631
221201633
221201634
221201665
221201685
221201723
221201742
221201749
221201756
221201757
221201792
221201914
221201987
221202014
221202027
221202075
221202078
221202087
221202110
221202117
221202123
221202125
221202130
221202134
221202169
221202208
221202222
221202321
221202327
221202333
221202344
221202358
221202404
221202409
221202411
221202438
221202459
221202476
221202498
221202529
221202551
221202569
221202578
221202585
221202650
221202670
221202697
221202709
221202713
221202753
221202754
221202768
221202868
221202885
221202931
221202940
221202952
221202977
221203002
221203016
221203040
221203087
221203103
221203130
221203155
221203168
221203188
221203241
221203242
221203259
221203288
221203289
221203293
221203317
221203326
221203340
221203357
221203380
221203410
221203439
221203441
221203459
221203521
221203524
221203536
221203647
221203655
221203690
221203719
221203731
221203767
221203791
221203793
221203794
221203796
221203819
221203824
221203843
221203863
221203873
221203883
221203896
221203914
221203923
221203936
221204045
221204080
221204094
221204109
221204114
221204176
221204177
221204190
221204210
221204217
221204221
221204227
221204246
221204265
221204276
221204300
221204314
221204347
221204355
221204376
221204379
221204383
221204385
221204429
221204476
221204503
221204506
221204512
221204551
221204554
221204571
221204608
221204634
221204635
221204664
221204674
221204705
221204715
221204732
221204734
221204737
221204786
221204801
221204819
221204844
221204885
221204930
221204948
221204984
221205037
221205042
221205055
221205120
221205184
221205190
221205260
221205287
221205288
221205289
221205363
221205408
221205444
221205473
221205500
221205503
221205551
221205574
221205580
221205606
221205618
221205633
221205672
221205695
221205706
221205720
221205735
221205751
221205757
221205762
221205785
221205796
221205842
221205859
221205868
221205878
221205913
221205915
221205919
221205921
221205941
221205949
221205952
221205962
221205964
221205967
221205984
221206033
221206062
221206064
221206083
221206093
221206109
221206113
221206121
221206133
221206199
221206211
221206217
221206218
221206222
221206236
221206238
221206299
221206302
221206309
221206319
221206348
221206355
221206370
221206398
221206403
221206448
221206454
221206501
221206590
221206599
221206603
221206610
221206618
221206657
221206662
221206704
221206708
221206723
221206727
221206732
221206742
221206759
221206761
221206770
221206790
221206792
221206796
221206812
221206824
221206834
221206862
221206887
221206932
221206966
221206967
221206977
221207007
221207008
221207012
221207030
221207048
221207060
221207147
221207153
221207158
221207161
221207165
221207185
221207194
221207209
221207210
221207222
221207262
221207273
221207274
221207291
221207305
221207312
221207335
221207348
221207460
221207464
221207468
221207493
221207521
221207575
221207585
221207601
221207618
221207638
221207645
221207699
221207739
221207774
221207798
221207805
221207847
221207898
221207902
221207911
221207927
221207949
221207953
221207958
221207962
221207966
221207967
221207969
221207984
221208003
221208086
221208138
221208188
221208194
221208235
221208326
221208328
221208352
221208373
221208379
221208408
221208427
221208435
221208443
221208461
221208499
221208528
221208534
221208555
221208556
221208574
221208588
221208592
221208597
221208604
221208672
221208687
221208703
221208707
221208716
221208730
221208774
221208780
221208785
221208835
221208847
221208881
221208887
221208888
221208930
221208941
221208966
221208987
221209009
221209020
221209051
221209059
221209065
221209107
221209120
221209162
221209216
221209226
221209247
221209253
221209275
221209281
221209295
221209324
221209356
221209369
221209390
221209403
221209447
221209475
221209485
221209490
221209523
221209524
221209525
221209526
221209566
221209640
221209643
221209684
221209698
221209707
221209713
221209727
221209778
221209780
221209781
221209817
221209835
221209845
221209849
221209851
221209887
221209895
221209914
221209949
221209962
221209986
221209994
221210066
221210084
221210096
221210098
221210105
221210173
221210213
221210217
221210219
221210247
221210300
221210339
221210355
221210368
221210374
221210380
221210381
221210391
221210406
221210417
221210480
221210507
221210514
221210523
221210537
221210540
221210549
221210571
221210586
221210588
221210597
221210633
221210657
221210673
221210728
221210762
221210801
221210822
221210862
221210875
221210885
221210930
221210949
221210973
221210979
221210988
221210989
221210992
221210994
221211008
221211021
221211063
221211073
221211086
221211112
221211125
221211148
221211166
221211184
221211198
221211200
221211201
221211212
221211230
221211248
221211258
221211266
221211272
221211275
221211312
221211320
221211369
221211380
221211392
221211399
221211422
221211465
221211523
221211571
221211574
221211588
221211592
221211652
221211668
221211694
221211707
221211742
221211785
221211818
221211823
221211865
221211882
221211901
221211919
221211922
221211937
221211943
221211954
221211976
221211987
221211989
221212016
221212028
221212049
221212075
221212081
221212102
221212104
221212127
221212141
221212154
221212157
221212175
221212208
221212211
221212228
221212272
221212306
221212312
221212313
221212324
221212335
221212351
221212354
221212396
221212419
221212427
221212483
221212504
221212533
221212538
221212539
221212545
221212558
221212611
221212614
221212659
221212675
221212691
221212726
221212748
221212751
221212763
221212802
221212805
221212817
221212819
221212828
221212830
221212845
221212848
221212890
221212914
221212923
221212943
221212975
221212977
221213007
221213024
221213035
221213058
221213059
221213072
221213133
221213159
221213166
221213178
221213182
221213196
221213208
221213210
221213249
221213259
221213295
221213305
221213307
221213330
221213374
221213384
221213385
221213394
221213403
221213406
221213409
221213437
221213489
221213490
221213538
221213540
221213570
221213665
221213667
221213671
221213673
221213739
221213750
221213751
221213763
221213767
221213800
221213861
221213862
221213867
221213913
221213942
221213985
221214005
221214012
221214036
221214043
221214052
221214074
221214091
221214116
221214151
221214153
221214223
221214258
221214260
221214270
221214279
221214294
221214319
221214325
221214333
221214336
221214350
221214362
221214376
221214458
221214568
221214587
221214638
221214710
221214732
221214740
221214748
221214778
221214779
221214793
221214809
221214855
221214858
221214863
2212_hephaistos
22149_cinyras
221628_hyatt
2219_aluminium_alloy
221B_Baker_Street
221_(number)
221_bc
221_eos
221b_baker_street_(book)
221b_baker_street_board_game
221b_baker_street_video_game
221st_battalion_australia
221st_battalion_cef
221st_cavalry_regiment
221st_coastal_division_italy
221st_combat_communications_squadron
221st_independent_infantry_brigade_home
221st_military_intelligence_battalion
221st_military_police_brigade_united_states
221st_mixed_brigade
221st_mixed_brigade_spain
221st_new_jersey_legislature
221st_security_division
221st_separate_communications_brigade
221st_street_station
222
2222_(book)
2222_percipience_2_(book)
2225_n_street_apartment_building
2228_soyuz_apollo
222_(album)
222_(number)
222_2008_film
222_2017_film
222_Records
222_a_ghost_story
222_bc
222_building
222_exhibition_street_tac_house
222_jarvis_street
222_live_uncut
222_lucia
222_main
222_propellane
222_second_street
222_squadron_pn
222_trichloroethoxycarbonyl_chloride
222d_command_and_control_squadron
222nd_Infantry_Brigade_(United_Kingdom)
222nd_battalion_australia
222nd_battalion_cef
222nd_broadcast_operations_detachment
222nd_coastal_division_italy
222nd_mixed_brigade
222nd_rifle_division
223's
2233_tetrafluoropropyl_trifluoromethyl_ether
2233_tetramethylsuccinic_acid
223_(number)
223_Remington
223_Rosa
223_bc
223_main_street
223_robert_street
223_series
223rd_anti_aircraft_missile_regiment_ukraine
223rd_battalion_australia
223rd_battalion_canadian_scandinavians_cef
223rd_brigade_united_kingdom
223rd_coastal_division_italy
223rd_cyberspace_operations_squadron
223rd_infantry_regiment_united_states
223rd_mixed_brigade_spain
223rd_rifle_division
2244_tesla
2244_tetramethyl_13_cyclobutanediol
2246_bowell
224_(number)
224_bc
224_medium_regiment_india
224_oceana
224_signal_squadron_united_kingdom
224_west_57th_street
224th_aviation_regiment_united_states
224th_battalion_australia
224th_brigade_united_kingdom
224th_center_for_electronic_action
224th_infantry_regiment_united_states
224th_joint_communications_support_squadron
224th_mixed_brigade_spain
224th_parachute_field_ambulance
224th_rifle_division
2253_espinette
2255_tetramethyltetrahydrofuran
22577_alfiuccio
225_(number)
225_Liberty_Street
225_bc
225_broadway_san_diego
225_bush_street
225_cm_minenwerfer_m_15
225_henrietta
225_inch_sub_caliber_aircraft_rocket
225_park_avenue_south
225_series
225ac_psma_617
225ac_psma_r2
225th_anti_aircraft_missile_regiment_ukraine
225th_battalion_australia
225th_brigade_support_battalion
225th_brigade_united_kingdom
225th_coastal_division_italy
225th_combat_communications_squadron
225th_engineer_brigade_united_states
225th_infantry_division_wehrmacht
225th_kootenay_battalion_cef
225th_mixed_brigade_spain
225th_parachute_field_ambulance
225th_rifle_division
225th_separate_assault_battalion_ukraine
225th_street_station
2260_neoptolemus
226_BC_Rhodes_earthquake
226_bc
226_number
226_weringia
226th_battalion_men_of_the_north_cef
226th_coastal_division_italy
226th_combat_communications_group
226th_infantry_brigade_united_kingdom
226th_infantry_division
226th_maneuver_enhancement_brigade
226th_mixed_brigade_spain
226th_paratroopers_brigade_israel
226th_rifle_division
226th_zemlyansky_infantry_regiment
22740_rayleigh
227_(TV_series)
227_east_walton_place_apartment_building
227_number
227_philosophia
227th_artillery_brigade_russia
227th_aviation_regiment_united_states
227th_battalion_australia
227th_coastal_division_italy
227th_infantry_brigade_united_kingdom
227th_infantry_division
227th_mixed_brigade_spain
227th_rifle_division
2285_ron_helin
22899_alconrad
228_(number)
228_Peace_Memorial_Park
228_agathe
228_bc
228_hand_in_hand_rally
228th_aviation_regiment_united_states
228th_combat_communications_squadron
228th_edinburgh_heavy_anti_aircraft_battery_royal_artillery
228th_infantry_brigade_united_kingdom
228th_infantry_division
228th_infantry_regiment_united_states
228th_mixed_brigade
228th_rifle_division
228th_theater_tactical_signal_brigade
2296_kugultinov
229762_Gǃkúnǁʼhòmdímà
229_(number)
229_2299_girls_against_shit
229_West_43rd_Street
229_adelinda
229_bc
229th_Aviation_Regiment_(United_States)
229th_battalion_australia
229th_brigade_united_kingdom
229th_engineer_battalion_united_states
229th_infantry_regiment_imperial_japanese_army
229th_rifle_division
229th_south_saskatchewan_battalion_cef
22@
22Gz
22_(Taylor_Swift_song)
22_(album)
22_(book)
22_(number)
22_07_to_radcliffe_(book)
22_20s_album
22_23_(book)
22_Bishopsgate
22_Bullets
22_Dreams
22_Female_Kottayam
22_Gia_Long_Street
22_July_(film)
22_Jump_Street
22_Pushup_Challenge
22_Short_Films_About_Springfield
22_Under_22_team
22_Yards
22_album
22_and_50_poems_(book)
22_and_single_a_coming_of_age_storyin_progress_(book)
22_and_single_a_coming_of_age_storyin_progress_memoir
22_aquilae
22_august_2015_kabul_suicide_bombing
22_aurigae
22_bc
22_camelopardalis
22_cygni
22_december_2013_south_thailand_bombings
22_di_2_furylpropane
22_dichloro_111_trifluoroethane
22_dichloropropionic_acid
22_diethoxytetrahydrofuran
22_dimethoxy_2_phenylacetophenone
22_dimethyl_1_butanol
22_diphenylpropylamine
22_division_sri_lanka
22_engineer_regiment_united_kingdom
22_equal_temperament
22_fillmore
22_for_30
22_golden_guitar_greats
22_grand_job
22_histoires_de_sexe_et_dhorreur_(book)
22_huerfanos_(book)
22_indigo_place_(book)
22_january_1971_surgut_aeroflot_antonov_an_12_crash
22_january_2007_baghdad_bombings
22_july_1943_athens_protest
22_july_2019_mogadishu_bombing
22_july_2024_khan_yunis_attack
22_july_centre
22_july_circle
22_jump_street_soundtrack
22_june_1897
22_kalliope
22_lily_allen_song
22_long_rifle
22_march_2024_russian_strikes_on_ukraine
22_may_stadium
22_medium_regiment_india
22_mm_grenade
22_more_hits
22_more_quick_shivers_from_dailynightmarecom
22_more_quick_shivers_from_dailynightmarecom_(book)
22_murders
22_nights_emperors_brides_2_(book)
22_nm_process
22_orionis
22_park_circus_glasgow
22_parkside
22_pistepirkko
22_poems_you_should_read_about_love_and_life_poetry_collection
22_point_regulation
22_r_hydroxycholesterol
22_road
22_sarah_mcternan_song
22_scorpii
22_solomon_street
22_squadron_saaf
22_tauri
22_things_a_woman_must_know_if_she_loves_a_man_with_aspergers_syndrome_(book)
22_tv_channel
22_vs._Earth
22_walks_in_bangkok_exploring_the_citys_historic_back_lanes_and_byways_(book)
22_weymouth_street
22_wing_band
22_york_street_sydney
22cans
22d_aeromedical_evacuation_squadron
22d_air_defense_missile_squadron
22h2
22nd_AARP_Movies_for_Grownups_Awards
22nd_AVN_Awards
22nd_Academy_Awards
22nd_Air_Landing_Division
22nd_Annual_Grammy_Awards
22nd_Annual_Latin_Grammy_Awards
22nd_Anti-Tank_Artillery_Brigade_concise
22nd_Army_Corps_(Russian_Federation)
22nd_Congress_of_the_Communist_Party_of_the_Soviet_Union
22nd_Critics'_Choice_Awards
22nd_Golden_Raspberry_Awards
22nd_Guards_Heavy_Bomber_Aviation_Division
22nd_Gulf_Cup
22nd_IIFA_Awards
22nd_Infantry_Regiment_(United_States)
22nd_Kom_Chad_Luek_Awards
22nd_Marine_Expeditionary_Unit
22nd_Marine_Regiment
22nd_Mechanized_Brigade_(Ukraine)
22nd_Screen_Actors_Guild_Awards
22nd_Special_Tactics_Squadron
22nd_World_Scout_Jamboree
22nd_actors_and_actresses_union_awards
22nd_air_base
22nd_airlift_squadron
22nd_alabama_infantry_regiment
22nd_alberta_legislature
22nd_ankara_international_film_festival
22nd_annie_awards
22nd_annual_dice_awards
22nd_annual_south_african_music_awards
22nd_anti_tank_regiment_australia
22nd_arabian_gulf_cup
22nd_arabian_gulf_cup_squads
22nd_arizona_state_legislature
22nd_arizona_territorial_legislature
22nd_arkansas_infantry_regiment
22nd_armoured_brigade_united_kingdom
22nd_army_soviet_union
22nd_attack_squadron
22nd_awit_awards
22nd_bachsas_awards
22nd_battalion_australia
22nd_battalion_french_canadian_cef
22nd_berlin_international_film_festival
22nd_breakthrough_artillery_division
22nd_brigade_australia
22nd_brigade_united_kingdom
22nd_buil_film_awards
22nd_busan_international_film_festival
22nd_canadian_film_awards
22nd_canadian_ministry
22nd_canadian_parliament
22nd_cavalry_division_united_states
22nd_century_BC
22nd_century_band
22nd_century_lifestyle
22nd_chemical_battalion_united_states
22nd_chess_olympiad
22nd_commando_regiment_malaysia
22nd_commando_squadron_australia
22nd_connecticut_infantry_regiment
22nd_continental_regiment
22nd_costume_designers_guild_awards
22nd_crash_rescue_boat_squadron
22nd_delaware_general_assembly
22nd_directors_guild_of_america_awards
22nd_division_german_empire
22nd_division_imperial_japanese_army
22nd_division_south_vietnam
22nd_division_spain
22nd_division_united_kingdom
22nd_division_yugoslav_partisans
22nd_dragoons
22nd_empire_awards
22nd_european_film_awards
22nd_expeditionary_air_refueling_squadron
22nd_fap_awards
22nd_federal_electoral_district_of_mexico_city
22nd_federal_electoral_district_of_the_state_of_mexico
22nd_federal_electoral_district_of_veracruz
22nd_field_artillery_regiment
22nd_field_regiment_australia
22nd_field_regiment_royal_australian_artillery
22nd_fighter_squadron
22nd_filmfare_awards
22nd_filmfare_awards_south
22nd_fleet_air_squadron_jmsdf
22nd_foreign_diplomatic_missions_protection_brigade_ukraine
22nd_g7_summit
22nd_game_developers_choice_awards
22nd_general_assembly_of_newfoundland
22nd_general_assembly_of_nova_scotia
22nd_general_assembly_of_prince_edward_island
22nd_genie_awards
22nd_golden_disc_awards
22nd_golden_eagle_awards
22nd_golden_horse_awards
22nd_golden_melody_awards
22nd_government_of_turkey
22nd_goya_awards
22nd_grey_cup
22nd_guam_legislature
22nd_guards_brigade
22nd_guards_combined_arms_army
22nd_guards_rifle_division
22nd_guards_tank_division
22nd_guldbagge_awards
22nd_hawaii_territorial_legislature
22nd_hollywood_film_awards
22nd_huading_awards
22nd_illinois_infantry_regiment
22nd_independent_battery_indiana_light_artillery
22nd_independent_spirit_awards
22nd_indian_infantry_brigade
22nd_indiana_infantry_regiment
22nd_infantry_division_france
22nd_infantry_division_philippines
22nd_infantry_division_russian_empire
22nd_intelligence_squadron
22nd_international_emmy_awards
22nd_iowa_infantry_regiment
22nd_iris_uruguay_awards
22nd_japan_film_professional_awards
22nd_kansas_militia_infantry_regiment
22nd_kentucky_infantry_regiment
22nd_landwehr_division_german_empire
22nd_locarno_film_festival
22nd_louisiana_infantry_regiment
22nd_machine_gun_battalion_australia
22nd_manitoba_legislature
22nd_marching_regiment_of_foreign_volunteers
22nd_marine_infantry_regiment
22nd_massachusetts_infantry_regiment
22nd_missile_brigade
22nd_missile_vessel_squadron
22nd_mississippi_infantry_regiment
22nd_moscow_international_film_festival
22nd_motor_rifle_division_nkvd
22nd_mountain_infantry_division_poland
22nd_national_film_awards
22nd_national_geographic_bee
22nd_national_hockey_league_all_star_game
22nd_national_television_awards
22nd_new_brunswick_legislature
22nd_new_york_cavalry_regiment
22nd_new_york_state_legislature
22nd_new_zealand_parliament
22nd_of_may_film
22nd_ohio_independent_light_artillery_battery
22nd_ohio_infantry_regiment
22nd_oklahoma_legislature
22nd_panzer_division
22nd_parliament_of_british_columbia
22nd_parliament_of_ontario
22nd_parliament_of_turkey
22nd_peacekeeping_battalion_moldova
22nd_pennsylvania_cavalry_regiment
22nd_pennsylvania_infantry_regiment
22nd_photographic_reconnaissance_squadron
22nd_pioneer_battalion_australia
22nd_pmpc_star_awards_for_television
22nd_producers_guild_of_america_awards
22nd_punjabis
22nd_quebec_legislature
22nd_reserve_division_german_empire
22nd_rifle_corps
22nd_santosham_film_awards
22nd_saskatchewan_legislature
22nd_satellite_awards
22nd_saturn_awards
22nd_screen_awards
22nd_scripps_national_spelling_bee
22nd_senate_of_puerto_rico
22nd_shanghai_television_festival
22nd_signal_brigade_united_states
22nd_south_african_parliament
22nd_south_carolina_infantry_regiment
22nd_space_operations_squadron
22nd_ss_police_regiment
22nd_ss_volunteer_cavalry_division
22nd_street_san_francisco
22nd_street_saskatoon
22nd_street_station_caltrain
22nd_street_station_skytrain
22nd_tca_awards
22nd_tennessee_infantry_regiment
22nd_texas_cavalry_regiment
22nd_texas_legislature
22nd_training_squadron
22nd_tvynovelas_awards
22nd_u_boat_flotilla
22nd_united_states_colored_infantry_regiment
22nd_united_states_congress
22nd_utah_territorial_legislature
22nd_vanier_cup
22nd_venice_biennale
22nd_venice_international_film_festival
22nd_vietnam_film_festival
22nd_virginia
22nd_virginia_cavalry_regiment
22nd_virginia_infantry_battalion
22nd_virginia_infantry_regiment
22nd_visual_effects_society_awards
22nd_world_science_fiction_convention
22nd_writers_guild_of_america_awards
22nd_yokohama_film_festival
22nd_yukon_territorial_council
22pkopff
22q112_duplication_syndrome
22q13_deletion_syndrome
22simba
22v0
22°_halo
23-Dichlorobutane
23-centimeter_band
23-class_airship
2300_AD
2300_Arena
2300_Jackson_Street
2300_Jackson_Street_(song)
2300_ad_mans_battle_for_the_stars_box_set_(book)
2300ad_ground_vehicle_guide
230100008
230100034
230100049
230100072
230100084
230100125
230100162
230100207
230100208
230100276
230100287
230100313
230100314
230100345
230100359
230100387
230100436
230100468
230100483
230100487
230100516
230100549
230100588
230100606
230100611
230100656
230100694
230100697
230100715
230100733
230100762
230100765
230100788
230100796
230100817
230100824
230100830
230100835
230100840
230100846
230100849
230100857
230100922
230100943
230100949
230100962
230100974
230101008
230101017
230101030
230101047
230101055
230101066
230101120
230101133
230101146
230101153
230101236
230101296
230101327
230101331
230101404
230101422
230101444
230101450
230101487
230101500
230101509
230101529
230101605
230101630
230101657
230101663
230101689
230101704
230101781
230101806
230101840
230101853
230101889
230101897
230101929
230101930
230101945
230101969
230101994
230102001
230102005
230102020
230102031
230102057
230102075
230102097
230102133
230102149
230102151
230102153
230102203
230102238
230102252
230102262
230102263
230102292
230102337
230102345
230102369
230102412
230102413
230102470
230102505
230102506
230102508
230102531
230102603
230102608
230102636
230102639
230102654
230102657
230102664
230102743
230102778
230102830
230102842
230102852
230102856
230102877
230102892
230102916
230102955
230102988
230103032
230103033
230103068
230103104
230103107
230103110
230103139
230103166
230103179
230103181
230103219
230103225
230103249
230103313
230103316
230103318
230103369
230103390
230103443
230103444
230103532
230103573
230103577
230103601
230103604
230103606
230103653
230103656
230103694
230103696
230103698
230103711
230103770
230103796
230103816
230103826
230103835
230103845
230103851
230103882
230103884
230103900
230103940
230103963
230104012
230104013
230104037
230104061
230104062
230104081
230104104
230104157
230104164
230104175
230104177
230104180
230104251
230104256
230104381
230104394
230104397
230104400
230104402
230104438
230104442
230104446
230104459
230104501
230104518
230104566
230104572
230104573
230104574
230104617
230104694
230104695
230104722
230104727
230104753
230104760
230104762
230104787
230104789
230104795
230104865
230104869
230104887
230104904
230104908
230104914
230104942
230104950
230104956
230104980
230105029
230105048
230105059
230105094
230105112
230105116
230105156
230105171
230105183
230105207
230105238
230105247
230105278
230105291
230105317
230105320
230105344
230105365
230105382
230105417
230105423
230105434
230105448
230105480
230105541
230105547
230105550
230105575
230105596
230105635
230105724
230105743
230105781
230105790
230105796
230105815
230105833
230105869
230105951
230105998
230106073
230106098
230106134
230106144
230106182
230106212
230106311
230106314
230106320
230106331
230106388
230106401
230106405
230106412
230106466
230106471
230106487
230106508
230106568
230106581
230106605
230106640
230106643
230106701
230106704
230106724
230106748
230106790
230106818
230106831
230106875
230106888
230106895
230106906
230106920
230106946
230106989
230107007
230107009
230107022
230107024
230107047
230107070
230107088
230107089
230107132
230107143
230107159
230107175
230107195
230107234
230107265
230107270
230107337
230107350
230107370
230107380
230107414
230107461
230107479
230107487
230107542
230107543
230107569
230107593
230107596
230107602
230107610
230107617
230107686
230107697
230107709
230107839
230107843
230107885
230107922
230107947
230107968
230107975
230107986
230107994
230108000
230108001
230108040
230108074
230108114
230108164
230108182
230108192
230108197
230108201
230108210
230108250
230108252
230108276
230108283
230108298
230108358
230108386
230108406
230108411
230108436
230108466
230108496
230108497
230108509
230108530
230108538
230108555
230108573
230108619
230108646
230108665
230108684
230108714
230108735
230108749
230108751
230108767
230108849
230108856
230108864
230108867
230108869
230108877
230108949
230108969
230108985
230109008
230109075
230109104
230109117
230109143
230109154
230109204
230109217
230109253
230109263
230109284
230109287
230109300
230109344
230109363
230109426
230109442
230109517
230109539
230109550
230109554
230109571
230109578
230109598
230109628
230109630
230109645
230109657
230109686
230109689
230109716
230109738
230109766
230109781
230109803
230109822
230109859
230109866
230109868
230109920
230109943
230110025
230110042
230110055
230110097
230110106
230110118
230110123
230110134
230110177
230110181
230110249
230110250
230110328
230110364
230110365
230110377
230110384
230110406
230110422
230110439
230110490
230110495
230110506
230110515
230110571
230110594
230110602
230110610
230110619
230110622
230110691
230110708
230110720
230110739
230110746
230110772
230110773
230110782
230110817
230110835
230110843
230110846
230110879
230110919
230110958
230111013
230111036
230111044
230111091
230111121
230111145
230111203
230111214
230111225
230111232
230111233
230111247
230111275
230111288
230111311
230111327
230111330
230111405
230111432
230111450
230111463
230111480
230111501
230111589
230111601
230111607
230111624
230111632
230111648
230111655
230111659
230111665
230111670
230111719
230111730
230111750
230111765
230111785
230111816
230111835
230111839
230111860
230111877
230111898
230111902
230111912
230111928
230111942
230111957
230111968
230112003
230112004
230112013
230112026
230112055
230112070
230112096
230112098
230112202
230112236
230112250
230112252
230112355
230112403
230112441
230112445
230112446
230112457
230112458
230112469
230112493
230112502
230112504
230112513
230112515
230112520
230112548
230112586
230112606
230112659
230112660
230112674
230112680
230112691
230112732
230112755
230112775
230112797
230112798
230112834
230112844
230112871
230112876
230112885
230112890
230112892
230112933
230112939
230112976
230112989
230113019
230113049
230113052
230113065
230113075
230113095
230113111
230113139
230113145
230113147
230113150
230113189
230113190
230113245
230113252
230113264
230113271
230113274
230113289
230113294
230113299
230113322
230113332
230113342
230113351
230113377
230113387
230113391
230113421
230113444
230113456
230113487
230113513
230113522
230113525
230113528
230113566
230113617
230113632
230113666
230113669
230113717
230113749
230113822
230113828
230113839
2301_whitford
230200007
230200030
230200062
230200081
230200215
230200216
230200227
230200228
230200229
230200296
230200304
230200359
230200366
230200405
230200432
230200438
230200461
230200462
230200463
230200485
230200529
230200545
230200563
230200594
230200601
230200653
230200688
230200718
230200731
230200758
230200791
230200810
230200812
230200819
230200827
230200851
230200866
230200938
230200940
230200956
230200963
230200986
230201015
230201059
230201060
230201064
230201115
230201138
230201140
230201150
230201158
230201162
230201171
230201179
230201225
230201271
230201276
230201296
230201323
230201334
230201346
230201349
230201470
230201496
230201522
230201530
230201532
230201536
230201548
230201615
230201618
230201635
230201655
230201683
230201740
230201752
230201755
230201770
230201783
230201809
230201829
230201835
230201837
230201863
230201885
230201950
230201958
230202018
230202053
230202080
230202093
230202119
230202130
230202132
230202136
230202140
230202150
230202153
230202163
230202179
230202190
230202201
230202252
230202264
230202330
230202336
230202400
230202422
230202476
230202530
230202541
230202544
230202545
230202566
230202591
230202637
230202647
230202662
230202685
230202735
230202738
230202754
230202758
230202797
230202798
230202803
230202840
230202849
230202856
230202885
230202895
230202906
230202909
230202957
230202964
230202993
230202998
230203021
230203028
230203041
230203051
230203058
230203077
230203112
230203153
230203204
230203205
230203268
230203277
230203288
230203327
230203333
230203336
230203382
230203385
230203393
230203400
230203448
230203454
230203481
230203531
230203573
230203589
230203591
230203599
230203644
230203730
230203755
230203757
230203777
230203797
230203808
230203817
230203834
230203853
230203864
230203905
230203916
230203940
230203942
230203984
230204006
230204032
230204036
230204050
230204064
230204091
230204132
230204135
230204188
230204199
230204233
230204251
230204291
230204344
230204351
230204405
230204435
230204448
230204487
230204495
230204501
230204526
230204545
230204553
230204562
230204624
230204626
230204643
230204645
230204727
230204741
230204772
230204820
230204824
230204828
230204882
230204885
230204896
230204898
230204902
230204931
230204953
230204987
230205026
230205051
230205129
230205136
230205141
230205142
230205235
230205283
230205297
230205347
230205352
230205360
230205435
230205445
230205471
230205481
230205493
230205506
230205527
230205549
230205556
230205576
230205604
230205617
230205626
230205639
230205650
230205651
230205655
230205663
230205682
230205683
230205721
230205752
230205775
230205806
230205828
230205836
230205859
230205873
230205878
230205936
230205959
230206008
230206097
230206114
230206116
230206132
230206150
230206159
230206164
230206175
230206190
230206236
230206239
230206250
230206261
230206316
230206349
230206365
230206368
230206403
230206424
230206435
230206445
230206466
230206499
230206507
230206513
230206561
230206574
230206583
230206599
230206608
230206616
230206619
230206628
230206666
230206690
230206723
230206734
230206751
230206765
230206800
230206815
230206816
230206845
230206857
230206869
230206964
230207003
230207010
230207020
230207026
230207043
230207069
230207078
230207083
230207097
230207157
230207161
230207190
230207207
230207228
230207229
230207256
230207309
230207331
230207333
230207340
230207362
230207425
230207427
230207433
230207449
230207454
230207484
230207485
230207492
230207494
230207513
230207522
230207539
230207601
230207668
230207673
230207676
230207683
230207692
230207702
230207704
230207710
230207749
230207751
230207782
230207795
230207812
230207815
230207839
230207900
230207949
230207985
230207998
230208005
230208030
230208032
230208039
230208048
230208058
230208064
230208082
230208102
230208112
230208129
230208162
230208167
230208180
230208183
230208280
230208299
230208305
230208310
230208364
230208373
230208384
230208388
230208400
230208429
230208470
230208490
230208494
230208525
230208534
230208540
230208602
230208658
230208729
230208803
230208833
230208834
230208838
230208858
230208863
230208868
230208880
230208885
230208901
230208902
230208919
230208950
230208966
230208974
230208980
230208991
230209058
230209083
230209118
230209126
230209127
230209133
230209163
230209188
230209281
230209305
230209309
230209312
230209330
230209414
230209419
230209439
230209441
230209471
230209479
230209506
230209515
230209550
230209569
230209586
230209589
230209657
230209658
230209673
230209702
230209742
230209759
230209761
230209809
230209853
230209856
230209864
230209874
230209882
230209886
230209934
230209950
230209952
230209958
230210014
230210031
230210060
230210062
230210063
230210078
230210086
230210087
230210098
230210118
230210125
230210158
230210167
230210178
230210188
230210193
230210220
230210227
230210283
230210289
230210326
230210334
230210367
230210390
230210447
230210456
230210481
230210492
230210496
230210534
230210542
230210569
230210572
230210597
230210657
230210658
230210665
230210666
230210668
230210678
230210684
230210695
230210725
230210743
230210764
230210814
230210821
230210830
230210832
230210857
230210878
230210898
230210900
230210919
230210968
230210978
230211019
230211021
230211071
230211115
230211163
230211190
230211217
230211252
230211268
230211272
230211302
230211306
230211322
230211335
230211397
230211421
230211437
230211449
230211457
230211469
230211488
230211505
230211511
230211529
230211566
230211568
230211598
230211614
230211621
230211628
230211631
230211641
230211667
230211671
230211674
230211714
230211732
230211756
230211772
230211796
230211820
230211879
230211956
230211962
230211979
230211991
230211998
230212048
230212050
230212052
230212081
230212083
230212093
230212100
230212113
230212128
230212134
230212135
230212177
230212197
230212205
230212210
230212223
230212236
230212237
230212238
230212258
230212262
230212264
230212267
230212280
230212290
230212310
230212343
230212356
230212403
230212415
230212430
230212432
230212475
230212497
230212519
230212553
230212594
230212596
230212636
230212647
230212653
230212670
230212694
230212705
230212730
230212826
230212843
230212860
230212874
230212877
230212888
230212892
230212932
230212959
230212976
230213065
230213080
230213082
230213095
230213105
230213118
230213134
230213168
230213231
230213238
230213357
230213453
230213483
230213489
230213503
230213539
230213562
230213598
230213621
230213627
230213628
230213641
230213666
230213671
230213683
230213705
230213756
230213762
230213769
230213772
230213801
230213832
230213856
230213871
230213932
230213955
230213956
230213977
230213993
230213996
230214036
230214038
230214066
230214072
230214086
230214128
230214141
230214146
230214152
230214158
230214163
230214229
230214254
230214266
230214295
230214325
230214327
230214450
230214454
230214459
230214468
230214490
230214500
230214522
230214544
230214567
230214587
230214591
230214600
230214620
230214651
230214662
230214666
230214669
230214680
230214681
230214723
230214749
230214767
230214771
230214793
230214801
230214854
230300015
230300031
230300051
230300056
230300107
230300118
230300124
230300145
230300173
230300191
230300195
230300238
230300265
230300315
230300317
230300332
230300380
230300393
230300430
230300437
230300450
230300488
230300500
230300513
230300542
230300552
230300569
230300588
230300596
230300622
230300624
230300644
230300679
230300690
230300736
230300753
230300789
230300790
230300797
230300848
230300854
230300860
230300865
230300870
230300880
230300883
230300933
230300937
230300964
230301054
230301094
230301130
230301137
230301139
230301191
230301218
230301237
230301249
230301262
230301283
230301301
230301308
230301312
230301330
230301346
230301369
230301379
230301399
230301417
230301460
230301470
230301500
230301517
230301540
230301597
230301603
230301607
230301610
230301618
230301651
230301671
230301689
230301711
230301728
230301754
230301782
230301795
230301797
230301809
230301835
230301853
230301858
230301884
230301899
230301917
230301961
230301979
230302022
230302037
230302038
230302039
230302147
230302149
230302164
230302170
230302180
230302200
230302207
230302226
230302227
230302280
230302329
230302330
230302332
230302333
230302449
230302460
230302467
230302486
230302516
230302551
230302555
230302556
230302574
230302604
230302634
230302653
230302654
230302661
230302691
230302743
230302747
230302748
230302778
230302801
230302821
230302939
230302950
230302972
230302986
230303038
230303065
230303066
230303087
230303110
230303195
230303226
230303254
230303256
230303264
230303281
230303287
230303295
230303348
230303365
230303414
230303456
230303482
230303507
230303508
230303514
230303539
230303569
230303604
230303622
230303628
230303636
230303669
230303676
230303690
230303701
230303715
230303722
230303733
230303734
230303735
230303755
230303764
230303783
230303792
230303830
230303861
230303939
230303940
230303957
230303961
230303964
230303994
230304007
230304023
230304082
230304089
230304154
230304178
230304184
230304208
230304213
230304254
230304258
230304273
230304288
230304306
230304324
230304340
230304364
230304365
230304371
230304384
230304385
230304392
230304419
230304424
230304437
230304439
230304443
230304448
230304459
230304472
230304482
230304499
230304516
230304588
230304598
230304608
230304639
230304641
230304689
230304702
230304723
230304731
230304732
230304742
230304745
230304765
230304787
230304802
230304803
230304827
230304843
230304856
230304857
230304903
230304953
230304965
230305001
230305011
230305062
230305071
230305121
230305123
230305125
230305128
230305142
230305157
230305187
230305254
230305298
230305313
230305330
230305352
230305370
230305385
230305413
230305448
230305487
230305507
230305572
230305640
230305659
230305665
230305692
230305695
230305701
230305705
230305715
230305741
230305765
230305823
230305872
230305877
230305892
230305929
230305930
230305960
230305964
230305973
230305986
230305987
230306008
230306015
230306072
230306081
230306112
230306174
230306231
230306253
230306275
230306282
230306286
230306296
230306297
230306318
230306323
230306357
230306427
230306430
230306437
230306457
230306542
230306551
230306555
230306572
230306577
230306591
230306596
230306631
230306667
230306676
230306680
230306683
230306685
230306735
230306753
230306780
230306818
230306845
230306887
230306902
230306936
230306947
230306983
230307025
230307033
230307034
230307077
230307086
230307126
230307131
230307132
230307136
230307204
230307251
230307268
230307278
230307287
230307310
230307311
230307317
230307361
230307374
230307393
230307398
230307400
230307407
230307416
230307425
230307440
230307441
230307462
230307470
230307491
230307502
230307505
230307508
230307510
230307547
230307551
230307572
230307578
230307621
230307629
230307678
230307683
230307689
230307717
230307743
230307755
230307797
230307799
230307805
230307830
230307835
230307937
230307946
230307959
230307960
230307964
230308042
230308055
230308057
230308065
230308086
230308097
230308099
230308104
230308120
230308165
230308176
230308197
230308212
230308219
230308227
230308259
230308261
230308306
230308313
230308327
230308370
230308411
230308412
230308416
230308428
230308434
230308471
230308510
230308520
230308578
230308594
230308658
230308661
230308695
230308700
230308705
230308728
230308737
230308747
230308791
230308792
230308809
230308833
230308890
230308911
230308914
230308944
230308945
230308964
230308978
230308995
230308998
230309011
230309035
230309080
230309166
230309178
230309181
230309192
230309217
230309293
230309368
230309375
230309383
230309424
230309429
230309437
230309448
230309460
230309509
230309520
230309522
230309525
230309543
230309549
230309590
230309613
230309617
230309639
230309642
230309757
230309769
230309780
230309857
230309909
230309954
230309961
230310046
230310057
230310059
230310098
230310102
230310142
230310154
230310174
230310200
230310211
230310244
230310261
230310268
230310283
230310302
230310318
230310323
230310354
230310380
230310386
230310388
230310397
230310398
230310469
230310497
230310564
230310609
230310622
230310647
230310660
230310678
230310709
230310712
230310732
230310771
230310779
230310785
230310789
230310801
230310821
230310862
230310880
230310921
230310941
230310957
230310968
230310996
230311018
230311032
230311043
230311048
230311062
230311086
230311096
230311178
230311183
230311220
230311228
230311275
230311294
230311322
230311336
230311339
230311343
230311356
230311384
230311396
230311422
230311438
230311467
230311549
230311578
230311582
230311585
230311644
230311674
230311687
230311702
230311820
230311827
230311829
230311843
230311866
230311898
230311903
230311927
230311934
230311941
230311943
230311951
230311968
230312008
230312016
230312020
230312025
230312056
230312099
230312126
230312131
230312136
230312141
230312181
230312207
230312237
230312271
230312287
230312288
230312313
230312330
230312369
230312465
230312466
230312467
230312487
230312531
230312540
230312578
230312617
230312627
230312651
230312668
230312700
230312707
230312710
230312714
230312724
230312737
230312768
230312769
230312785
230312800
230312805
230312819
230312850
230312935
230312938
230312947
230312993
230313009
230313063
230313077
230313094
230313122
230313162
230313170
230313196
230313200
230313202
230313215
230313263
230313292
230313311
230313313
230313334
230313336
230313355
230313368
230313385
230313388
230313429
230313464
230313471
230313472
230313473
230313478
230313611
230313653
230313666
230313674
230313693
230313703
230313719
230313734
230313739
230313742
230313758
230313769
230313810
230313813
230313824
230313852
230313865
230313866
230313892
230313897
230313921
230313987
230314002
230314017
230314041
230314070
230314078
230314079
230314083
230314086
230314107
230314132
230314142
230314155
230314163
230314175
230314221
230314267
230314269
230314273
230314282
230314375
230314385
230314435
230314480
230314495
230314496
230314511
230314519
230314522
230314526
230314529
230314611
230314613
230314623
230314624
230314628
230314672
230314694
230314723
230314724
230314747
230314752
230314758
230314784
230314788
230314804
230314810
230314814
230314834
230314871
230314901
230314909
230314936
230314943
230314968
230314977
230314997
230315011
230315019
230315028
230315039
230315068
230315120
230315141
230315174
230315182
230315210
230315232
230315250
230315270
230315273
230315383
230315407
230315432
230315442
230315451
230315467
230315507
230315515
230315527
230315534
230315546
230315552
230315560
230315569
230315582
230315600
230315618
230315620
230315623
230315626
230315635
230315661
230315671
230315771
230315773
230315782
230315783
230315784
230315785
230315806
230315812
230315826
230315827
230315857
230315871
230315904
230315918
230315930
230315932
230315977
230315979
230316004
230316006
230316025
230316034
230316072
230316103
230316134
230316136
230316144
230316166
230316190
230316203
230316208
230316212
230316241
230316270
230316290
230316334
230316340
230316364
230316386
230316388
230316392
230316413
230316443
230316449
230316463
230316466
230316479
230316483
230316487
230316498
230316511
230316572
230316627
230316682
230316687
230316695
230316763
230316770
230316775
230316795
230316806
230316812
230316858
230316889
230316898
230316924
230316949
230316960
230316992
230317017
230317056
230317060
230317089
230317121
230317144
230317150
230317162
230317208
230317229
230317289
230317290
230317330
230317342
230317365
230317389
230317489
230317507
230317513
230317515
230317518
230317534
230317561
230317583
230317586
230317629
230317632
230317652
230317689
230317699
230317720
230317723
230317748
230317763
230317770
230317784
230317799
230317803
230317808
230317843
230317845
230317885
230317905
230317906
230317921
230317997
230318012
230318020
230318060
230318066
230318084
230318096
230318119
230318141
230318161
230318166
230318167
230318201
230318241
230400035
230400059
230400098
230400107
230400111
230400117
230400170
230400179
230400181
230400208
230400213
230400216
230400220
230400233
230400247
230400253
230400254
230400278
230400288
230400296
230400328
230400365
230400389
230400407
230400446
230400471
230400474
230400488
230400508
230400526
230400568
230400571
230400574
230400590
230400593
230400599
230400615
230400661
230400665
230400693
230400710
230400721
230400800
230400815
230400831
230400837
230400853
230400884
230400932
230400958
230400977
230401030
230401060
230401094
230401121
230401163
230401171
230401175
230401203
230401218
230401230
230401250
230401261
230401264
230401271
230401274
230401294
230401298
230401317
230401348
230401376
230401381
230401406
230401424
230401448
230401468
230401511
230401533
230401550
230401570
230401575
230401594
230401603
230401627
230401631
230401659
230401663
230401674
230401675
230401681
230401703
230401704
230401731
230401737
230401764
230401787
230401790
230401820
230401837
230401844
230401869
230401877
230401885
230401913
230401988
230402026
230402048
230402060
230402114
230402126
230402158
230402180
230402188
230402233
230402244
230402257
230402268
230402271
230402279
230402296
230402310
230402315
230402354
230402357
230402359
230402367
230402400
230402425
230402458
230402472
230402489
230402527
230402693
230402712
230402769
230402826
230402836
230402838
230402893
230402939
230402959
230402964
230402981
230402999
230403013
230403018
230403023
230403024
230403033
230403037
230403044
230403123
230403136
230403162
230403199
230403206
230403216
230403220
230403234
230403254
230403274
230403289
230403352
230403358
230403427
230403439
230403507
230403538
230403562
230403563
230403593
230403594
230403616
230403635
230403657
230403689
230403705
230403742
230403757
230403760
230403768
230403770
230403773
230403787
230403809
230403811
230403842
230403852
230403880
230403883
230403902
230403933
230403965
230404014
230404030
230404038
230404047
230404132
230404151
230404177
230404193
230404200
230404206
230404213
230404221
230404226
230404228
230404340
230404358
230404364
230404420
230404433
230404436
230404444
230404489
230404524
230404556
230404567
230404572
230404655
230404685
230404718
230404802
230404823
230404845
230404894
230404920
230404998
230405005
230405007
230405052
230405064
230405070
230405085
230405090
230405103
230405124
230405175
230405179
230405186
230405205
230405240
230405244
230405280
230405289
230405319
230405345
230405357
230405372
230405409
230405426
230405430
230405479
230405490
230405493
230405564
230405565
230405591
230405593
230405601
230405615
230405624
230405642
230405662
230405683
230405691
230405692
230405712
230405719
230405729
230405748
230405753
230405767
230405787
230405838
230405847
230405856
230405891
230405898
230405942
230405956
230405963
230406028
230406064
230406095
230406103
230406105
230406112
230406146
230406246
230406275
230406281
230406297
230406312
230406318
230406331
230406342
230406368
230406378
230406442
230406449
230406505
230406530
230406536
230406541
230406576
230406602
230406625
230406635
230406663
230406676
230406677
230406696
230406728
230406731
230406732
230406762
230406809
230406853
230406855
230406894
230406907
230406992
230407005
230407015
230407016
230407035
230407076
230407082
230407087
230407095
230407103
230407167
230407176
230407201
230407208
230407258
230407264
230407271
230407365
230407388
230407407
230407416
230407466
230407485
230407558
230407566
230407603
230407726
230407731
230407737
230407799
230407866
230407902
230407904
230407908
230407917
230407918
230407971
230407984
230408007
230408011
230408030
230408079
230408107
230408121
230408128
230408166
230408183
230408191
230408232
230408248
230408269
230408294
230408313
230408317
230408330
230408331
230408333
230408343
230408362
230408364
230408395
230408450
230408538
230408563
230408579
230408580
230408646
230408648
230408660
230408746
230408747
230408752
230408763
230408765
230408767
230408779
230408788
230408794
230408811
230408831
230408849
230408927
230408969
230408990
230409007
230409017
230409047
230409053
230409056
230409060
230409140
230409161
230409194
230409206
230409216
230409220
230409221
230409235
230409243
230409275
230409283
230409313
230409322
230409338
230409374
230409375
230409427
230409523
230409576
230409630
230409647
230409649
230409673
230409686
230409714
230409715
230409716
230409734
230409745
230409891
230409928
230409952
230409970
230409979
230409987
230410014
230410030
230410051
230410074
230410088
230410121
230410123
230410187
230410216
230410219
230410220
230410221
230410266
230410269
230410271
230410426
230410439
230410444
230410452
230410471
230410484
230410515
230410528
230410555
230410572
230410622
230410663
230410667
230410761
230410767
230410772
230410781
230410789
230410848
230410863
230410872
230410891
230410909
230410929
230410936
230410970
230411015
230411029
230411046
230411059
230411091
230411121
230411124
230411127
230411143
230411198
230411199
230411207
230411228
230411254
230411275
230411283
230411340
230411371
230411387
230411396
230411404
230411419
230411466
230411474
230411550
230411633
230411638
230411648
230411659
230411693
230411755
230411784
230411797
230411806
230411899
230411937
230411989
230412032
230412048
230412076
230412113
230412125
230412132
230412169
230412200
230412220
230412232
230412277
230412279
230412306
230412327
230412333
230412347
230412356
230412374
230412391
230412400
230412429
230412438
230412469
230412477
230412505
230412549
230412557
230412562
230412673
230412677
230412678
230412680
230412706
230412731
230412757
230412758
230412814
230412823
230412828
230412858
230412864
230412883
230412897
230412908
230412923
230412942
230412946
230412991
230412992
230413020
230413065
230413073
230413076
230413108
230413120
230413130
230413151
230413154
230413159
230413176
230413180
230413183
230413215
230413230
230413238
230413244
230413251
230413264
230413270
230413273
230413296
230413322
230413345
230413363
230413366
230413385
230413389
230413394
230413463
230413484
230413497
230413515
230413528
230413531
230413537
230413582
230413603
230413614
230413619
230413637
230413691
230413712
230413734
230413738
230413741
230413745
230413746
230413773
230413783
230413797
230413801
230413811
230413813
230413852
230413854
230413862
230413876
230413908
230413911
230413968
230414057
230414067
230414069
230414081
230414103
230414104
230414131
230414157
230414160
230414177
230414186
230414222
230414226
230414227
230414228
230414253
230414261
230414302
230414306
230414334
230414341
230414361
230414402
230414409
230414419
230414421
230414476
230414511
230414517
230414518
230414534
230414545
230414616
230414619
230414654
230414660
230414668
230414686
230414708
230414765
230414777
230414779
230414782
230414784
230414828
230414837
230414843
230414846
230414872
230414883
230414884
230414913
230414963
230414966
230414984
230415001
230500061
230500063
230500072
230500073
230500075
230500094
230500107
230500135
230500136
230500171
230500203
230500206
230500242
230500250
230500251
230500257
230500263
230500283
230500289
230500367
230500384
230500385
230500513
230500529
230500535
230500536
230500554
230500559
230500560
230500567
230500605
230500650
230500652
230500656
230500664
230500684
230500699
230500700
230500747
230500752
230500765
230500782
230500832
230500837
230500842
230500849
230500857
230500877
230500883
230500886
230500925
230500953
230500967
230500979
230501000
230501039
230501048
230501070
230501120
230501140
230501156
230501181
230501200
230501201
230501212
230501215
230501248
230501267
230501275
230501326
230501349
230501350
230501359
230501393
230501455
230501457
230501461
230501466
230501483
230501511
230501599
230501622
230501710
230501722
230501830
230501917
230501937
230501946
230501961
230501971
230501972
230501978
230501990
230502071
230502089
230502098
230502102
230502105
230502111
230502147
230502161
230502173
230502182
230502187
230502214
230502229
230502233
230502240
230502254
230502274
230502285
230502309
230502311
230502349
230502358
230502383
230502398
230502407
230502418
230502483
230502518
230502549
230502559
230502633
230502676
230502706
230502722
230502730
230502855
230502876
230502903
230502915
230502917
230502922
230502934
230502952
230502955
230502968
230502988
230503035
230503085
230503149
230503178
230503208
230503217
230503252
230503267
230503294
230503295
230503303
230503304
230503314
230503320
230503353
230503356
230503395
230503427
230503460
230503469
230503477
230503489
230503504
230503510
230503617
230503664
230503751
230503761
230503773
230503831
230503832
230503856
230503867
230503889
230503973
230503993
230504029
230504040
230504045
230504046
230504105
230504106
230504128
230504138
230504139
230504170
230504173
230504179
230504199
230504219
230504246
230504281
230504314
230504327
230504339
230504379
230504421
230504511
230504513
230504518
230504521
230504528
230504615
230504626
230504628
230504635
230504652
230504661
230504793
230504808
230504810
230504811
230504821
230504844
230504877
230504916
230504917
230504968
230504991
230505026
230505072
230505084
230505102
230505104
230505135
230505160
230505176
230505177
230505184
230505204
230505250
230505261
230505270
230505292
230505300
230505317
230505354
230505362
230505370
230505389
230505409
230505454
230505467
230505525
230505553
230505569
230505581
230505627
230505632
230505646
230505654
230505655
230505661
230505680
230505681
230505685
230505693
230505698
230505704
230505707
230505728
230505748
230505749
230505777
230505782
230505799
230505809
230505831
230505835
230505837
230505886
230505899
230505935
230505944
230505975
230506095
230506101
230506105
230506113
230506168
230506202
230506210
230506274
230506278
230506305
230506377
230506398
230506409
230506414
230506434
230506464
230506488
230506496
230506499
230506610
230506625
230506655
230506680
230506685
230506687
230506698
230506699
230506742
230506759
230506788
230506865
230506954
230506958
230507015
230507053
230507059
230507102
230507110
230507134
230507137
230507148
230507204
230507206
230507214
230507266
230507275
230507310
230507409
230507425
230507449
230507459
230507470
230507481
230507505
230507513
230507565
230507568
230507586
230507591
230507594
230507650
230507667
230507668
230507683
230507695
230507753
230507772
230507786
230507787
230507789
230507798
230507822
230507831
230507840
230507888
230507892
230507904
230507918
230507931
230507939
230507941
230507957
230507958
230507968
230508003
230508013
230508050
230508060
230508068
230508074
230508099
230508111
230508155
230508163
230508188
230508198
230508212
230508246
230508261
230508266
230508348
230508364
230508365
230508380
230508384
230508387
230508389
230508397
230508477
230508508
230508542
230508574
230508580
230508593
230508648
230508655
230508661
230508673
230508773
230508825
230508837
230508882
230508900
230508941
230508974
230509011
230509048
230509067
230509102
230509115
230509122
230509153
230509156
230509158
230509160
230509173
230509174
230509208
230509213
230509233
230509295
230509354
230509383
230509385
230509395
230509416
230509497
230509503
230509526
230509554
230509591
230509596
230509629
230509671
230509715
230509720
230509726
230509733
230509741
230509751
230509796
230509808
230509829
230509833
230509858
230509933
230509962
230509993
230510010
230510025
230510030
230510035
230510115
230510125
230510128
230510173
230510177
230510195
230510242
230510250
230510307
230510353
230510359
230510375
230510379
230510386
230510414
230510437
230510457
230510472
230510473
230510488
230510497
230510522
230510527
230510579
230510586
230510592
230510600
230510722
230510723
230510749
230510758
230510761
230510773
230510793
230510836
230510841
230510894
230510913
230510921
230510924
230510926
230510939
230510952
230511032
230511039
230511066
230511074
230511085
230511103
230511113
230511118
230511119
230511144
230511195
230511220
230511234
230511235
230511246
230511285
230511288
230511295
230511314
230511335
230511340
230511347
230511396
230511400
230511411
230511511
230511527
230511604
230511648
230511655
230511706
230511707
230511724
230511773
230511782
230511790
230511791
230511796
230511800
230511815
230511831
230511896
230511899
230511914
230511918
230511935
230511990
230512034
230512043
230512085
230512106
230512112
230512129
230512165
230512171
230512188
230512206
230512215
230512241
230512260
230512283
230512291
230512315
230512325
230512349
230512363
230512474
230512498
230512504
230512534
230512590
230512600
230512637
230512670
230512697
230512704
230512726
230512730
230512738
230512743
230512760
230512770
230512775
230512804
230512812
230512832
230512863
230512867
230512878
230512893
230512905
230512907
230512919
230512944
230512949
230513001
230513006
230513067
230513132
230513189
230513236
230513279
230513295
230513304
230513315
230513322
230513334
230513349
230513353
230513357
230513365
230513374
230513395
230513402
230513409
230513418
230513421
230513426
230513460
230513461
230513474
230513481
230513602
230513620
230513635
230513645
230513662
230513682
230513690
230513699
230513703
230513721
230513725
230513738
230513744
230513787
230513823
230513837
230513889
230513913
230513939
230513940
230513991
230514036
230514052
230514070
230514072
230514082
230514095
230514108
230514131
230514133
230514155
230514161
230514252
230514287
230514300
230514400
230514422
230514437
230514461
230514532
230514547
230514567
230514572
230514589
230514606
230514625
230514628
230514638
230514652
230514668
230514685
230514690
230514703
230514812
230514926
230514938
230514984
230514997
230515028
230515029
230515088
230515102
230515111
230515116
230515123
230515129
230515139
230515195
230515203
230515233
230515234
230515235
230515236
230515285
230515326
230515369
230515374
230515391
230515393
230515410
230515411
230515451
230515493
230515615
230515643
230515732
230515738
230515748
230515789
230515796
230515798
230515814
230515830
230515849
230515866
230515889
230515896
230515990
230515999
230516002
230516042
230516084
230516143
230516150
230516212
230516213
230516237
230516245
230516255
230516269
230516284
230516314
230516331
230516335
230516340
230516345
230516346
230516374
230516413
230516437
230516455
230516458
230516473
230516512
230516522
230516540
230516566
230516583
230516613
230516615
230516644
230516667
230516714
230516735
230516749
230516766
230516785
230516787
230516796
230516811
230516816
230516902
230516908
230516912
230516920
230516932
230516938
230516954
230516980
230516991
230517018
230517049
230517077
230517087
230517093
230517096
230517178
230517194
230517205
230517209
230517240
230517243
230517268
230517270
230517317
230517321
230517339
230517393
230517436
230517498
230517505
230517512
230517514
230517542
230517552
230517574
230517587
230517605
230517634
230517641
230517645
230517708
230517721
230517770
230517777
230517828
230517894
230517928
230517934
230517940
230517951
230517991
230518015
230518019
230518026
230518048
230518069
230518083
230518094
230518148
230518240
230518256
230518292
230518380
230518389
230518395
230518412
230518428
230518481
230518574
230518588
230518589
230518611
230518635
230518641
230518652
230518657
230518662
230518667
230518680
230518681
230518689
230518695
230518725
230518732
230518753
230518764
230518772
230518795
230518799
230518802
230518829
230518830
230518834
230518886
230518945
230518959
230518964
230519039
230519058
230519075
230519078
230519094
230519103
230519158
230519162
230519175
230519186
230519261
230519262
230519274
230519295
230519348
230519358
230519376
230519392
230519413
230519480
230519505
230519536
230519540
230519543
230519545
230519559
230519661
230519710
230519712
230519754
230519790
230519796
230519799
230519879
230519897
230519970
230519982
230519992
230519998
230520031
230520032
230520038
230520040
230520046
230600005
230600013
230600092
230600117
230600144
230600151
230600164
230600193
230600196
230600221
230600223
230600277
230600285
230600295
230600324
230600340
230600377
230600421
230600462
230600467
230600471
230600483
230600484
230600535
230600537
230600542
230600562
230600582
230600629
230600631
230600644
230600702
230600708
230600733
230600734
230600791
230600841
230600870
230600932
230600951
230600965
230600976
230600979
230601013
230601016
230601035
230601041
230601043
230601073
230601088
230601102
230601109
230601132
230601139
230601150
230601158
230601216
230601293
230601313
230601325
230601326
230601357
230601406
230601416
230601432
230601453
230601462
230601497
230601515
230601532
230601550
230601562
230601588
230601613
230601639
230601653
230601693
230601697
230601718
230601721
230601723
230601751
230601754
230601780
230601782
230601789
230601814
230601830
230601852
230601863
230601875
230602006
230602016
230602027
230602036
230602056
230602058
230602063
230602099
230602101
230602133
230602159
230602173
230602188
230602189
230602202
230602235
230602240
230602249
230602257
230602311
230602313
230602346
230602356
230602361
230602389
230602406
230602450
230602468
230602474
230602483
230602497
230602504
230602520
230602542
230602569
230602573
230602577
230602582
230602604
230602627
230602634
230602652
230602661
230602665
230602675
230602683
230602743
230602836
230602850
230602855
230602865
230602925
230602934
230602947
230602972
230602988
230603002
230603014
230603025
230603032
230603045
230603125
230603131
230603141
230603143
230603158
230603184
230603190
230603212
230603215
230603231
230603254
230603274
230603283
230603297
230603319
230603339
230603395
230603404
230603407
230603479
230603481
230603488
230603514
230603549
230603554
230603586
230603589
230603596
230603610
230603612
230603624
230603637
230603638
230603658
230603691
230603750
230603757
230603767
230603795
230603844
230603849
230603851
230603869
230603870
230603878
230603903
230603908
230603933
230603947
230603952
230604010
230604074
230604075
230604078
230604084
230604142
230604179
230604187
230604250
230604295
230604299
230604321
230604323
230604357
230604382
230604426
230604441
230604458
230604460
230604485
230604491
230604492
230604519
230604548
230604578
230604581
230604654
230604663
230604666
230604667
230604668
230604685
230604721
230604732
230604736
230604767
230604775
230604793
230604822
230604858
230604880
230604884
230604893
230604905
230604910
230604934
230604967
230604977
230605001
230605018
230605022
230605047
230605052
230605072
230605114
230605203
230605255
230605266
230605267
230605287
230605290
230605299
230605304
230605310
230605317
230605335
230605361
230605365
230605383
230605416
230605482
230605538
230605543
230605553
230605554
230605578
230605579
230605602
230605628
230605694
230605696
230605697
230605706
230605789
230605963
230605964
230605980
230606088
230606129
230606146
230606163
230606279
230606309
230606347
230606365
230606386
230606411
230606418
230606433
230606435
230606442
230606469
230606477
230606488
230606529
230606540
230606548
230606556
230606574
230606593
230606653
230606772
230606797
230606814
230606818
230606855
230606861
230606882
230606898
230606943
230606944
230606954
230606976
230606981
230607050
230607062
230607063
230607067
230607088
230607106
230607119
230607172
230607191
230607220
230607248
230607255
230607290
230607307
230607315
230607371
230607388
230607411
230607428
230607510
230607538
230607560
230607580
230607588
230607591
230607607
230607609
230607620
230607637
230607712
230607716
230607718
230607722
230607737
230607740
230607743
230607746
230607805
230607837
230607846
230607908
230607975
230607976
230608092
230608108
230608112
230608116
230608117
230608123
230608129
230608143
230608212
230608224
230608247
230608261
230608274
230608285
230608316
230608325
230608366
230608374
230608378
230608399
230608428
230608430
230608446
230608463
230608482
230608510
230608539
230608557
230608558
230608605
230608622
230608661
230608677
230608684
230608694
230608695
230608788
230608796
230608799
230608803
230608824
230608841
230608843
230608850
230608855
230608872
230608891
230608896
230608901
230608946
230608954
230609004
230609012
230609024
230609046
230609091
230609094
230609127
230609136
230609143
230609146
230609165
230609231
230609241
230609249
230609270
230609321
230609323
230609329
230609355
230609379
230609382
230609386
230609408
230609427
230609431
230609440
230609478
230609501
230609512
230609518
230609558
230609560
230609566
230609574
230609583
230609593
230609598
230609617
230609623
230609645
230609700
230609722
230609734
230609753
230609758
230609792
230609847
230609944
230609970
230610012
230610057
230610072
230610105
230610174
230610195
230610235
230610249
230610274
230610305
230610315
230610346
230610357
230610375
230610377
230610380
230610384
230610391
230610397
230610417
230610444
230610501
230610509
230610515
230610571
230610589
230610646
230610707
230610711
230610723
230610739
230610743
230610755
230610780
230610787
230610817
230610820
230610824
230610858
230610886
230610896
230610900
230610901
230610937
230610955
230610961
230610963
230610993
230611014
230611053
230611180
230611209
230611233
230611235
230611251
230611263
230611292
230611309
230611328
230611335
230611343
230611345
230611350
230611355
230611360
230611363
230611368
230611369
230611396
230611408
230611417
230611423
230611425
230611437
230611482
230611492
230611529
230611533
230611590
230611596
230611628
230611642
230611674
230611675
230611702
230611707
230611711
230611739
230611760
230611768
230611803
230611807
230611857
230611906
230611919
230611936
230611978
230612016
230612018
230612081
230612083
230612091
230612099
230612104
230612127
230612141
230612154
230612199
230612202
230612203
230612215
230612239
230612240
230612249
230612254
230612288
230612334
230612351
230612353
230612355
230612358
230612415
230612426
230612437
230612459
230612475
230612515
230612517
230612548
230612550
230612560
230612570
230612571
230612603
230612604
230612607
230612627
230612672
230612681
230612682
230612686
230612699
230612727
230612780
230612812
230612840
230612878
230612881
230612882
230612888
230612897
230612905
230612914
230612916
230612923
230612990
230613051
230613110
230613120
230613140
230613149
230613154
230613163
230613169
230613198
230613223
230613225
230613247
230613251
230613257
230613282
230613338
230613364
230613366
230613391
230613393
230613412
230613423
230613428
230613433
230613457
230613489
230613491
230613505
230613611
230613612
230613644
230613661
230613668
230613685
230613715
230613729
230613747
230613748
230613758
230613796
230613817
230613833
230613840
230613883
230613944
230613959
230613988
230613990
230613999
230614071
230614115
230614169
230614174
230614182
230614193
230614216
230614223
230614243
230614260
230614268
230614277
230614280
230614290
230614315
230614329
230614343
230614344
230614353
230614365
230614371
230614372
230614414
230614419
230614424
230614443
230614453
230614468
230614480
230614538
230614567
230614573
230614574
230614662
230614664
230614674
230614676
230614696
230614698
230614746
230614781
230614787
230614796
230614815
230614838
230614844
230614845
230614881
230614935
230614938
230614941
230614947
230614965
230614984
230615047
230615067
230615077
230615109
230615168
230615182
230615187
230615188
230615194
230615209
230615228
230615230
230615257
230615263
230615273
230615280
230615283
230615362
230615368
230615384
230615386
230615399
230615444
230615445
230615452
230615520
230615548
230615561
230615580
230615608
230615632
230615647
230615676
230615678
230615718
230615756
230615765
230615802
230615821
230615834
230615835
230615850
230615856
230615879
230615891
230615903
230615908
230615918
230615924
230615950
230615965
230615966
230615983
230615988
230616003
230616010
230616015
230616050
230616052
230616116
230616159
230616175
230616185
230616190
230616195
230616206
230616207
230616218
230616222
230616269
230616274
230616278
230616282
230616297
230616305
230616329
230616336
230616366
230616397
230616405
230616426
230616432
230616444
230616451
230616513
230616532
230616540
230616546
230616549
230616564
230616599
230616605
230616684
230616690
230616693
230616703
230616733
230616761
230616798
230616805
230616829
230616848
230616849
230616915
230616918
230616938
230616966
230616978
230616982
230617015
230617019
230617033
230617056
230617077
230617101
230617109
230617114
230617157
230617173
230617178
230617201
230617213
230617232
230617251
230617259
230617260
230617278
230617292
230617321
230617366
230617371
230617385
230617433
230617458
230617472
230617478
230617483
230617510
230617530
230617541
230617550
230617631
230617668
230617680
230617739
230617767
230617771
230700004
230700023
230700036
230700040
230700051
230700080
230700087
230700132
230700134
230700156
230700167
230700197
230700198
230700219
230700234
230700250
230700280
230700294
230700308
230700382
230700385
230700403
230700409
230700444
230700455
230700457
230700458
230700463
230700473
230700515
230700524
230700526
230700545
230700560
230700593
230700599
230700655
230700658
230700701
230700713
230700734
230700739
230700740
230700770
230700790
230700791
230700798
230700816
230700833
230700862
230700890
230700922
230700975
230700979
230700990
230700999
230701041
230701073
230701074
230701087
230701104
230701108
230701145
230701250
230701262
230701268
230701269
230701308
230701325
230701365
230701374
230701388
230701428
230701447
230701465
230701468
230701478
230701502
230701515
230701525
230701528
230701542
230701556
230701600
230701606
230701644
230701670
230701686
230701687
230701752
230701754
230701758
230701764
230701792
230701804
230701856
230701866
230701886
230701912
230701916
230701917
230702016
230702047
230702116
230702130
230702148
230702158
230702172
230702176
230702187
230702197
230702210
230702237
230702241
230702247
230702280
230702306
230702321
230702338
230702339
230702364
230702395
230702397
230702444
230702479
230702486
230702499
230702517
230702526
230702571
230702601
230702633
230702656
230702675
230702677
230702696
230702753
230702771
230702806
230702815
230702825
230702842
230702843
230702859
230702861
230702898
230702900
230702903
230702905
230702915
230702956
230702968
230703009
230703026
230703051
230703056
230703084
230703118
230703124
230703143
230703161
230703162
230703185
230703207
230703210
230703262
230703264
230703266
230703272
230703276
230703282
230703296
230703330
230703333
230703341
230703371
230703414
230703428
230703457
230703513
230703521
230703578
230703587
230703662
230703691
230703706
230703708
230703713
230703737
230703753
230703759
230703771
230703784
230703790
230703800
230703805
230703810
230703836
230703864
230703876
230703882
230703933
230703940
230703961
230703967
230703995
230704004
230704013
230704036
230704037
230704041
230704042
230704062
230704080
230704104
230704160
230704166
230704192
230704214
230704216
230704231
230704257
230704261
230704292
230704331
230704388
230704421
230704472
230704498
230704502
230704544
230704558
230704559
230704561
230704594
230704643
230704659
230704702
230704703
230704707
230704712
230704713
230704723
230704751
230704757
230704764
230704793
230704803
230704824
230704833
230704840
230704843
230704844
230704851
230704891
230705075
230705087
230705113
230705115
230705132
230705160
230705171
230705189
230705214
230705242
230705249
230705283
230705304
230705320
230705330
230705332
230705335
230705381
230705393
230705417
230705426
230705430
230705492
230705516
230705545
230705605
230705612
230705624
230705627
230705674
230705696
230705707
230705725
230705745
230705766
230705786
230705804
230705824
230705879
230705880
230705915
230705927
230705965
230705976
230706001
230706049
230706080
230706081
230706132
230706158
230706170
230706223
230706230
230706251
230706282
230706312
230706319
230706321
230706371
230706375
230706414
230706446
230706462
230706476
230706490
230706536
230706565
230706590
230706608
230706614
230706622
230706634
230706661
230706704
230706722
230706729
230706757
230706842
230706872
230706906
230706978
230707013
230707040
230707048
230707071
230707081
230707102
230707106
230707147
230707164
230707205
230707211
230707226
230707227
230707233
230707236
230707238
230707249
230707250
230707256
230707274
230707279
230707321
230707368
230707383
230707397
230707406
230707435
230707476
230707513
230707559
230707569
230707581
230707608
230707619
230707638
230707659
230707675
230707676
230707678
230707681
230707682
230707692
230707710
230707754
230707813
230707825
230707834
230707859
230707869
230707877
230707896
230707965
230707982
230707984
230708006
230708029
230708083
230708087
230708114
230708130
230708145
230708181
230708214
230708239
230708240
230708266
230708306
230708310
230708325
230708341
230708380
230708413
230708426
230708444
230708453
230708506
230708509
230708521
230708537
230708567
230708625
230708661
230708670
230708691
230708694
230708727
230708728
230708734
230708741
230708794
230708804
230708807
230708835
230708916
230708946
230708949
230708950
230708964
230709003
230709016
230709019
230709028
230709068
230709084
230709099
230709100
230709105
230709160
230709208
230709215
230709217
230709219
230709227
230709240
230709241
230709246
230709255
230709282
230709283
230709284
230709299
230709345
230709350
230709385
230709387
230709418
230709420
230709437
230709440
230709444
230709453
230709454
230709456
230709466
230709482
230709489
230709522
230709567
230709583
230709587
230709596
230709600
230709607
230709629
230709658
230709659
230709670
230709692
230709693
230709694
230709713
230709721
230709735
230709748
230709760
230709769
230709790
230709793
230709830
230709841
230709857
230709873
230709874
230709926
230709933
230709938
230709980
230710031
230710047
230710050
230710060
230710090
230710095
230710100
230710119
230710126
230710145
230710184
230710240
230710269
230710281
230710339
230710391
230710405
230710406
230710413
230710421
230710450
230710477
230710519
230710576
230710594
230710656
230710678
230710682
230710688
230710689
230710709
230710794
230710795
230710830
230710831
230710855
230710859
230710861
230710875
230710890
230710897
230710919
230710921
230710926
230710936
230710984
230710991
230710999
230711017
230711044
230711058
230711061
230711074
230711086
230711153
230711157
230711163
230711186
230711195
230711207
230711216
230711220
230711231
230711238
230711256
230711259
230711291
230711350
230711365
230711385
230711405
230711415
230711431
230711432
230711437
230711450
230711451
230711471
230711526
230711532
230711542
230711566
230711584
230711586
230711588
230711601
230711609
230711614
230711706
230711760
230711783
230711835
230711849
230711895
230711926
230711966
230712001
230712014
230712026
230712036
230712052
230712060
230712086
230712089
230712092
230712113
230712135
230712138
230712163
230712199
230712210
230712219
230712220
230712229
230712293
230712298
230712344
230712355
230712356
230712358
230712378
230712417
230712426
230712449
230712450
230712479
230712503
230712511
230712520
230712573
230712582
230712609
230712612
230712619
230712635
230712642
230712649
230712650
230712662
230712666
230712668
230712689
230712722
230712727
230712742
230712766
230712794
230712812
230712845
230712887
230712896
230712924
230713005
230713006
230713024
230713057
230713070
230713089
230713096
230713108
230713110
230713114
230713122
230713128
230713132
230713133
230713146
230713183
230713189
230713199
230713216
230713218
230713234
230713237
230713268
230713269
230713281
230713300
230713301
230713308
230713313
230713344
230713347
230713352
230713358
230713410
230713419
230713424
230713435
230713438
230713451
230713459
230713477
230713488
230713491
230713514
230713533
230713606
230713626
230713651
230713672
230713675
230713687
230713705
230713779
230713789
230713833
230713857
230713870
230713925
230713927
230713975
230713989
230713996
230714045
230714051
230714065
230714083
230714089
230714093
230714094
230714109
230714121
230714125
230714129
230714146
230714181
230714184
230714214
230714292
230714301
230714336
230714361
230714367
230714424
230714433
230714460
230714504
230714508
230714526
230714559
230714579
230714584
230714588
230714605
230714646
230714711
230714733
230714741
230714745
230714747
230714792
230714802
230714841
230714873
230714923
230714929
230714932
230714943
230714970
230714987
230715040
230715073
230715080
230715081
230715140
230715157
230715159
230715186
230715200
230715205
230715227
230715235
230715250
230715273
230715289
230715301
230715317
230715363
230715370
230715417
230715419
230715426
230715552
230715562
230715566
230715577
230715630
230715662
230715692
230715706
230715715
230715733
230715784
230715787
230715827
230715830
230715833
230715839
230715847
230715861
230715981
230716009
230716040
230716062
230716118
230716130
230716145
230716150
230716154
230716195
230716201
230716204
230716221
230716223
230716229
230716241
230716242
230716246
230716267
230716271
230716272
230716281
230716288
230716366
230716372
230716422
230716429
230716447
230716453
230716473
230716475
230716518
230716523
230716549
230716561
230716564
230716584
230716618
230716645
230716687
230716707
230716747
230716753
230716761
230716801
230716805
230716832
230716840
230716869
230716870
230716885
230716897
230800007
230800016
230800030
230800045
230800070
230800075
230800107
230800117
230800144
230800192
230800202
230800211
230800236
230800342
230800380
230800393
230800413
230800435
230800446
230800456
230800459
230800466
230800495
230800504
230800530
230800575
230800579
230800588
230800641
230800652
230800670
230800672
230800697
230800702
230800719
230800726
230800783
230800807
230800837
230800916
230800929
230800945
230800983
230800995
230801019
230801047
230801054
230801080
230801090
230801095
230801101
230801119
230801136
230801138
230801146
230801164
230801165
230801166
230801172
230801173
230801186
230801187
230801248
230801261
230801271
230801312
230801323
230801326
230801333
230801344
230801354
230801361
230801362
230801417
230801431
230801441
230801459
230801502
230801515
230801537
230801541
230801556
230801558
230801568
230801599
230801618
230801641
230801674
230801697
230801713
230801721
230801723
230801826
230801926
230801949
230801965
230801994
230802010
230802054
230802099
230802125
230802180
230802184
230802230
230802257
230802268
230802312
230802316
230802322
230802345
230802347
230802369
230802384
230802419
230802467
230802479
230802551
230802615
230802618
230802665
230802673
230802674
230802675
230802760
230802774
230802780
230802784
230802855
230802916
230802924
230802938
230802950
230802965
230803005
230803103
230803108
230803121
230803139
230803157
230803168
230803173
230803177
230803179
230803187
230803188
230803215
230803221
230803235
230803238
230803250
230803275
230803311
230803325
230803335
230803359
230803370
230803376
230803379
230803392
230803416
230803448
230803501
230803511
230803516
230803519
230803529
230803530
230803532
230803537
230803548
230803557
230803596
230803597
230803617
230803628
230803630
230803648
230803658
230803670
230803673
230803676
230803677
230803690
230803712
230803717
230803752
230803776
230803777
230803793
230803807
230803939
230803941
230803956
230804000
230804040
230804046
230804063
230804072
230804090
230804126
230804134
230804206
230804213
230804219
230804247
230804255
230804259
230804261
230804347
230804352
230804359
230804369
230804396
230804423
230804436
230804493
230804539
230804557
230804575
230804588
230804617
230804641
230804656
230804659
230804670
230804702
230804771
230804788
230804798
230804833
230804841
230804864
230804876
230804880
230804921
230804932
230804987
230804989
230805006
230805037
230805039
230805066
230805133
230805134
230805144
230805184
230805186
230805190
230805226
230805234
230805258
230805262
230805322
230805331
230805390
230805410
230805431
230805433
230805487
230805489
230805513
230805514
230805527
230805535
230805541
230805542
230805571
230805575
230805597
230805604
230805621
230805682
230805722
230805733
230805737
230805738
230805744
230805786
230805794
230805841
230805850
230805862
230805892
230805998
230806012
230806017
230806036
230806044
230806057
230806063
230806064
230806108
230806136
230806151
230806155
230806165
230806175
230806184
230806212
230806240
230806281
230806324
230806335
230806352
230806356
230806397
230806404
230806407
230806424
230806427
230806455
230806456
230806462
230806501
230806546
230806549
230806605
230806625
230806628
230806635
230806659
230806669
230806687
230806767
230806770
230806784
230806824
230806825
230806828
230806841
230806857
230806880
230806898
230806926
230806928
230806977
230806983
230806985
230807018
230807031
230807038
230807043
230807052
230807079
230807104
230807132
230807137
230807159
230807180
230807211
230807231
230807233
230807246
230807272
230807277
230807306
230807341
230807357
230807369
230807370
230807424
230807538
230807626
230807649
230807665
230807672
230807685
230807776
230807780
230807793
230807797
230807806
230807833
230807858
230807871
230807908
230807916
230807931
230807938
230807957
230807974
230807993
230808001
230808008
230808015
230808064
230808080
230808094
230808096
230808099
230808105
230808116
230808138
230808148
230808154
230808250
230808257
230808283
230808296
230808343
230808347
230808359
230808376
230808377
230808406
230808428
230808447
230808455
230808470
230808478
230808496
230808504
230808511
230808532
230808537
230808538
230808555
230808560
230808568
230808571
230808579
230808608
230808665
230808698
230808738
230808767
230808806
230808822
230808859
230808865
230808904
230808906
230808914
230808917
230808948
230808961
230809004
230809059
230809060
230809062
230809072
230809076
230809094
230809104
230809108
230809133
230809148
230809150
230809166
230809175
230809210
230809219
230809225
230809263
230809316
230809327
230809335
230809343
230809352
230809372
230809384
230809391
230809458
230809474
230809481
230809487
230809491
230809508
230809539
230809576
230809628
230809653
230809655
230809666
230809712
230809723
230809734
230809740
230809746
230809758
230809777
230809781
230809782
230809786
230809796
230809801
230809847
230809858
230809865
230809868
230809906
230809917
230809931
230809981
230810034
230810041
230810052
230810054
230810083
230810087
230810088
230810094
230810098
230810182
230810217
230810235
230810265
230810295
230810352
230810392
230810404
230810409
230810423
230810463
230810465
230810472
230810494
230810503
230810536
230810550
230810573
230810575
230810613
230810628
230810643
230810719
230810731
230810784
230810793
230810817
230810822
230810825
230810874
230810879
230810899
230810925
230810930
230810933
230810935
230810942
230810986
230810992
230811004
230811026
230811048
230811079
230811097
230811100
230811104
230811118
230811133
230811134
230811156
230811157
230811159
230811174
230811235
230811253
230811278
230811296
230811301
230811362
230811417
230811456
230811474
230811485
230811486
230811503
230811505
230811512
230811520
230811522
230811525
230811527
230811538
230811553
230811560
230811587
230811612
230811656
230811692
230811696
230811701
230811723
230811768
230811804
230811807
230811812
230811836
230811839
230811842
230811855
230811868
230811876
230811895
230811898
230811907
230811927
230811930
230811969
230812016
230812066
230812069
230812078
230812097
230812118
230812125
230812143
230812150
230812189
230812193
230812209
230812240
230812300
230812312
230812320
230812331
230812346
230812358
230812386
230812387
230812412
230812416
230812429
230812462
230812474
230812487
230812491
230812507
230812515
230812557
230812560
230812596
230812603
230812616
230812631
230812636
230812643
230812721
230812723
230812733
230812798
230812863
230812864
230812934
230812944
230812965
230812985
230813037
230813043
230813069
230813081
230813094
230813100
230813148
230813151
230813180
230813181
230813182
230813206
230813210
230813233
230813248
230813261
230813273
230813287
230813305
230813351
230813360
230813374
230813392
230813401
230813434
230813444
230813507
230813522
230813524
230813551
230813569
230813572
230813607
230813630
230813651
230813663
230813675
230813684
230813706
230813772
230813808
230813867
230813882
230813903
230813905
230813908
230813977
230813978
230813985
230814022
230814061
230814062
230814067
230814077
230814099
230814100
230814122
230814136
230814170
230814193
230814244
230814260
230814284
230814289
230814441
230814442
230814489
230814537
230814549
230814553
230814584
230814657
230814727
230814777
230814807
230814866
230814872
230814890
230814891
230814919
230814930
230814945
230814967
230815017
230815023
230815072
230815113
230815115
230815137
230815162
230815174
230815182
230815184
230815210
230815212
230815219
230815222
230815260
230815292
230815303
230815306
230815327
230815401
230815432
230815439
230815456
230815465
230815477
230815485
230815495
230815499
230815512
230815546
230815610
230815616
230815640
230815683
230815689
230815716
230815723
230815730
230815738
230815766
230815774
230815786
230815791
230815806
230815812
230815940
230815961
230815968
230815970
230815974
230816018
230816026
230816033
230816034
230816068
230816080
230816102
230816135
230816143
230816174
230816187
230816199
230816209
230816215
230816238
230816249
230816274
230816307
230816320
230816345
230816361
230816367
230816386
230816395
230816400
230816408
230816421
230816446
230816469
230816470
230816520
230816553
230816570
230816574
230816579
230816588
230816593
230816598
230816605
230816623
230816624
230816677
230816689
230816691
230816701
230816732
230816736
230816739
230816756
230816767
230816779
230816801
230816853
230816870
230816892
230900021
230900026
230900044
230900050
230900061
230900141
230900148
230900180
230900185
230900207
230900215
230900220
230900222
230900276
230900278
230900291
230900313
230900331
230900354
230900383
230900416
230900448
230900450
230900500
230900517
230900526
230900553
230900573
230900584
230900610
230900684
230900685
230900704
230900726
230900742
230900744
230900745
230900746
230900809
230900830
230900831
230900840
230900878
230900905
230900922
230900946
230900970
230900973
230900987
230901023
230901043
230901054
230901060
230901062
230901089
230901094
230901158
230901162
230901183
230901185
230901231
230901241
230901332
230901342
230901344
230901356
230901396
230901452
230901454
230901613
230901640
230901642
230901656
230901674
230901686
230901717
230901718
230901729
230901747
230901766
230901777
230901802
230901827
230901886
230901923
230901973
230901998
230902002
230902038
230902094
230902097
230902105
230902111
230902123
230902131
230902144
230902204
230902217
230902226
230902251
230902267
230902272
230902283
230902296
230902337
230902348
230902394
230902402
230902439
230902453
230902470
230902521
230902539
230902561
230902569
230902576
230902607
230902621
230902627
230902637
230902652
230902658
230902672
230902718
230902758
230902787
230902795
230902798
230902805
230902845
230902848
230902851
230902864
230902880
230902890
230902920
230902925
230902938
230902952
230902966
230902975
230903004
230903016
230903067
230903071
230903124
230903170
230903172
230903176
230903181
230903193
230903223
230903248
230903250
230903255
230903261
230903282
230903307
230903322
230903345
230903428
230903438
230903439
230903442
230903554
230903569
230903583
230903587
230903632
230903639
230903649
230903651
230903662
230903689
230903706
230903718
230903724
230903744
230903766
230903802
230903818
230903819
230903868
230903892
230903904
230903953
230903976
230903980
230904054
230904070
230904079
230904088
230904134
230904196
230904236
230904257
230904314
230904318
230904338
230904359
230904372
230904379
230904412
230904417
230904476
230904482
230904494
230904545
230904552
230904556
230904563
230904593
230904650
230904660
230904667
230904683
230904698
230904703
230904725
230904774
230904780
230904781
230904833
230904841
230904852
230904859
230904875
230904883
230904900
230904907
230904911
230904921
230904933
230904981
230905122
230905124
230905135
230905153
230905167
230905204
230905205
230905226
230905242
230905246
230905260
230905276
230905284
230905293
230905301
230905311
230905312
230905347
230905360
230905392
230905404
230905420
230905437
230905441
230905455
230905506
230905598
230905613
230905621
230905637
230905641
230905661
230905665
230905682
230905698
230905708
230905727
230905816
230905817
230905851
230905862
230905883
230905914
230905917
230905934
230905959
230905970
230905997
230906011
230906050
230906054
230906083
230906090
230906099
230906124
230906125
230906128
230906131
230906145
230906148
230906162
230906166
230906200
230906213
230906243
230906290
230906331
230906333
230906352
230906393
230906394
230906399
230906404
230906463
230906514
230906539
230906559
230906611
230906618
230906660
230906687
230906702
230906706
230906786
230906797
230906800
230906830
230906870
230907004
230907123
230907175
230907189
230907197
230907229
230907230
230907231
230907239
230907260
230907262
230907266
230907274
230907294
230907301
230907315
230907320
230907327
230907339
230907376
230907383
230907397
230907437
230907466
230907473
230907535
230907555
230907655
230907684
230907716
230907737
230907753
230907760
230907772
230907776
230907796
230907804
230907821
230907831
230907849
230907938
230907950
230907953
230907959
230907968
230907985
230907987
230908011
230908043
230908061
230908063
230908083
230908128
230908134
230908210
230908211
230908293
230908306
230908308
230908317
230908355
230908360
230908381
230908398
230908446
230908451
230908482
230908489
230908519
230908531
230908551
230908644
230908650
230908652
230908658
230908715
230908717
230908722
230908765
230908785
230908807
230908873
230908890
230908927
230908946
230908983
230909015
230909019
230909041
230909099
230909108
230909162
230909187
230909220
230909230
230909256
230909281
230909309
230909321
230909342
230909345
230909396
230909423
230909431
230909496
230909513
230909544
230909612
230909625
230909653
230909666
230909682
230909685
230909703
230909709
230909713
230909714
230909716
230909731
230909750
230909775
230909816
230909881
230909896
230909898
230909934
230909971
230909999
230910009
230910025
230910027
230910042
230910043
230910046
230910082
230910084
230910085
230910086
230910186
230910187
230910197
230910213
230910250
230910254
230910268
230910287
230910293
230910306
230910322
230910341
230910360
230910369
230910381
230910455
230910470
230910535
230910541
230910546
230910562
230910623
230910637
230910673
230910696
230910698
230910755
230910785
230910790
230910800
230910821
230910854
230910856
230910864
230910877
230910888
230910903
230910906
230910918
230910929
230910971
230910981
230910989
230911007
230911128
230911133
230911158
230911167
230911178
230911179
230911187
230911197
230911201
230911254
230911263
230911278
230911339
230911367
230911388
230911390
230911412
230911424
230911448
230911514
230911526
230911531
230911536
230911608
230911635
230911677
230911702
230911714
230911737
230911769
230911798
230911799
230911838
230911854
230911870
230911872
230911906
230911910
230911911
230911912
230911920
230912006
230912013
230912047
230912073
230912077
230912080
230912100
230912113
230912157
230912164
230912182
230912191
230912216
230912228
230912270
230912271
230912276
230912306
230912323
230912324
230912364
230912388
230912395
230912405
230912416
230912426
230912436
230912450
230912455
230912475
230912540
230912576
230912605
230912646
230912655
230912698
230912722
230912740
230912745
230912774
230912826
230912856
230912860
230912863
230912865
230912895
230912907
230912947
230912976
230912999
230913000
230913021
230913028
230913034
230913112
230913129
230913136
230913157
230913180
230913183
230913198
230913208
230913234
230913267
230913297
230913323
230913368
230913435
230913437
230913452
230913466
230913495
230913533
230913554
230913587
230913598
230913653
230913665
230913687
230913710
230913752
230913754
230913845
230913861
230913888
230913909
230913929
230913934
230913961
230914025
230914031
230914046
230914070
230914088
230914105
230914156
230914172
230914197
230914200
230914230
230914250
230914277
230914284
230914290
230914307
230914351
230914354
230914365
230914402
230914421
230914449
230914456
230914460
230914463
230914464
230914472
230914506
230914531
230914540
230914547
230914552
230914582
230914643
230914655
230914664
230914669
230914685
230914727
230914756
230914789
230914804
230914806
230914809
230914858
230914860
230914861
230914889
230914923
230914944
230914962
230914976
230914994
230914996
230915002
230915010
230915013
230915041
230915046
230915144
230915167
230915169
230915173
230915212
230915213
230915238
230915241
230915256
230915265
230915296
230915299
230915303
230915310
230915339
230915386
230915407
230915422
230915452
230915475
230915515
230915517
230915518
230915531
230915544
230915582
230915626
230915637
230915644
230915647
230915651
230915698
230915729
230915730
230915737
230915739
230915742
230915748
230915781
230915790
230915801
230915813
230915823
230915826
230915845
230915865
230915880
230915903
230915910
230915944
230915970
230915982
230915992
230916000
230916008
230916025
230916035
230916047
230916102
230916129
230916133
230916165
230916175
230916188
230916189
230916210
230916268
230916280
230916296
230916298
230916303
230916332
230916334
230916357
230916363
230916369
230916380
230916385
230916419
230916453
230916493
230916495
230916497
230916526
230916532
230916558
230916559
230916566
230916585
230916624
230916627
230916637
230916669
230916685
230916706
230916711
230916740
230916754
230916759
230916781
230916787
230916830
230916863
230916872
230916945
230916961
230916976
230917018
230917031
230917036
230917042
230917045
230917046
230917052
230917059
230917096
230917101
230917109
230917167
230917188
230917194
230917198
230917200
230917252
230917272
230917297
230917301
230917316
230917322
230917328
230917330
230917342
230917349
230917374
230917380
230917442
230917453
230_(number)
230_athamantis
230_bc
230_min
230th_brigade_support_battalion
230th_coastal_division_italy
230th_infantry_coastal_defense_division
230th_mechanized_infantry_regiment
230th_rifle_division
230th_sustainment_brigade_united_states
231000004
231000054
231000060
231000090
231000095
231000117
231000125
231000174
231000177
231000207
231000241
231000258
231000261
231000277
231000284
231000296
231000324
231000355
231000391
231000409
231000412
231000415
231000436
231000481
231000503
231000542
231000544
231000577
231000590
231000595
231000606
231000609
231000622
231000635
231000643
231000682
231000731
231000736
231000753
231000763
231000774
231000835
231000846
231000849
231000866
231000876
231000894
231000937
231000958
231000995
231001041
231001131
231001159
231001177
231001183
231001187
231001198
231001209
231001232
231001255
231001256
231001271
231001302
231001333
231001370
231001384
231001453
231001460
231001471
231001475
231001486
231001539
231001544
231001576
231001623
231001626
231001632
231001687
231001744
231001755
231001781
231001806
231001818
231001825
231001855
231001889
231001916
231001919
231001965
231002007
231002016
231002019
231002028
231002071
231002075
231002122
231002146
231002149
231002178
231002193
231002197
231002200
231002220
231002252
231002281
231002318
231002324
231002341
231002351
231002360
231002409
231002447
231002480
231002516
231002544
231002571
231002608
231002633
231002653
231002667
231002668
231002679
231002682
231002724
231002745
231002753
231002786
231002790
231002800
231002875
231002897
231002899
231002903
231002915
231002921
231002948
231002958
231002986
231002990
231002993
231003007
231003014
231003027
231003039
231003043
231003048
231003103
231003104
231003124
231003126
231003128
231003142
231003186
231003227
231003250
231003278
231003288
231003300
231003320
231003340
231003367
231003379
231003385
231003474
231003503
231003541
231003551
231003559
231003576
231003616
231003617
231003700
231003718
231003725
231003735
231003746
231003749
231003752
231003757
231003786
231003795
231003820
231003828
231003898
231003904
231003929
231003932
231003975
231004018
231004042
231004071
231004082
231004138
231004146
231004167
231004195
231004211
231004253
231004263
231004276
231004279
231004282
231004375
231004407
231004428
231004515
231004555
231004582
231004594
231004598
231004599
231004607
231004626
231004672
231004681
231004684
231004711
231004738
231004757
231004767
231004781
231004782
231004796
231004841
231004851
231004922
231004937
231004941
231004959
231004965
231004978
231004999
231005000
231005015
231005023
231005066
231005067
231005143
231005179
231005205
231005222
231005290
231005352
231005353
231005363
231005365
231005384
231005423
231005443
231005444
231005452
231005467
231005471
231005492
231005493
231005533
231005538
231005566
231005596
231005606
231005615
231005649
231005659
231005668
231005703
231005724
231005746
231005749
231005757
231005844
231005887
231005902
231005930
231006000
231006002
231006022
231006030
231006067
231006097
231006116
231006135
231006147
231006148
231006157
231006170
231006171
231006172
231006262
231006281
231006283
231006287
231006310
231006409
231006419
231006435
231006438
231006468
231006509
231006519
231006581
231006652
231006717
231006767
231006786
231006831
231006832
231006836
231006870
231006882
231006898
231006915
231006934
231006980
231006993
231006995
231006996
231007010
231007034
231007045
231007046
231007051
231007068
231007081
231007118
231007125
231007191
231007208
231007224
231007239
231007252
231007267
231007276
231007408
231007410
231007423
231007458
231007467
231007488
231007517
231007532
231007549
231007556
231007600
231007603
231007612
231007614
231007621
231007647
231007654
231007661
231007679
231007698
231007708
231007737
231007751
231007754
231007769
231007785
231007791
231007810
231007814
231007819
231007823
231007825
231007863
231007865
231007877
231007993
231007999
231008013
231008024
231008053
231008061
231008078
231008081
231008082
231008088
231008112
231008158
231008166
231008185
231008201
231008231
231008246
231008247
231008251
231008282
231008294
231008321
231008358
231008370
231008385
231008448
231008461
231008462
231008491
231008494
231008497
231008505
231008522
231008535
231008538
231008540
231008554
231008557
231008614
231008630
231008678
231008746
231008782
231008806
231008809
231008816
231008825
231008836
231008855
231008873
231008900
231008927
231008938
231008943
231008967
231008979
231009076
231009111
231009113
231009126
231009148
231009151
231009175
231009193
231009198
231009202
231009216
231009233
231009234
231009279
231009298
231009322
231009324
231009331
231009369
231009378
231009410
231009468
231009469
231009473
231009488
231009502
231009504
231009510
231009514
231009537
231009579
231009581
231009586
231009587
231009598
231009602
231009605
231009621
231009660
231009683
231009685
231009738
231009751
231009764
231009771
231009788
231009789
231009792
231009814
231009842
231009852
231009896
231009937
231009939
231009946
231009957
231009972
231009983
231009989
231009996
231010055
231010070
231010083
231010093
231010118
231010136
231010240
231010250
231010268
231010322
231010339
231010344
231010359
231010369
231010389
231010416
231010432
231010436
231010439
231010521
231010523
231010528
231010572
231010636
231010657
231010661
231010672
231010677
231010705
231010713
231010718
231010721
231010731
231010745
231010765
231010775
231010842
231010859
231010886
231010919
231010920
231010929
231010934
231010945
231010971
231010976
231011041
231011042
231011051
231011062
231011074
231011102
231011110
231011136
231011155
231011177
231011219
231011263
231011267
231011278
231011304
231011341
231011382
231011416
231011441
231011461
231011487
231011547
231011554
231011561
231011564
231011587
231011624
231011638
231011639
231011655
231011682
231011695
231011710
231011738
231011749
231011788
231011793
231011822
231011834
231011858
231011862
231011874
231011887
231011889
231011918
231011923
231011949
231012047
231012070
231012083
231012095
231012101
231012118
231012126
231012154
231012158
231012218
231012221
231012225
231012252
231012259
231012263
231012300
231012351
231012377
231012386
231012388
231012396
231012405
231012416
231012438
231012456
231012491
231012515
231012522
231012553
231012564
231012615
231012628
231012642
231012663
231012698
231012744
231012758
231012813
231012861
231012866
231012923
231012935
231012967
231012971
231013050
231013051
231013078
231013088
231013092
231013106
231013110
231013117
231013153
231013160
231013183
231013214
231013216
231013244
231013270
231013275
231013354
231013362
231013385
231013394
231013395
231013406
231013409
231013414
231013427
231013436
231013459
231013518
231013554
231013562
231013573
231013574
231013616
231013644
231013682
231013726
231013762
231013794
231013815
231013819
231013846
231013852
231013884
231013912
231013927
231013942
231014033
231014071
231014093
231014140
231014149
231014161
231014205
231014214
231014228
231014245
231014252
231014331
231014352
231014374
231014391
231014398
231014403
231014436
231014479
231014486
231014514
231014556
231014574
231014580
231014623
231014664
231014712
231014765
231014798
231014840
231014845
231014858
231014860
231014891
231014912
231014938
231014952
231014987
231014989
231015002
231015020
231015030
231015042
231015045
231015069
231015077
231015095
231015108
231015119
231015145
231015151
231015153
231015186
231015222
231015228
231015252
231015256
231015296
231015308
231015327
231015355
231015413
231015419
231015426
231015459
231015474
231015492
231015499
231015545
231015588
231015608
231015631
231015683
231015696
231015744
231015747
231015755
231015787
231015790
231015791
231015826
231015882
231015886
231015931
231015978
231016010
231016035
231016037
231016054
231016077
231016080
231016087
231016118
231016121
231016228
231016230
231016251
231016280
231016282
231016327
231016343
231016366
231016382
231016402
231016438
231016450
231016457
231016550
231016551
231016559
231016584
231016603
231016630
231016631
231016694
231016707
231016722
231016728
231016750
231016751
231016773
231016800
231016857
231016862
231016895
231016899
231016974
231016977
231016979
231016985
231016994
231017000
231017055
231017070
231017084
231017102
231017108
231017109
231017154
231017179
231017183
231017186
231017205
231017207
231017242
231017255
231017291
231017327
231017353
231017410
231017450
231017466
231017479
231017504
231017506
231017515
231017558
231017564
231017582
231017591
231017592
231017617
231017621
231017640
231017650
231017677
231017724
231017745
231017776
231017809
231017836
231017847
231017889
231017897
231017919
231017938
231017940
231017942
231017948
231017954
231018030
231018039
231018041
231018042
231018043
231018072
231018092
231018098
231018117
231018142
231018181
231018209
231018215
231018224
231018227
231018239
231018240
231018250
231018259
231018264
231018302
231018311
231018364
231018370
231018417
231018439
231018460
231018550
231018572
231018584
231018628
231018642
231018671
231018672
231018678
231018701
231018721
231018728
231018734
231018738
231018755
231018776
231018778
231018854
231018876
231018924
231018960
231019010
231019028
231019037
231019060
231019063
231019095
231019141
231019151
231019179
231019196
231019202
231019241
231019253
231019258
231019275
231019286
231019288
231019299
231019305
231019327
231019335
231019340
231019347
231019350
231019422
231019465
231019481
231019482
231019486
231019548
231019562
231019593
231019621
231019624
231019644
231019649
231019653
231019655
231019668
231019672
231019680
231019697
231019713
231019717
231019742
231019743
231019765
231019818
231019888
231019913
231019934
231019935
231019947
231019978
231020012
231020014
231020117
231020136
231020149
231020153
231020233
231020235
231020241
231020256
231020284
231020297
231020337
231020405
231020419
231020441
231020472
231020479
231020487
231020513
231020530
231020573
231020576
231020594
231020615
231020646
231020685
231045-0637
231100005
231100007
231100018
231100027
231100033
231100059
231100074
231100190
231100225
231100238
231100253
231100307
231100345
231100358
231100362
231100388
231100390
231100407
231100431
231100441
231100449
231100481
231100484
231100530
231100544
231100656
231100661
231100678
231100684
231100753
231100764
231100785
231100788
231100804
231100826
231100872
231100883
231100887
231100898
231100953
231100975
231100987
231101056
231101089
231101171
231101218
231101219
231101224
231101229
231101257
231101310
231101312
231101334
231101345
231101393
231101430
231101487
231101491
231101493
231101525
231101552
231101553
231101557
231101560
231101600
231101635
231101654
231101663
231101684
231101703
231101714
231101715
231101754
231101782
231101786
231101789
231101794
231101799
231101802
231101811
231101879
231101894
231101910
231101949
231101951
231101954
231101968
231102014
231102124
231102163
231102170
231102217
231102248
231102250
231102253
231102274
231102282
231102283
231102300
231102313
231102314
231102331
231102397
231102466
231102485
231102499
231102527
231102545
231102558
231102565
231102582
231102603
231102629
231102642
231102698
231102739
231102780
231102943
231102946
231102947
231102994
231103005
231103024
231103052
231103073
231103079
231103113
231103123
231103125
231103146
231103168
231103170
231103182
231103188
231103199
231103256
231103296
231103320
231103341
231103346
231103410
231103442
231103450
231103456
231103464
231103504
231103511
231103515
231103525
231103609
231103612
231103655
231103669
231103690
231103694
231103745
231103755
231103769
231103774
231103787
231103809
231103818
231103828
231103847
231103852
231103891
231103901
231103909
231103953
231103973
231104001
231104005
231104006
231104035
231104038
231104047
231104050
231104057
231104079
231104091
231104097
231104113
231104120
231104121
231104142
231104156
231104163
231104180
231104205
231104218
231104219
231104297
231104308
231104337
231104344
231104354
231104368
231104421
231104432
231104466
231104497
231104522
231104528
231104553
231104582
231104594
231104617
231104627
231104650
231104707
231104793
231104797
231104821
231104831
231104845
231104848
231104857
231104872
231104966
231104971
231104990
231105006
231105038
231105052
231105064
231105066
231105089
231105099
231105100
231105107
231105260
231105265
231105268
231105280
231105286
231105339
231105359
231105364
231105387
231105396
231105435
231105447
231105474
231105504
231105507
231105527
231105532
231105535
231105540
231105551
231105591
231105598
231105617
231105628
231105655
231105684
231105696
231105704
231105741
231105765
231105768
231105782
231105790
231105821
231105827
231105837
231105852
231105878
231105887
231105893
231105945
231105948
231105953
231105962
231105976
231105990
231106029
231106030
231106128
231106152
231106209
231106228
231106243
231106250
231106273
231106338
231106350
231106353
231106354
231106389
231106407
231106417
231106419
231106444
231106458
231106474
231106490
231106510
231106516
231106518
231106519
231106577
231106613
231106678
231106691
231106770
231106778
231106780
231106804
231106892
231106901
231106921
231106927
231106954
231106979
231107005
231107013
231107041
231107052
231107091
231107103
231107107
231107135
231107166
231107177
231107208
231107245
231107263
231107301
231107310
231107328
231107361
231107379
231107428
231107435
231107442
231107448
231107478
231107504
231107511
231107519
231107536
231107555
231107608
231107625
231107667
231107668
231107684
231107691
231107753
231107772
231107818
231107824
231107913
231107914
231107993
231108005
231108007
231108053
231108074
231108100
231108123
231108182
231108188
231108193
231108231
231108238
231108283
231108290
231108291
231108301
231108306
231108308
231108352
231108365
231108398
231108400
231108424
231108432
231108440
231108465
231108473
231108545
231108602
231108620
231108628
231108641
231108688
231108722
231108738
231108764
231108765
231108773
231108780
231108803
231108806
231108864
231108907
231108942
231108962
231108976
231108980
231109037
231109044
231109050
231109057
231109058
231109072
231109092
231109103
231109105
231109120
231109125
231109127
231109144
231109169
231109180
231109187
231109236
231109243
231109249
231109282
231109308
231109344
231109393
231109395
231109401
231109410
231109480
231109509
231109513
231109548
231109569
231109571
231109572
231109574
231109607
231109706
231109712
231109721
231109739
231109740
231109742
231109750
231109765
231109800
231109801
231109840
231109888
231109907
231109926
231109940
231109963
231109975
231110011
231110024
231110079
231110082
231110085
231110087
231110093
231110231
231110243
231110287
231110321
231110329
231110348
231110418
231110453
231110454
231110492
231110508
231110511
231110574
231110595
231110629
231110631
231110661
231110674
231110706
231110710
231110746
231110768
231110771
231110828
231110909
231110916
231110960
231111007
231111027
231111040
231111054
231111058
231111098
231111167
231111196
231111210
231111218
231111225
231111260
231111264
231111458
231111468
231111510
231111555
231111596
231111640
231111654
231111663
231111672
231111678
231111687
231111694
231111696
231111709
231111713
231111759
231111845
231111893
231111909
231111930
231111941
231111954
231111962
231111972
231111984
231112013
231112092
231112111
231112112
231112129
231112133
231112148
231112152
231112157
231112173
231112184
231112205
231112210
231112244
231112278
231112286
231112297
231112307
231112358
231112361
231112362
231112363
231112369
231112377
231112429
231112446
231112498
231112566
231112584
231112607
231112611
231112628
231112668
231112679
231112683
231112728
231112738
231112740
231112774
231112808
231112814
231112818
231112820
231112827
231112858
231112938
231113015
231113028
231113035
231113053
231113062
231113067
231113074
231113092
231113116
231113156
231113168
231113189
231113213
231113222
231113231
231113257
231113267
231113268
231113269
231113292
231113297
231113299
231113323
231113347
231113361
231113459
231113466
231113471
231113474
231113479
231113485
231113523
231113541
231113545
231113547
231113556
231113587
231113630
231113663
231113673
231113683
231113714
231113755
231113847
231113859
231113880
231113894
231113901
231113950
231113956
231113963
231114000
231114027
231114042
231114043
231114081
231114091
231114097
231114100
231114107
231114120
231114129
231114232
231114237
231114276
231114353
231114414
231114420
231114425
231114447
231114462
231114472
231114523
231114530
231114535
231114550
231114553
231114604
231114681
231114730
231114732
231114754
231114790
231114793
231114797
231114800
231114806
231114812
231114830
231114851
231114867
231114872
231114979
231115070
231115099
231115102
231115130
231115142
231115201
231115222
231115235
231115334
231115336
231115346
231115367
231115379
231115393
231115405
231115435
231115447
231115470
231115476
231115509
231115518
231115530
231115540
231115549
231115567
231115606
231115621
231115661
231115673
231115689
231115704
231115709
231115711
231115717
231115749
231115751
231115773
231115781
231115791
231115795
231115803
231115811
231115858
231115882
231115906
231115908
231115960
231116017
231116053
231116101
231116165
231116190
231116224
231116225
231116258
231116319
231116329
231116369
231116425
231116449
231116460
231116472
231116483
231116500
231116514
231116540
231116576
231116583
231116607
231116641
231116643
231116648
231116654
231116686
231116689
231116694
231116707
231116713
231116798
231116849
231116871
231116887
231116889
231116900
231116911
231116913
231116915
231116937
231116963
231116968
231116971
231117006
231117016
231117043
231117055
231117095
231117103
231117131
231117141
231117170
231117204
231117222
231117242
231117253
231117267
231117288
231117295
231117312
231117332
231117334
231117339
231117340
231117434
231117440
231117470
231117489
231117499
231117509
231117540
231117595
231117637
231117645
231117737
231117742
231117776
231117781
231117865
231117928
231117939
231117947
231117971
231117975
231117992
231118008
231118019
231118027
231118031
231118034
231118070
231118102
231118105
231118126
231118131
231118149
231118150
231118185
231118196
231118256
231118264
231118265
231118278
231118290
231118341
231118346
231118357
231118362
231118376
231118387
231118395
231118397
231118404
231118425
231118448
231118470
231118471
231118489
231118508
231118518
231118527
231118530
231118548
231118550
231118565
231118569
231118589
231118610
231118653
231118661
231118664
231118682
231118732
231118738
231118781
231118785
231118809
231118835
2311_el_leoncito
2311_novel
231200004
231200075
231200120
231200128
231200134
231200215
231200219
231200230
231200261
231200336
231200340
231200353
231200377
231200401
231200425
231200441
231200467
231200494
231200497
231200501
231200561
231200565
231200572
231200576
231200577
231200590
231200593
231200608
231200628
231200640
231200656
231200708
231200720
231200724
231200746
231200759
231200823
231200833
231200847
231200848
231200855
231200889
231200892
231200917
231200923
231200940
231201020
231201036
231201062
231201063
231201120
231201150
231201158
231201199
231201213
231201220
231201226
231201249
231201251
231201254
231201283
231201288
231201324
231201365
231201372
231201417
231201469
231201502
231201536
231201540
231201561
231201582
231201613
231201622
231201644
231201684
231201689
231201699
231201776
231201791
231201817
231201828
231201878
231201965
231201979
231201981
231201990
231202018
231202105
231202120
231202136
231202144
231202175
231202189
231202215
231202230
231202243
231202255
231202279
231202335
231202340
231202360
231202383
231202392
231202458
231202476
231202528
231202547
231202607
231202620
231202624
231202628
231202661
231202670
231202672
231202746
231202759
231202774
231202795
231202827
231202828
231202832
231202841
231202853
231202861
231202876
231202918
231202919
231202929
231202944
231202965
231202972
231202994
231203014
231203029
231203061
231203068
231203101
231203117
231203135
231203156
231203160
231203162
231203172
231203175
231203263
231203273
231203284
231203289
231203315
231203328
231203332
231203337
231203339
231203366
231203373
231203382
231203443
231203457
231203463
231203471
231203517
231203519
231203522
231203530
231203543
231203549
231203576
231203582
231203605
231203653
231203713
231203716
231203732
231203739
231203752
231203771
231203782
231203831
231203863
231203866
231203876
231203880
231203885
231203898
231203930
231203940
231203954
231203985
231204003
231204018
231204038
231204122
231204123
231204145
231204150
231204162
231204190
231204229
231204241
231204297
231204311
231204378
231204383
231204393
231204438
231204448
231204456
231204474
231204493
231204511
231204512
231204521
231204547
231204556
231204559
231204586
231204659
231204673
231204704
231204781
231204783
231204812
231204815
231204822
231204836
231204854
231204857
231204864
231204865
231204872
231204889
231204892
231204940
231204943
231204968
231204973
231204975
231204985
231204987
231204993
231205009
231205011
231205019
231205037
231205090
231205112
231205119
231205127
231205128
231205155
231205159
231205178
231205183
231205191
231205211
231205224
231205240
231205315
231205337
231205388
231205396
231205406
231205407
231205409
231205426
231205535
231205537
231205564
231205580
231205582
231205589
231205666
231205675
231205684
231205731
231205736
231205756
231205764
231205773
231205778
231205811
231205835
231205843
231205867
231205870
231205873
231205877
231205883
231205929
231205961
231205966
231206000
231206009
231206022
231206023
231206173
231206202
231206221
231206230
231206234
231206265
231206279
231206290
231206314
231206363
231206369
231206401
231206405
231206442
231206459
231206462
231206464
231206495
231206536
231206556
231206620
231206625
231206626
231206640
231206651
231206668
231206683
231206703
231206738
231206751
231206756
231206767
231206829
231206843
231206902
231206904
231206932
231206961
231206969
231206976
231207007
231207008
231207026
231207029
231207085
231207101
231207103
231207110
231207150
231207165
231207169
231207181
231207226
231207233
231207251
231207258
231207280
231207312
231207315
231207355
231207370
231207394
231207398
231207406
231207430
231207442
231207458
231207482
231207488
231207500
231207504
231207524
231207532
231207615
231207622
231207641
231207646
231207656
231207676
231207678
231207700
231207704
231207737
231207752
231207811
231207828
231207850
231207854
231207858
231207867
231207877
231207878
231207897
231207903
231207957
231207959
231207981
231208029
231208050
231208073
231208079
231208095
231208096
231208110
231208121
231208146
231208147
231208150
231208163
231208169
231208170
231208197
231208209
231208227
231208260
231208262
231208296
231208321
231208418
231208455
231208474
231208499
231208523
231208536
231208577
231208590
231208603
231208634
231208642
231208703
231208718
231208724
231208739
231208750
231208785
231208802
231208804
231208834
231208867
231208874
231208884
231208890
231208915
231208917
231208927
231208942
231209049
231209050
231209068
231209114
231209217
231209234
231209244
231209283
231209365
231209373
231209404
231209498
231209506
231209507
231209509
231209529
231209530
231209545
231209582
231209597
231209604
231209631
231209635
231209647
231209668
231209671
231209683
231209686
231209692
231209708
231209721
231209722
231209745
231209766
231209836
231209910
231209920
231209926
231209939
231209984
231210040
231210042
231210050
231210129
231210211
231210271
231210300
231210309
231210325
231210352
231210357
231210375
231210387
231210407
231210413
231210426
231210433
231210457
231210469
231210471
231210479
231210518
231210521
231210591
231210666
231210682
231210702
231210717
231210719
231210741
231210792
231210821
231210881
231210904
231210919
231210938
231210939
231210979
231210986
231211047
231211058
231211083
231211090
231211093
231211105
231211144
231211165
231211178
231211192
231211217
231211233
231211255
231211257
231211269
231211273
231211315
231211350
231211363
231211366
231211370
231211383
231211391
231211410
231211448
231211466
231211517
231211554
231211574
231211575
231211594
231211595
231211601
231211616
231211623
231211628
231211635
231211636
231211641
231211649
231211665
231211686
231211705
231211729
231211741
231211747
231211758
231211782
231211814
231211837
231211838
231211841
231211897
231211945
231212007
231212021
231212038
231212063
231212070
231212076
231212102
231212126
231212132
231212142
231212160
231212180
231212229
231212246
231212275
231212281
231212293
231212312
231212339
231212376
231212397
231212430
231212438
231212450
231212454
231212474
231212478
231212499
231212520
231212579
231212583
231212606
231212675
231212716
231212750
231212776
231212834
231212848
231212868
231212876
231212888
231212894
231212906
231212910
231212952
231212975
231213013
231213075
231213077
231213079
231213119
231213120
231213134
231213146
231213180
231213188
231213195
231213226
231213279
231213311
231213337
231213341
231213374
231213376
231213386
231213414
231213416
231213417
231213424
231213435
231213436
231213449
231213467
231213541
231213561
231213572
231213597
231213620
231213628
231213647
231213679
231213728
231213754
231213785
231213805
231213862
231213896
231213956
231213971
231214006
231214021
231214050
231214091
231214096
231214108
231214146
231214184
231214197
231214270
231214279
231214331
231214347
231214353
231214354
231214371
231214398
231214399
231214423
231214444
231214456
231214469
231214523
231214527
231214547
231214548
231214614
231214643
231214743
231214768
231214788
231214795
231214797
231214838
231214866
231214892
231214911
231214925
231214958
231214965
231215036
231215052
231215104
231215125
231215157
231215161
231215166
231215175
231215178
231215235
231215329
231215346
231215360
231215373
231215392
231215393
231215401
231215407
231215411
231215418
231215438
231215443
231215495
231215496
231215529
231215534
231215554
231215557
231215586
231215596
231215625
231215626
231215658
231215662
231215665
231215688
231215705
231215727
231215787
231215809
231215814
231215848
231215849
231215861
231215870
231215872
231215890
231215909
231215916
231215925
231215929
231215930
231215966
231215967
231215973
231215987
231215998
231216000
231216011
231216035
231216038
231216054
231216072
231216095
231216105
231216122
231216123
231216134
231216166
231216167
231216199
231216211
231216217
231216219
231216225
231216279
231216281
231216284
231216287
231216341
231216418
231216443
231216451
231216460
231216476
231216506
231216514
231216524
231216526
231216538
231216544
231216546
231216549
231216551
231216570
231216587
231216622
231216635
231216638
231216639
231216656
231216657
231216669
231216679
231216684
231216701
231216729
231216735
231216736
231216742
231216747
231216757
231216761
231216763
231216767
231216790
231216797
231216801
231216804
231216813
231216828
231216852
231216901
231216905
231216926
231216969
231216970
231217006
231217034
231217061
231217062
231217075
231217106
231217108
231217133
231217135
231217139
231217152
231217193
231217272
231217297
231217304
231217310
231217313
231217404
231217442
231217456
231217464
231217491
231217541
231217549
231217562
231217577
231217606
231217638
231217659
231217668
231217681
231217715
231217742
231217748
2312_(novel)
2312_duboshin
23131_debenedictis
23135_pheidas
231_bc
231_number
231_vindobona
231st_artillery_brigade
231st_battalion_australia
231st_battalion_seaforth_highlanders_of_canada_cef
231st_brigade_united_kingdom
231st_combat_communications_squadron
231st_infantry_division_wehrmacht
231st_rifle_division
231st_street_station
2328_robeson
232_(number)
232_bc
232_russia
232d_combat_communications_squadron
232d_medical_battalion
232nd_battalion_australia
232nd_infantry_brigade_united_kingdom
232nd_infantry_division_wehrmacht
232nd_infantry_regiment_united_states
232nd_rifle_division
232nd_saskatchewan_battalion_cef
233-trimethylpentane
2335-james
233_(number)
233_asterope
233_trimethylpentane
233rd_battalion_australia
233rd_reserve_panzer_division
233rd_space_group
233rd_street_station
2340_hathor
2342-lebedev
23436_alekfursenko
2345_(book)
2345_tetrachlorophenol
2345_tetrahydro_15_methano_1_h_3_benzazepine
2345_tetrahydropyridine_26_dicarboxylate_n_succinyltransferase
2345_tetramethoxyamphetamine
2346_tetrachlorophenol
2346_tetramethoxyamphetamine
2346_tetramethoxyphenethylamine
2348_michkovitch
2349_kurchenko
234_(number)
234_barbara
234_kmh_Nigerian_Expressway_Speeding_Incident
234_pentanetrione
234_trimethylpentane
234th_Guards_Air_Assault_Regiment
234th_battalion_peel_cef
234th_intelligence_squadron
235
2353_ystrad_mynach_squadron_atc
2356_tetrachlorophenol
2356_tetramethoxyamphetamine
2356_tetramethoxyphenethylamine
2357_phereclos
2359_film
235_(number)
235_pm
235_trimethylpyrazine
235_van_buren
235th_battalion_cef
235th_rifle_division
2363_cebriones
236_(number)
236_honoria
236_pounds_of_class_vice_president_a_memoir_of_teenage_insecurity_obesity_and_virginity_(book)
236_trichlorobenzoic_acid
236th_combat_communications_squadron
236th_fighter_bomber_aviation_squadron
236th_rifle_division
23718_horgos
2378_tetrachlorodibenzofuran
237_(number)
237th_battalion_american_legion_cef
237th_cavalry_regiment_united_states
237th_infantry_division_wehrmacht
237th_rifle_division
2384_schulhof
238_(number)
238pread
238th_aviation_regiment_united_states
238th_battalion_cef
238th_cavalry_regiment_united_states
238th_infantry_regiment_imperial_japanese_army
238th_rifle_division
2391_tomita
23958_theronice
239_(number)
239_bc
239_evzone_regiment
239th_battalion_cef
239th_combat_communications_squadron
239th_fighter_aviation_division
239th_guards_tank_regiment_russia
239th_infantry_division
239th_rifle_division
23S_ribosomal_RNA
23XI_Racing
23_(Blonde_Redhead_album)
23_(Mike_Will_Made_It_song)
23_(Sam_Hunt_song)
23_(film)
23_(mixtape)
23_(number)
23_12_hours_to_live_only_hours_1_novel
23_23_album
23_Blast
23_Hours_to_Kill
23_Marina
23_Minutes_in_Hell
23_Numbers_Average_Problem
23_Observations_on_Capitalism
23_Paces_to_Baker_Street
23_Parachute_Engineer_Regiment
23_People
23_Skidoo_(band)
23_Walks
23_Wall_Street
23_andromedae
23_aquilae
23_avenue
23_bc
23_bisacetylmercaptomethylquinoxaline
23_bisphosphoglycerate_3_phosphatase
23_camelopardalis
23_chayce_beckham_song
23_comae_berenices
23_crows_perch_(book)
23_days_in_july_inside_the_tour_de_france_and_lance_armstrongs_record_breaking_victory
23_days_in_july_inside_the_tour_de_france_and_lance_armstrongs_record_breaking_victory_(book)
23_de_Maio_Avenue
23_de_enero
23_de_maio_avenue
23_diaminopropionic_acid
23_dichloroaniline
23_dichlorobutadiene
23_dichlorophenol
23_dichlorophenylpiperazine
23_dihydro_lsd
23_dihydrofuran
23_dihydrothiepine
23_dihydrothiophene
23_dihydroxy_23_dihydro_p_cumate_dehydrogenase
23_dihydroxy_3_methylpentanoic_acid
23_dihydroxybenzoate_23_dioxygenase
23_dihydroxybenzoate_34_dioxygenase
23_dihydroxybenzoic_acid
23_dihydroxycinnamic_acid
23_dihydroxyindole_23_dioxygenase
23_diketo_5_methylthiopentyl_1_phosphate_enolase
23_dimethoxyamphetamine
23_dimethyl_1_butene
23_dimethylhexane
23_dimethylmalate_lyase
23_dimethylmaleic_anhydride
23_dinitrophenol
23_diphenylpropylamine
23_division_sri_lanka
23_enigma
23_enterprise_earth_ep
23_envelope
23_epoxybutane
23_equal_temperament
23_february_2012_iraq_attacks
23_field_regiment_india
23_heures_vampire_story_4_(book)
23_hexahydroxydiphenoylglucose
23_high_petergate
23_holin_family
23_hop
23_iravai_moodu
23_island
23_ji_no_ongaku
23_july_2012_iraq_attacks
23_km
23_leonis_minoris
23_librae
23_live_sex_acts
23_may_1980_moroccan_constitutional_referendum
23_may_2016_yemen_bombings
23_methylenedioxymethamphetamine
23_minuten_(book)
23_mm_caliber
23_oakhill_road
23_orionis
23_otoos_antes_de_ti_novel
23_otoos_antes_de_ti_volver_a_ti_2_novel
23_oxidosqualene
23_people_film
23_preguntas
23_ramadan
23_rcits_et_lgendes_de_vikings
23_rcits_et_lgendes_de_vikings_(book)
23_sas_reserve
23_serpnia_kharkiv_metro
23_shakira_song
23_sigmatropic_rearrangement
23_skidoo
23_skidoo_film
23_standards_quartet_2003
23_the_silents_ep
23_things
23_till
23_ursae_majoris
23_vulpeculae
23_ways_to_be_a_great_artist_a_step_by_step_guide_to_creating_artwork_inspired_by_famous_mast_(book)
23_ways_to_mess_up_valentines_day_willimena_rules_5_(book)
23_wittig_rearrangement
23_xylidine
23am
23andMe
23d_Marine_Regiment_(United_States)
23rainydays
23rd-cbrne-battalion
23rd21st_battalion_australia
23rd_AVN_Awards
23rd_Academy_Awards
23rd_Annual_D.I.C.E._Awards
23rd_Annual_Grammy_Awards
23rd_Annual_Latin_Grammy_Awards
23rd_Bomb_Squadron
23rd_Critics'_Choice_Awards
23rd_Division_Finland
23rd_Fighter_Group
23rd_Filmfare_Awards
23rd_Game_Developers_Choice_Awards
23rd_Golden_Raspberry_Awards
23rd_Gulf_Cup
23rd_IIFA_Awards
23rd_Infantry_Division_(Wehrmacht)
23rd_Infantry_Regiment_(United_States)
23rd_Regiment_Armory
23rd_Screen_Actors_Guild_Awards
23rd_Space_Operations_Squadron
23rd_Special_Tactics_Squadron
23rd_Street_(Manhattan)
23rd_Street_Fire
23rd_Street_Grounds
23rd_Street_station_(BMT_Broadway_Line)
23rd_Street_station_(IND_Sixth_Avenue_Line)
23rd_Street_viaduct
23rd_United_States_Congress
23rd_Virginia_Infantry_Battalion
23rd_Waffen_Mountain_Division_of_the_SS_Kama_(2nd_Croatian)
23rd_Wing
23rd_World_Scout_Jamboree
23rd_aarp_movies_for_grownups_awards
23rd_academy_of_country_music_awards
23rd_actors_and_actresses_union_awards
23rd_air_base
23rd_air_division_united_states
23rd_airborne_brigade_ukraine
23rd_alabama_sharpshooter_battalion
23rd_alberta_legislature
23rd_and_24th_streets_historic_district
23rd_annual_premios_gardel
23rd_anti_tank_regiment_australia
23rd_arabian_gulf_cup
23rd_arizona_state_legislature
23rd_arizona_territorial_legislature
23rd_arkansas_infantry_regiment
23rd_armoured_brigade_greece
23rd_armoured_brigade_united_kingdom
23rd_army_corps_russian_empire
23rd_army_soviet_union
23rd_assembly_of_people_of_kazakhstan_session
23rd_awit_awards
23rd_bangladesh_national_film_awards
23rd_battalion_australia
23rd_battalion_new_zealand
23rd_berlin_international_film_festival
23rd_brigade_australia
23rd_buil_film_awards
23rd_busan_international_film_festival
23rd_canadian_film_awards
23rd_canadian_ministry
23rd_canadian_parliament
23rd_cavalry_division_united_states
23rd_century_BC
23rd_century_ngasigee_matungda
23rd_century_romance_(book)
23rd_chemical_battalion
23rd_coast_artillery_united_states
23rd_commando_squadron_australia
23rd_congress_of_the_communist_party_of_the_soviet_union
23rd_connecticut_infantry_regiment
23rd_costume_designers_guild_awards
23rd_county_of_london_battalion_london_regiment
23rd_delaware_general_assembly
23rd_directors_guild_of_america_awards
23rd_division_german_empire
23rd_division_imperial_japanese_army
23rd_division_syrian_rebel_group
23rd_division_united_kingdom
23rd_division_yugoslav_partisans
23rd_empire_awards
23rd_european_film_awards
23rd_federal_electoral_district_of_mexico_city
23rd_federal_electoral_district_of_the_state_of_mexico
23rd_federal_electoral_district_of_veracruz
23rd_field_artillery_regiment_united_states
23rd_field_regiment_australia
23rd_field_regiment_rca
23rd_filmfare_awards_south
23rd_flying_training_squadron
23rd_flying_training_squadron_jasdf
23rd_g8_summit
23rd_gcc_champions_league
23rd_gemini_awards
23rd_general_assembly_of_newfoundland
23rd_general_assembly_of_nova_scotia
23rd_genie_awards
23rd_gma_dove_awards
23rd_golden_bell_awards
23rd_golden_disc_awards
23rd_golden_eagle_awards
23rd_golden_horse_awards
23rd_government_of_ireland
23rd_government_of_turkey
23rd_grodno_uhlan_regiment
23rd_guam_legislature
23rd_guards_fighter_aviation_regiment
23rd_guards_motor_rifle_division
23rd_guards_rifle_division
23rd_guldbagge_awards
23rd_hollywood_film_awards
23rd_hong_kong_film_awards
23rd_hussars
23rd_illinois_infantry_regiment
23rd_independent_battery_indiana_light_artillery
23rd_independent_battery_new_york_light_artillery
23rd_independent_spirit_awards
23rd_indian_infantry_brigade
23rd_indiana_infantry_regiment
23rd_infantry_brigade_united_kingdom
23rd_infantry_division_india
23rd_infantry_division_ottoman_empire
23rd_infantry_division_poland
23rd_infantry_division_russian_empire
23rd_intelligence_squadron
23rd_iowa_infantry_regiment
23rd_iris_awards_uruguay
23rd_japan_academy_film_prize
23rd_japan_film_professional_awards
23rd_july_lake
23rd_kentucky_infantry_regiment
23rd_landwehr_division_german_empire
23rd_lima_film_festival
23rd_locarno_film_festival
23rd_louisiana_infantry_regiment
23rd_luna_awards
23rd_machine_gun_battalion_australia
23rd_maine_infantry_regiment
23rd_manitoba_legislature
23rd_march_1931_shaheed
23rd_marching_regiment_of_foreign_volunteers
23rd_massachusetts_infantry_regiment
23rd_mechanized_brigade_ukraine
23rd_mechanized_corps_soviet_union
23rd_michigan_infantry_regiment
23rd_mississippi_infantry_regiment
23rd_missouri_infantry_regiment
23rd_moscow_international_film_festival
23rd_multi_member_constituency
23rd_music_city_news_country_awards
23rd_national_geographic_bee
23rd_national_hockey_league_all_star_game
23rd_national_television_awards
23rd_new_brunswick_legislature
23rd_new_jersey_infantry_regiment
23rd_new_york_infantry_regiment
23rd_new_york_state_legislature
23rd_new_zealand_parliament
23rd_northumbrian_division
23rd_oklahoma_legislature
23rd_parliament_of_british_columbia
23rd_pennsylvania_infantry_regiment
23rd_peshawar_mountain_battery_frontier_force
23rd_pioneer_battalion_australia
23rd_pmpc_star_awards_for_television
23rd_public_order_brigade_ukraine
23rd_regiment_of_light_dragoons
23rd_renfrewshire_rifle_volunteers_fc
23rd_reserve_battalion_cef
23rd_reserve_division_german_empire
23rd_rifle_corps
23rd_rifle_division
23rd_ruler
23rd_sarasaviya_awards
23rd_saskatchewan_legislature
23rd_satellite_awards
23rd_scripps_national_spelling_bee
23rd_senate_of_puerto_rico
23rd_service_battalion_manchester_regiment_8th_city
23rd_shanghai_television_festival
23rd_south_african_parliament
23rd_special_operations_weather_squadron
23rd_squadron_iraq
23rd_ss_police_regiment
23rd_ss_standarte
23rd_street_richmond_california
23rd_street_station_ind_eighth_avenue_line
23rd_street_station_irt_ninth_avenue_line
23rd_street_station_irt_second_avenue_line
23rd_street_station_irt_sixth_avenue_line
23rd_street_station_irt_third_avenue_line
23rd_street_station_path
23rd_street_station_sacramento
23rd_takavar_division
23rd_tank_corps
23rd_tca_awards
23rd_tennessee_infantry_regiment
23rd_texas_cavalry_regiment
23rd_texas_legislature
23rd_tvynovelas_awards
23rd_u_boat_flotilla
23rd_united_states_colored_infantry_regiment
23rd_venice_biennale
23rd_venice_international_film_festival
23rd_vietnam_film_festival
23rd_virginia_cavalry_regiment
23rd_virginia_infantry_regiment
23rd_visual_effects_society_awards
23rd_wisconsin_infantry_regiment
23rd_wisconsin_legislature
23rd_world_science_fiction_convention
23rd_writers_guild_of_america_awards
23red_racing
23s_methyl_rna_motif
23s_rrna_adenine1618_n6_methyltransferase
23s_rrna_adenine2503_c2_methyltransferase
23s_rrna_adenine2503_c2c8_dimethyltransferase
23s_rrna_adenine2503_c8_methyltransferase
23s_rrna_cytosine1962_c5_methyltransferase
23s_rrna_guanine1835_n2_methyltransferase
23s_rrna_guanine2069_n7_methyltransferase
23s_rrna_guanine2445_n2_methyltransferase
23s_rrna_guanine2535_n1_methyltransferase
23s_rrna_guanine748_n1_methyltransferase
23s_rrna_pseudouridine191119151917_synthase
23s_rrna_pseudouridine2457_synthase
23s_rrna_pseudouridine2604_synthase
23s_rrna_pseudouridine746_synthase
23s_rrna_pseudouridine95525042580_synthase
23s_rrna_uracil1939_c5_methyltransferase
23s_rrna_uracil747_c5_methyltransferase
23snaps
23×115mm
23×152mmB
24%2f7_(American_TV_program)
24%2f7_in_Love
24%2fSeven_(album)
24's_(T.I._song)
24-7_Spyz
24-Hour_Urine_Collection
24-bit_computing
24-cell
24-form_tai_chi
24-hour_analog_dial
24-hour_clock
24-hour_news_cycle
24-hour_run
24-hour_solar_endurance_test
24-pounder_long_gun
24-volt_electrical_system
24.000_baci
24/7_(American_TV_program)
24/7_in_Love
24/7_service
24/Seven_(album)
240
240-Robert
240000_una_commedia_romantica_sulla_fine_del_mondo_(book)
2400_Fulton_Street
2400_ad
2400_series_cta
240100001
240100009
240100012
240100029
240100061
240100070
240100076
240100090
240100091
240100143
240100153
240100155
240100203
240100204
240100219
240100268
240100276
240100283
240100297
240100298
240100304
240100339
240100359
240100360
240100375
240100405
240100434
240100447
240100487
240100491
240100510
240100524
240100528
240100647
240100648
240100654
240100684
240100735
240100790
240100819
240100828
240100878
240100922
240100937
240101035
240101036
240101056
240101070
240101092
240101111
240101142
240101147
240101163
240101199
240101223
240101235
240101259
240101294
240101298
240101309
240101310
240101319
240101323
240101331
240101333
240101369
240101374
240101392
240101407
240101429
240101438
240101479
240101489
240101513
240101517
240101524
240101532
240101563
240101578
240101585
240101614
240101625
240101627
240101652
240101671
240101672
240101683
240101689
240101701
240101707
240101712
240101734
240101739
240101746
240101797
240101798
240101828
240101834
240101867
240101903
240101916
240101922
240101935
240101938
240101941
240101996
240102009
240102084
240102129
240102140
240102209
240102226
240102229
240102252
240102256
240102262
240102327
240102336
240102354
240102389
240102406
240102418
240102448
240102510
240102560
240102570
240102579
240102600
240102616
240102633
240102637
240102650
240102680
240102684
240102705
240102741
240102764
240102791
240102819
240102824
240102826
240102851
240102858
240102901
240102915
240102936
240102938
240102949
240102961
240102970
240102990
240103015
240103019
240103043
240103060
240103102
240103109
240103142
240103181
240103189
240103197
240103201
240103233
240103261
240103327
240103340
240103345
240103350
240103359
240103373
240103402
240103448
240103475
240103514
240103521
240103526
240103530
240103547
240103579
240103624
240103643
240103673
240103681
240103718
240103765
240103779
240103791
240103796
240103817
240103849
240103863
240103864
240103903
240103918
240103927
240103940
240103944
240103962
240104031
240104034
240104067
240104103
240104107
240104205
240104210
240104211
240104242
240104258
240104277
240104282
240104296
240104335
240104346
240104361
240104390
240104404
240104464
240104468
240104484
240104525
240104529
240104536
240104537
240104552
240104557
240104558
240104579
240104618
240104651
240104663
240104684
240104687
240104724
240104740
240104745
240104750
240104765
240104799
240104804
240104830
240104876
240104935
240104940
240104952
240104953
240104961
240104984
240104988
240105002
240105059
240105067
240105079
240105083
240105099
240105102
240105140
240105149
240105157
240105159
240105166
240105212
240105354
240105373
240105505
240105543
240105555
240105567
240105570
240105582
240105586
240105589
240105619
240105637
240105644
240105648
240105651
240105666
240105717
240105752
240105769
240105783
240105817
240105820
240105842
240105865
240105903
240105909
240105970
240106031
240106057
240106058
240106080
240106086
240106092
240106093
240106102
240106106
240106132
240106135
240106139
240106144
240106195
240106202
240106224
240106225
240106248
240106282
240106297
240106305
240106343
240106349
240106360
240106409
240106440
240106460
240106472
240106476
240106508
240106518
240106519
240106544
240106571
240106590
240106599
240106618
240106637
240106641
240106676
240106679
240106716
240106722
240106723
240106754
240106758
240106761
240106767
240106782
240106784
240106790
240106826
240106844
240106863
240106885
240106907
240106924
240107005
240107042
240107045
240107056
240107108
240107110
240107114
240107137
240107138
240107155
240107159
240107166
240107184
240107190
240107219
240107304
240107334
240107366
240107406
240107411
240107494
240107514
240107582
240107583
240107586
240107619
240107637
240107726
240107731
240107734
240107748
240107766
240107767
240107783
240107790
240107792
240107838
240107888
240107901
240107921
240107929
240107966
240107974
240108005
240108010
240108029
240108058
240108086
240108102
240108134
240108148
240108227
240108260
240108317
240108318
240108322
240108351
240108354
240108374
240108385
240108390
240108396
240108451
240108496
240108498
240108525
240108526
240108541
240108577
240108602
240108620
240108704
240108755
240108766
240108793
240108805
240108807
240108820
240108829
240108842
240108870
240108875
240108881
240108889
240108901
240108913
240108950
240108963
240108968
240108969
240108983
240108999
240109001
240109004
240109048
240109074
240109086
240109098
240109108
240109127
240109130
240109176
240109190
240109196
240109236
240109287
240109291
240109313
240109316
240109324
240109342
240109356
240109379
240109395
240109419
240109434
240109555
240109559
240109565
240109568
240109571
240109590
240109594
240109670
240109685
240109738
240109765
240109803
240109828
240109859
240109878
240109898
240109900
240109915
240109916
240109981
240109993
240110007
240110035
240110042
240110043
240110057
240110079
240110244
240110257
240110262
240110288
240110305
240110314
240110325
240110339
240110382
240110395
240110404
240110416
240110421
240110427
240110511
240110530
240110655
240110663
240110676
240110677
240110715
240110768
240110784
240110787
240110812
240110819
240110834
240110835
240110858
240110861
240110868
240110881
240110882
240110916
240110919
240110953
240110974
240110993
240111001
240111031
240111075
240111140
240111157
240111165
240111173
240111175
240111183
240111187
240111192
240111221
240111228
240111239
240111270
240111276
240111281
240111334
240111356
240111358
240111382
240111421
240111447
240111449
240111453
240111556
240111568
240111586
240111591
240111592
240111730
240111771
240111802
240111824
240111829
240111844
240111852
240111921
240111935
240111980
240111986
240111988
240112047
240112048
240112069
240112079
240112094
240112113
240112127
240112132
240112157
240112172
240112200
240112254
240112281
240112294
240112314
240112343
240112345
240112346
240112365
240112385
240112396
240112437
240112440
240112456
240112477
240112501
240112514
240112524
240112540
240112576
240112599
240112616
240112671
240112683
240112694
240112715
240112789
240112813
240112821
240112823
240112932
240112943
240112972
240112987
240112995
240113053
240113062
240113070
240113103
240113126
240113127
240113154
240113187
240113197
240113217
240113250
240113294
240113318
240113329
240113335
240113372
240113382
240113401
240113445
240113459
240113461
240113474
240113497
240113517
240113538
240113547
240113622
240113625
240113639
240113677
240113704
240113715
240113736
240113741
240113760
240113772
240113773
240113801
240113856
240113879
240113914
240113918
240113924
240113979
240113991
240113992
240113993
240114061
240114089
240114093
240114111
240114131
240114165
240114188
240114194
240114200
240114216
240114226
240114228
240114295
240114314
240114341
240114366
240114370
240114377
240114415
240114464
240114468
240114479
240114500
240114506
240114514
240114515
240114558
240114591
240114604
240114612
240114617
240114620
240114635
240114668
240114690
240114694
240114727
240114730
240114774
240114785
240114786
240114802
240114824
240114853
240114856
240114912
240114914
240114916
240114923
240114938
240114969
240114978
240115003
240115023
240115073
240115083
240115092
240115138
240115143
240115186
240115208
240115213
240115230
240115235
240115237
240115248
240115259
240115303
240115309
240115311
240115319
240115330
240115352
240115365
240115387
240115408
240115427
240115439
240115443
240115471
240115500
240115504
240115525
240115547
240115576
240115587
240115590
240115613
240115636
240115643
240115657
240115677
240115694
240115695
240115791
240115802
240115816
240115853
240115896
240115947
240115956
240115970
240115991
240115998
240116013
240116049
240116056
240116071
240116082
240116134
240116205
240116213
240116223
240116236
240116237
240116243
240116276
240116290
240116301
240116328
240116372
240116387
240116394
240116411
240116451
240116481
240116541
240116571
240116575
240116634
240116642
240116651
240116659
240116660
240116670
240116681
240116685
240116688
240116696
240116707
240116740
240116800
240116806
240116826
240116833
240116847
240116860
240116864
240116865
240116877
240116905
240116918
240116997
240117035
240117048
240117085
240117090
240117098
240117106
240117107
240117119
240117148
240117163
240117196
240117210
240117226
240117249
240117253
240117266
240117274
240117284
240117332
240117352
240117370
240117372
240117379
240117390
240117398
240117404
240117468
240117474
240117495
240117499
240117514
240117578
240117609
240117615
240117636
240117642
240117643
240117649
240117678
240117682
240117698
240117708
240117715
240117731
240117757
240117776
240117826
240117852
240117863
240117872
240117877
240117878
240117880
240117914
240117945
240117951
240117955
240117969
240117977
240117992
240118007
240118025
240118072
240118073
240200038
240200062
240200074
240200077
240200096
240200148
240200183
240200216
240200235
240200250
240200253
240200267
240200282
240200284
240200298
240200330
240200460
240200492
240200519
240200530
240200586
240200588
240200671
240200691
240200692
240200723
240200732
240200752
240200774
240200789
240200819
240200842
240200847
240200885
240200891
240200907
240200908
240200937
240200959
240200999
240201045
240201077
240201082
240201100
240201107
240201120
240201144
240201155
240201160
240201170
240201201
240201203
240201225
240201279
240201282
240201305
240201328
240201358
240201421
240201430
240201463
240201487
240201498
240201507
240201532
240201538
240201559
240201560
240201564
240201582
240201641
240201750
240201795
240201815
240201816
240201855
240201922
240201943
240201950
240201989
240202009
240202040
240202049
240202051
240202057
240202068
240202069
240202081
240202095
240202117
240202132
240202134
240202147
240202151
240202158
240202183
240202191
240202196
240202205
240202222
240202225
240202231
240202247
240202293
240202381
240202385
240202392
240202395
240202433
240202469
240202496
240202513
240202519
240202532
240202547
240202564
240202607
240202617
240202651
240202668
240202714
240202771
240202772
240202789
240202815
240202822
240202837
240202906
240202910
240202920
240202942
240202946
240202953
240203000
240203054
240203071
240203088
240203092
240203110
240203121
240203128
240203148
240203168
240203180
240203185
240203195
240203205
240203224
240203265
240203368
240203371
240203377
240203385
240203396
240203444
240203452
240203491
240203518
240203532
240203547
240203581
240203611
240203648
240203658
240203671
240203683
240203684
240203718
240203722
240203747
240203869
240203871
240203904
240203919
240203926
240203951
240203989
240204005
240204025
240204027
240204052
240204087
240204102
240204129
240204137
240204172
240204184
240204194
240204224
240204237
240204283
240204329
240204336
240204359
240204361
240204402
240204404
240204408
240204416
240204440
240204449
240204457
240204504
240204505
240204510
240204535
240204556
240204561
240204611
240204637
240204646
240204688
240204698
240204704
240204733
240204734
240204754
240204757
240204783
240204784
240204802
240204848
240204893
240204926
240204960
240204979
240204996
240204998
240205001
240205009
240205041
240205049
240205077
240205092
240205093
240205110
240205115
240205130
240205133
240205175
240205183
240205219
240205239
240205240
240205289
240205336
240205343
240205361
240205455
240205456
240205479
240205572
240205608
240205689
240205690
240205730
240205783
240205808
240205837
240205838
240205850
240205851
240205930
240205966
240205971
240205977
240205983
240205987
240205998
240206022
240206043
240206073
240206111
240206122
240206164
240206182
240206184
240206215
240206251
240206273
240206284
240206299
240206300
240206312
240206331
240206334
240206349
240206357
240206405
240206482
240206484
240206489
240206506
240206522
240206572
240206592
240206593
240206600
240206702
240206716
240206762
240206770
240206789
240206808
240206816
240206839
240206847
240206859
240206867
240206879
240206891
240206953
240206966
240206986
240206996
240206998
240207033
240207080
240207085
240207086
240207094
240207141
240207173
240207175
240207196
240207202
240207286
240207294
240207313
240207318
240207344
240207346
240207354
240207373
240207412
240207425
240207465
240207477
240207500
240207536
240207551
240207568
240207623
240207631
240207641
240207717
240207720
240207728
240207754
240207768
240207801
240207814
240207815
240207850
240207880
240207898
240207921
240207956
240207977
240207981
240207984
240207987
240207992
240208006
240208010
240208022
240208043
240208067
240208135
240208168
240208204
240208218
240208227
240208233
240208263
240208314
240208316
240208325
240208343
240208382
240208384
240208437
240208455
240208456
240208463
240208515
240208546
240208576
240208584
240208707
240208717
240208724
240208790
240208813
240208818
240208821
240208847
240208855
240208900
240208906
240208935
240208958
240208970
240208982
240209015
240209016
240209022
240209029
240209055
240209073
240209078
240209083
240209101
240209107
240209130
240209145
240209157
240209176
240209202
240209208
240209226
240209253
240209262
240209291
240209353
240209399
240209423
240209433
240209451
240209459
240209460
240209464
240209466
240209480
240209489
240209496
240209508
240209525
240209538
240209559
240209616
240209622
240209625
240209710
240209727
240209739
240209763
240209805
240209816
240209820
240209883
240209902
240209931
240209935
240209952
240209965
240209975
240210020
240210040
240210054
240210072
240210080
240210095
240210107
240210111
240210142
240210146
240210172
240210182
240210192
240210206
240210228
240210234
240210235
240210276
240210286
240210336
240210347
240210417
240210482
240210505
240210548
240210555
240210590
240210604
240210611
240210612
240210639
240210706
240210729
240210777
240210780
240210791
240210801
240210824
240210831
240210832
240210863
240210873
240210901
240210912
240210922
240210968
240210975
240211010
240211038
240211039
240211132
240211148
240211165
240211176
240211177
240211191
240211194
240211196
240211259
240211270
240211274
240211286
240211383
240211425
240211435
240211456
240211489
240211519
240211543
240211560
240211568
240211574
240211575
240211585
240211605
240211635
240211702
240211709
240211724
240211749
240211775
240211835
240211839
240211842
240211852
240211855
240211877
240211900
240211940
240212011
240212035
240212073
240212204
240212211
240212226
240212227
240212228
240212258
240212261
240212278
240212316
240212357
240212381
240212412
240212435
240212474
240212480
240212490
240212506
240212516
240212526
240212527
240212580
240212610
240212621
240212631
240212687
240212706
240212710
240212734
240212753
240212812
240212827
240212834
240212891
240212910
240212913
240212925
240212944
240212947
240212950
240212976
240212983
240213016
240213033
240213037
240213069
240213073
240213076
240213091
240213093
240213177
240213182
240213189
240213192
240213221
240213251
240213257
240213260
240213269
240213282
240213317
240213331
240213344
240213396
240213397
240213409
240213428
240213438
240213466
240213472
240213483
240213506
240213570
240213614
240213697
240213725
240213757
240213852
240213859
240213915
240213939
240213950
240213955
240213960
240213985
240214032
240214060
240214087
240214095
240214106
240214144
240214149
240214275
240214312
240214330
240214336
240214355
240214359
240214363
240214364
240214402
240214439
240214442
240214490
240214510
240214514
240214515
240214531
240214532
240214541
240214543
240214561
240214573
240214578
240214626
240214632
240214652
240214680
240214729
240214774
240214794
240214795
240214797
240214802
240214804
240214844
240214849
240214861
240214866
240214892
240214899
240214912
240214930
240214935
240214936
240214948
240214958
240214967
240214985
240214987
240214998
240215015
240215020
240215051
240215052
240215064
240215075
240215106
240215124
240215125
240215142
240215160
240215168
240215182
240215211
240215236
240215242
240215285
240215298
240215378
240215380
240215394
240215401
240215422
240215465
240215469
240215470
240215501
240215522
240215541
240215553
240215559
240215585
240215608
240215681
240215748
240215784
240215792
240215802
240215821
240215843
240215862
240215880
240215889
240215913
240215923
240215928
240215944
240215954
240215955
240216063
240216069
240216072
240216077
240216098
240216110
240216144
240216179
240216306
240216317
240216328
240216339
240216363
240216369
240216398
240216526
240216538
240216547
240216589
240216616
240216627
240216657
240216659
240216667
240216709
240216757
240216772
240216774
240216811
240216819
240216845
240216904
240216916
240216924
240216928
240216950
240216955
240216956
240216968
240216977
240217031
240217038
240217065
240217070
240217076
240217092
240217108
240217141
240217147
240217185
240217193
240217260
240217264
240217265
240217290
240217324
240217365
240217377
240217378
240217379
240217386
240217388
240217394
240217418
240217458
240217473
240217515
240217564
240217574
240217577
240217594
240217628
240217686
240217697
240217706
240217765
240217784
240217800
240217838
240217852
240217863
240217870
240217900
240217925
240217960
240217992
240218028
240218064
240218089
240218102
240218109
240218116
240218140
240218143
240218207
240218209
240218242
240218271
240218290
240218313
240218319
240218353
240218356
240218366
240218383
240218398
240218424
240218431
240218455
240218480
240218508
240218537
240218556
240218602
240218612
240218615
240218619
240218623
240218624
240218645
240218650
240218666
240218685
240218749
240218769
240218772
240218787
240218793
240218821
240218841
240218855
240218893
240218915
240218957
240218993
240219014
240219023
240219030
240219041
240219044
240219049
240219097
240219102
240219111
240219128
240219136
240219229
240219231
240219265
240219272
240219275
240219297
240219302
240219325
240219333
240219346
240219393
240219394
240219438
240219454
240219473
240219476
240300008
240300019
240300057
240300089
240300113
240300124
240300170
240300177
240300185
240300209
240300213
240300226
240300259
240300268
240300330
240300358
240300377
240300378
240300429
240300446
240300452
240300462
240300495
240300502
240300510
240300520
240300525
240300538
240300543
240300546
240300558
240300560
240300566
240300571
240300633
240300656
240300692
240300751
240300848
240300863
240300897
240300915
240300916
240300922
240300931
240300944
240300958
240301023
240301117
240301120
240301121
240301124
240301172
240301182
240301196
240301202
240301213
240301290
240301327
240301359
240301373
240301378
240301455
240301456
240301457
240301500
240301514
240301552
240301616
240301630
240301647
240301652
240301666
240301702
240301703
240301796
240301802
240301820
240301823
240301826
240301850
240301860
240301863
240301864
240301868
240301907
240301924
240301962
240301996
240302002
240302009
240302010
240302031
240302038
240302070
240302127
240302168
240302183
240302209
240302210
240302211
240302236
240302248
240302279
240302285
240302297
240302316
240302346
240302378
240302399
240302404
240302419
240302434
240302456
240302476
240302497
240302512
240302514
240302535
240302547
240302552
240302557
240302588
240302630
240302702
240302714
240302716
240302725
240302751
240302830
240302895
240302919
240302939
240302950
240302951
240302956
240303001
240303003
240303007
240303023
240303044
240303051
240303069
240303072
240303083
240303096
240303106
240303139
240303216
240303223
240303225
240303226
240303227
240303246
240303279
240303321
240303352
240303355
240303360
240303372
240303396
240303401
240303404
240303435
240303456
240303477
240303484
240303488
240303515
240303526
240303578
240303601
240303643
240303671
240303728
240303746
240303764
240303815
240303841
240303878
240303883
240303890
240303939
240303940
240304033
240304051
240304077
240304080
240304082
240304100
240304114
240304115
240304128
240304193
240304244
240304287
240304301
240304315
240304339
240304390
240304396
240304430
240304478
240304565
240304587
240304611
240304633
240304663
240304677
240304689
240304690
240304711
240304739
240304760
240304784
240304795
240304829
240304882
240304904
240304915
240304930
240304942
240304957
240304993
240305005
240305007
240305008
240305073
240305105
240305148
240305151
240305180
240305227
240305307
240305330
240305365
240305407
240305492
240305496
240305502
240305535
240305550
240305562
240305572
240305587
240305607
240305610
240305643
240305647
240305660
240305663
240305673
240305674
240305686
240305698
240305721
240305762
240305819
240305852
240305892
240305903
240305937
240305949
240305951
240306002
240306019
240306066
240306089
240306120
240306151
240306154
240306158
240306163
240306203
240306230
240306282
240306292
240306302
240306354
240306359
240306367
240306369
240306412
240306444
240306445
240306460
240306468
240306489
240306507
240306526
240306533
240306553
240306562
240306600
240306624
240306648
240306672
240306675
240306694
240306701
240306726
240306741
240306748
240306786
240306810
240306833
240306850
240306890
240306911
240306945
240306947
240306969
240306994
240307078
240307084
240307097
240307117
240307128
240307132
240307136
240307169
240307188
240307208
240307237
240307273
240307280
240307299
240307302
240307311
240307325
240307337
240307378
240307383
240307425
240307426
240307440
240307442
240307447
240307448
240307481
240307485
240307525
240307538
240307540
240307564
240307566
240307573
240307628
240307638
240307669
240307682
240307689
240307710
240307711
240307717
240307745
240307748
240307770
240307773
240307779
240307812
240307814
240307820
240307829
240307846
240307847
240307859
240307903
240307966
240307981
240307985
240307987
240307999
240308062
240308064
240308099
240308103
240308106
240308109
240308116
240308162
240308179
240308204
240308236
240308268
240308271
240308285
240308294
240308314
240308337
240308347
240308353
240308357
240308373
240308381
240308429
240308447
240308452
240308462
240308521
240308655
240308730
240308768
240308796
240308834
240308838
240308860
240308876
240308877
240308902
240308909
240308916
240308937
240308940
240308968
240308987
240309006
240309021
240309041
240309045
240309047
240309050
240309051
240309090
240309106
240309131
240309133
240309198
240309218
240309227
240309294
240309324
240309333
240309334
240309335
240309340
240309373
240309384
240309404
240309443
240309534
240309553
240309573
240309631
240309661
240309732
240309738
240309756
240309759
240309765
240309782
240309826
240309842
240309849
240309866
240309868
240309871
240309879
240309936
240309971
240310007
240310070
240310086
240310089
240310092
240310119
240310120
240310121
240310124
240310131
240310141
240310146
240310188
240310215
240310247
240310248
240310251
240310305
240310313
240310318
240310319
240310321
240310324
240310394
240310436
240310449
240310506
240310522
240310534
240310550
240310585
240310590
240310615
240310670
240310709
240310718
240310787
240310789
240310824
240310826
240310878
240310906
240310911
240310952
240310983
240310988
240310993
240311020
240311034
240311035
240311073
240311096
240311112
240311149
240311155
240311159
240311199
240311206
240311250
240311260
240311261
240311277
240311287
240311300
240311329
240311334
240311341
240311356
240311366
240311384
240311388
240311392
240311399
240311421
240311425
240311437
240311438
240311469
240311478
240311492
240311505
240311512
240311537
240311555
240311560
240311571
240311591
240311613
240311628
240311659
240311669
240311722
240311737
240311779
240311804
240311831
240311867
240311895
240311911
240311959
240311992
240311993
240311999
240312012
240312023
240312062
240312080
240312082
240312117
240312132
240312182
240312198
240312202
240312240
240312242
240312248
240312317
240312340
240312373
240312413
240312428
240312441
240312442
240312487
240312584
240312615
240312631
240312661
240312662
240312681
240312686
240312721
240312748
240312759
240312787
240312793
240312803
240312852
240312859
240312864
240312877
240312975
240312988
240313044
240313057
240313062
240313063
240313079
240313102
240313105
240313107
240313115
240313122
240313124
240313144
240313154
240313156
240313203
240313204
240313205
240313207
240313217
240313220
240313238
240313259
240313297
240313316
240313336
240313339
240313386
240313418
240313467
240313470
240313499
240313525
240313527
240313596
240313607
240313647
240313668
240313697
240313722
240313748
240313758
240313811
240313816
240313834
240313838
240313843
240313884
240313934
240314001
240314013
240314029
240314069
240314072
240314115
240314118
240314130
240314131
240314133
240314141
240314152
240314207
240314218
240314226
240314257
240314274
240314281
240314318
240314328
240314358
240314360
240314361
240314387
240314404
240314437
240314444
240314447
240314603
240314607
240314614
240314627
240314646
240314655
240314685
240314716
240314746
240314817
240314823
240314833
240314845
240314893
240314908
240314911
240314941
240314956
240315023
240315032
240315066
240315068
240315094
240315106
240315114
240315133
240315150
240315159
240315190
240315193
240315194
240315195
240315210
240315278
240315314
240315328
240315349
240315361
240315376
240315409
240315429
240315451
240315493
240315519
240315534
240315537
240315556
240315557
240315579
240315618
240315635
240315674
240315681
240315689
240315705
240315732
240315752
240315767
240315782
240315799
240315819
240315822
240315827
240315867
240315869
240315877
240315887
240315924
240315931
240315935
240315952
240315961
240315973
240315989
240316015
240316026
240316032
240316045
240316062
240316066
240316102
240316104
240316141
240316160
240316174
240316236
240316239
240316245
240316271
240316281
240316292
240316352
240316374
240316414
240316415
240316423
240316431
240316446
240316447
240316453
240316463
240316472
240316496
240316508
240316510
240316532
240316611
240316634
240316658
240316700
240316751
240316815
240316827
240316844
240316864
240316907
240316912
240316918
240316921
240316941
240316942
240316984
240316988
240317050
240317067
240317069
240317071
240317075
240317106
240317128
240317141
240317155
240317185
240317190
240317200
240317201
240317218
240317250
240317277
240317294
240317297
240317303
240317308
240317358
240317364
240317370
240317373
240317429
240317432
240317435
240317436
240317453
240317479
240317493
240317519
240317520
240317590
240317597
240317598
240317654
240317671
240317693
240317720
240317734
240317758
240317763
240317776
240317796
240317822
240317832
240317838
240317845
240317850
240317861
240317882
240317902
240318009
240318023
240318056
240318071
240318100
240318201
240318206
240318232
240318283
240318320
240318355
240318358
240318396
240318466
240318487
240318504
240318563
240318580
240318581
240318586
240318595
240318601
240318645
240318725
240318808
240318845
240318873
240318880
240318896
240318904
240318937
240318950
240318974
240318994
240319005
240319058
240319065
240319088
240319094
240319121
240319129
240319163
240319195
240319202
240319211
240319223
240319231
240319243
240319291
240319295
240319305
240319314
240319364
240319367
240319368
240319391
240319447
240319496
240319546
240319558
240319601
240319613
240319630
240319631
240319635
240319637
240319642
240319674
240319705
240319709
240319723
240319724
240319745
240319760
240319780
240319796
240319800
240319824
240319841
240319913
240319921
240319927
240319950
240320004
240320005
240320022
240320055
240320077
240320094
240320114
240320131
240320132
240320170
240320237
240320261
240320270
240320292
240400037
240400044
240400059
240400087
240400101
240400148
240400154
240400170
240400197
240400199
240400236
240400249
240400372
240400373
240400377
240400379
240400426
240400433
240400442
240400443
240400472
240400473
240400524
240400530
240400531
240400541
240400548
240400554
240400560
240400586
240400599
240400610
240400621
240400650
240400699
240400716
240400731
240400764
240400773
240400774
240400781
240400785
240400786
240400822
240400825
240400886
240400905
240400936
240400948
240400956
240400972
240400979
240401043
240401064
240401077
240401087
240401089
240401090
240401111
240401127
240401145
240401174
240401178
240401189
240401221
240401230
240401234
240401260
240401261
240401378
240401400
240401407
240401415
240401429
240401448
240401473
240401525
240401533
240401537
240401558
240401576
240401649
240401659
240401677
240401685
240401713
240401785
240401789
240401806
240401830
240401864
240401919
240401921
240401923
240401958
240401966
240401994
240402011
240402014
240402019
240402033
240402049
240402065
240402087
240402095
240402098
240402110
240402123
240402124
240402132
240402144
240402161
240402206
240402217
240402222
240402263
240402267
240402270
240402280
240402291
240402299
240402341
240402353
240402379
240402405
240402423
240402430
240402445
240402459
240402470
240402499
240402539
240402566
240402571
240402578
240402597
240402605
240402615
240402651
240402654
240402663
240402741
240402771
240402797
240402811
240402850
240402904
240402929
240402960
240402969
240402972
240402984
240402993
240403067
240403081
240403082
240403099
240403107
240403149
240403183
240403247
240403248
240403251
240403256
240403304
240403364
240403390
240403419
240403429
240403440
240403451
240403472
240403476
240403494
240403524
240403526
240403532
240403566
240403608
240403610
240403628
240403637
240403640
240403658
240403662
240403706
240403707
240403708
240403739
240403781
240403797
240403834
240403843
240403925
240403936
240403942
240403943
240403954
240403971
240404012
240404052
240404057
240404067
240404074
240404105
240404106
240404157
240404169
240404180
240404188
240404266
240404277
240404364
240404390
240404418
240404454
240404463
240404482
240404499
240404515
240404558
240404563
240404564
240404578
240404618
240404619
240404674
240404688
240404718
240404727
240404735
240404752
240404761
240404770
240404805
240404825
240404880
240404901
240404952
240404963
240404964
240404995
240405017
240405039
240405045
240405064
240405084
240405086
240405135
240405145
240405151
240405173
240405249
240405274
240405278
240405279
240405366
240405380
240405392
240405417
240405442
240405521
240405551
240405556
240405584
240405596
240405606
240405608
240405624
240405645
240405664
240405680
240405682
240405709
240405725
240405727
240405731
240405750
240405755
240405796
240405823
240405826
240405881
240405901
240405936
240405962
240405974
240406011
240406033
240406035
240406048
240406060
240406088
240406102
240406103
240406106
240406117
240406127
240406139
240406146
240406156
240406164
240406196
240406219
240406224
240406237
240406253
240406344
240406349
240406371
240406377
240406383
240406401
240406412
240406485
240406493
240406514
240406525
240406529
240406534
240406549
240406553
240406589
240406632
240406667
240406686
240406744
240406791
240406815
240406822
240406827
240406880
240406895
240406926
240406982
240407025
240407026
240407051
240407054
240407078
240407081
240407091
240407096
240407138
240407176
240407185
240407235
240407255
240407262
240407273
240407284
240407306
240407347
240407352
240407355
240407364
240407388
240407390
240407409
240407421
240407430
240407431
240407464
240407505
240407521
240407540
240407548
240407553
240407558
240407636
240407637
240407668
240407677
240407697
240407702
240407705
240407843
240407845
240407857
240407858
240407861
240407873
240407875
240407889
240407897
240407924
240407934
240407938
240407942
240407956
240407963
240407972
240408028
240408029
240408048
240408053
240408072
240408076
240408104
240408109
240408131
240408135
240408143
240408157
240408159
240408161
240408168
240408205
240408220
240408250
240408283
240408290
240408300
240408301
240408330
240408347
240408362
240408422
240408437
240408454
240408479
240408483
240408488
240408570
240408584
240408607
240408621
240408639
240408668
240408671
240408687
240408691
240408709
240408726
240408749
240408764
240408773
240408801
240408809
240408818
240408828
240408850
240408861
240408862
240408872
240408924
240408927
240408932
240408934
240408951
240408955
240408957
240408981
240408985
240408992
240409005
240409030
240409053
240409063
240409076
240409077
240409080
240409103
240409108
240409114
240409160
240409192
240409194
240409280
240409298
240409314
240409335
240409344
240409407
240409417
240409425
240409440
240409447
240409480
240409498
240409573
240409635
240409640
240409649
240409653
240409655
240409699
240409750
240409790
240409821
240409832
240409835
240409872
240409878
240409913
240409922
240409946
240409953
240409955
240409973
240409982
240409987
240410001
240410020
240410041
240410079
240410094
240410149
240410163
240410170
240410241
240410247
240410248
240410272
240410292
240410293
240410321
240410336
240410338
240410351
240410367
240410373
240410388
240410421
240410487
240410491
240410525
240410527
240410548
240410577
240410586
240410597
240410640
240410660
240410722
240410742
240410758
240410765
240410766
240410774
240410799
240410801
240410804
240410826
240410832
240410846
240410933
240410962
240410985
240410987
240410992
240411029
240411058
240411154
240411164
240411168
240411186
240411210
240411219
240411226
240411266
240411278
240411296
240411314
240411347
240411366
240411369
240411381
240411401
240411405
240411421
240411423
240411495
240411541
240411568
240411572
240411578
240411585
240411588
240411594
240411597
240411607
240411615
240411632
240411688
240411765
240411771
240411785
240411800
240411803
240411820
240411828
240411836
240411842
240411864
240411866
240411884
240411925
240411940
240411950
240411951
240411955
240412029
240412130
240412134
240412169
240412190
240412210
240412219
240412239
240412244
240412299
240412301
240412306
240412377
240412380
240412391
240412415
240412434
240412485
240412496
240412508
240412523
240412526
240412531
240412532
240412577
240412580
240412588
240412634
240412655
240412669
240412700
240412728
240412739
240412749
240412770
240412776
240412787
240412791
240412835
240412836
240412842
240412861
240412862
240412876
240412946
240412960
240412963
240413007
240413015
240413067
240413123
240413129
240413136
240413140
240413147
240413203
240413263
240413279
240413330
240413334
240413375
240413387
240413423
240413431
240413438
240413443
240413490
240413533
240413535
240413566
240413574
240413630
240413687
240413726
240413771
240413776
240413807
240413847
240413870
240413882
240413883
240413921
240413983
240413997
240414014
240414074
240414116
240414118
240414176
240414198
240414220
240414240
240414245
240414250
240414255
240414260
240414268
240414358
240414383
240414386
240414389
240414407
240414462
240414466
240414498
240414499
240414510
240414559
240414572
240414601
240414602
240414656
240414673
240414680
240414731
240414746
240414768
240414775
240414776
240414827
240414837
240414855
240414968
240415027
240415038
240415042
240415099
240415113
240415118
240415155
240415159
240415165
240415170
240415247
240415255
240415264
240415287
240415302
240415304
240415313
240415330
240415360
240415373
240415380
240415382
240415426
240415461
240415474
240415485
240415524
240415564
240415594
240415596
240415604
240415627
240415698
240415708
240415733
240415739
240415751
240415769
240415782
240415784
240415825
240415828
240415843
240415857
240415875
240415915
240415930
240415941
240415965
240415968
240415984
240415997
240416022
240416042
240416066
240416088
240416092
240416111
240416118
240416135
240416136
240416137
240416190
240416194
240416224
240416268
240416270
240416276
240416278
240416312
240416314
240416326
240416341
240416364
240416371
240416400
240416402
240416459
240416511
240416528
240416554
240416603
240416604
240416620
240416658
240416659
240416662
240416686
240416757
240416781
240416824
240416827
240416865
240416867
240416874
240416893
240416910
240416933
240416944
240416946
240416987
240417006
240417043
240417072
240417087
240417094
240417119
240417129
240417141
240417144
240417187
240417194
240417213
240417221
240417236
240417251
240417270
240417310
240417349
240417367
240417380
240417387
240417409
240417428
240417440
240417449
240417462
240417464
240417472
240417507
240417510
240417515
240417520
240417531
240417554
240417573
240417591
240417630
240417651
240417697
240417731
240417774
240417777
240417783
240417798
240417823
240417827
240417845
240417883
240417887
240417902
240417906
240417912
240417988
240418010
240418035
240418076
240418081
240418085
240418094
240418096
240418098
240418107
240418163
240418171
240418177
240418198
240418219
240418238
240418274
240418277
240418287
240418293
240418304
240418312
240418325
240418343
240418378
240418383
240418390
240418401
240418446
240418450
240418515
240418530
240418551
240418556
240418584
240418594
240418631
240418674
240418686
240418696
240418722
240418723
240418731
240418762
240418829
240418837
240418840
240418900
240418911
240418952
240418954
240419091
240419097
240419104
240419108
240419121
240419141
240419174
240419191
240419201
240419204
240419209
240419211
240419273
240419297
240419309
240419315
240419321
240419351
240419378
240419401
240419427
240419464
240419466
240419469
240419495
240419517
240419559
240419566
240419569
240419599
240419605
240419612
240419656
240419669
240419676
240419722
240419740
240419748
240500006
240500015
240500032
240500119
240500146
240500158
240500178
240500192
240500209
240500222
240500236
240500243
240500251
240500254
240500275
240500278
240500279
240500338
240500347
240500353
240500398
240500481
240500502
240500635
240500660
240500685
240500690
240500744
240500751
240500769
240500773
240500774
240500786
240500805
240500850
240500864
240500899
240500934
240500945
240500977
240501002
240501003
240501011
240501068
240501076
240501083
240501086
240501115
240501159
240501177
240501181
240501183
240501211
240501249
240501265
240501266
240501292
240501307
240501356
240501359
240501379
240501402
240501435
240501456
240501468
240501479
240501483
240501524
240501531
240501535
240501544
240501571
240501578
240501587
240501588
240501598
240501612
240501631
240501663
240501700
240501715
240501737
240501746
240501764
240501779
240501794
240501826
240501835
240501836
240501872
240501927
240501933
240501949
240501979
240501991
240502063
240502080
240502110
240502117
240502148
240502157
240502173
240502194
240502220
240502298
240502316
240502337
240502349
240502353
240502364
240502405
240502430
240502431
240502436
240502461
240502478
240502500
240502513
240502527
240502543
240502545
240502555
240502587
240502588
240502589
240502641
240502675
240502710
240502715
240502748
240502753
240502767
240502797
240502927
240502972
240502974
240502993
240503012
240503028
240503039
240503047
240503054
240503057
240503074
240503105
240503108
240503118
240503119
240503125
240503137
240503171
240503229
240503241
240503247
240503258
240503265
240503278
240503295
240503299
240503308
240503318
240503320
240503323
240503328
240503347
240503353
240503355
240503423
240503425
240503438
240503491
240503547
240503577
240503587
240503605
240503623
240503633
240503652
240503681
240503682
240503684
240503686
240503692
240503756
240503759
240503769
240503770
240503776
240503784
240503815
240503822
240503839
240503846
240503854
240503900
240503912
240503916
240503922
240503923
240503932
240503986
240504004
240504006
240504043
240504087
240504111
240504141
240504174
240504191
240504198
240504209
240504232
240504274
240504280
240504290
240504303
240504342
240504348
240504367
240504391
240504392
240504398
240504418
240504431
240504543
240504547
240504563
240504575
240504594
240504604
240504608
240504611
240504614
240504616
240504644
240504664
240504675
240504676
240504681
240504721
240504758
240504766
240504775
240504793
240504805
240504818
240504819
240504829
240504846
240504849
240504872
240504875
240504957
240504990
240505010
240505021
240505051
240505137
240505148
240505174
240505207
240505231
240505239
240505266
240505273
240505288
240505395
240505421
240505435
240505472
240505477
240505488
240505497
240505511
240505521
240505576
240505585
240505609
240505619
240505628
240505644
240505686
240505687
240505697
240505699
240505729
240505755
240505790
240505803
240505892
240506060
240506092
240506094
240506105
240506141
240506143
240506202
240506249
240506267
240506271
240506278
240506321
240506374
240506400
240506408
240506464
240506468
240506477
240506481
240506489
240506513
240506524
240506547
240506560
240506576
240506707
240506711
240506720
240506729
240506741
240506754
240506758
240506769
240506812
240506822
240506823
240506834
240506859
240506903
240506955
240506966
240506975
240506981
240506984
240507005
240507030
240507036
240507079
240507086
240507107
240507137
240507143
240507146
240507165
240507166
240507215
240507252
240507253
240507260
240507295
240507333
240507387
240507389
240507401
240507484
240507506
240507528
240507534
240507573
240507593
240507609
240507625
240507660
240507670
240507724
240507739
240507759
240507863
240507875
240507880
240507885
240507904
240507906
240507931
240507983
240508046
240508058
240508068
240508087
240508121
240508178
240508190
240508243
240508248
240508335
240508369
240508377
240508411
240508427
240508451
240508482
240508508
240508529
240508624
240508629
240508648
240508662
240508665
240508689
240508699
240508714
240508731
240508746
240508811
240508815
240508883
240508896
240508913
240508916
240508925
240508927
240508953
240508955
240508966
240508972
240509000
240509038
240509094
240509111
240509136
240509190
240509198
240509211
240509220
240509223
240509228
240509231
240509247
240509268
240509287
240509302
240509314
240509353
240509355
240509367
240509392
240509401
240509403
240509434
240509436
240509493
240509494
240509499
240509538
240509541
240509589
240509593
240509613
240509635
240509644
240509651
240509662
240509676
240509717
240509736
240509744
240509772
240509796
240509808
240509811
240509812
240509856
240509885
240509931
240509934
240509952
240510006
240510015
240510023
240510041
240510117
240510128
240510156
240510169
240510175
240510176
240510187
240510195
240510239
240510264
240510274
240510284
240510285
240510300
240510307
240510339
240510341
240510350
240510357
240510417
240510421
240510423
240510426
240510497
240510503
240510516
240510543
240510551
240510566
240510586
240510639
240510649
240510679
240510684
240510689
240510715
240510745
240510750
240510775
240510800
240510925
240510940
240510987
240511035
240511047
240511051
240511063
240511083
240511090
240511119
240511140
240511155
240511168
240511187
240511193
240511198
240511262
240511272
240511302
240511308
240511356
240511392
240511397
240511434
240511492
240511520
240511529
240511572
240511581
240511584
240511597
240511608
240511619
240511641
240511642
240511651
240511657
240511662
240511663
240511683
240511693
240511718
240511728
240511743
240511752
240511768
240511812
240511915
240511940
240511966
240512010
240512017
240512020
240512025
240512052
240512054
240512068
240512071
240512084
240512087
240512097
240512127
240512138
240512174
240512228
240512271
240512284
240512297
240512313
240512352
240512358
240512368
240512375
240512390
240512405
240512411
240512413
240512423
240512443
240512497
240512502
240512504
240512556
240512591
240512618
240512650
240512688
240512752
240512789
240512807
240512822
240512827
240512874
240512882
240512895
240512903
240512906
240512931
240512957
240512988
240513006
240513031
240513034
240513037
240513084
240513145
240513175
240513183
240513293
240513304
240513311
240513316
240513326
240513335
240513354
240513365
240513425
240513448
240513456
240513470
240513483
240513486
240513496
240513501
240513509
240513526
240513529
240513536
240513540
240513563
240513565
240513575
240513595
240513618
240513631
240513675
240513677
240513706
240513713
240513723
240513731
240513743
240513784
240513835
240513856
240513867
240513869
240513872
240513873
240513916
240513922
240513932
240513948
240514013
240514017
240514033
240514069
240514077
240514089
240514090
240514094
240514102
240514105
240514158
240514183
240514214
240514236
240514262
240514265
240514274
240514288
240514289
240514312
240514372
240514401
240514417
240514421
240514434
240514452
240514454
240514462
240514463
240514499
240514549
240514556
240514560
240514580
240514626
240514658
240514667
240514698
240514700
240514718
240514730
240514779
240514810
240514864
240514870
240514878
240514903
240514915
240514925
240514927
240514936
240514960
240514985
240514996
240514998
240515037
240515055
240515059
240515069
240515078
240515096
240515114
240515134
240515137
240515156
240515157
240515209
240515210
240515213
240515221
240515250
240515251
240515253
240515262
240515294
240515302
240515332
240515337
240515350
240515362
240515378
240515400
240515405
240515423
240515482
240515507
240515531
240515534
240515576
240515581
240515590
240515593
240515602
240515618
240515664
240515678
240515726
240515740
240515779
240515801
240515843
240515857
240515871
240515878
240515885
240515887
240515899
240515961
240515991
240515999
240516024
240516025
240516047
240516066
240516093
240516109
240516118
240516137
240516169
240516203
240516223
240516266
240516315
240516363
240516367
240516379
240516380
240516383
240516426
240516470
240516499
240516524
240516534
240516558
240516561
240516592
240516596
240516638
240516640
240516641
240516657
240516717
240516740
240516795
240516806
240516811
240516834
240516853
240516877
240516886
240516941
240516953
240516958
240517015
240517062
240517065
240517093
240517124
240517138
240517216
240517221
240517239
240517251
240517255
240517260
240517273
240517276
240517293
240517301
240517313
240517380
240517394
240517414
240517429
240517430
240517440
240517445
240517459
240517466
240517508
240517509
240517525
240517532
240517567
240517629
240517673
240517690
240517733
240517741
240517756
240517775
240517800
240517823
240517843
240517863
240517881
240517884
240517896
240517950
240517959
240517977
240517988
240517990
240517997
240518003
240518043
240518090
240518128
240518170
240518174
240518259
240518279
240518290
240518297
240518327
240518347
240518351
240518375
240518381
240518403
240518423
240518433
240518478
240518481
240518483
240518518
240518529
240518537
240518539
240518569
240518581
240518586
240518626
240518678
240518680
240518700
240518703
240518723
240518771
240518803
240518804
240518813
240518830
240518831
240518834
240518836
240518864
240518883
240518904
240518916
240518945
240518967
240518969
240518977
240518995
240518998
240519010
240519020
240519064
240519067
240519083
240519086
240519107
240519131
240519167
240519204
240519229
240519238
240519240
240519264
240519279
240519288
240519289
240519297
240519317
240519367
240519375
240519430
240519466
240519476
240519484
240519511
240519520
240519533
240519567
240519586
240519644
240519732
240519742
240519745
240519754
240519758
240519799
240519800
240519801
240519806
240519887
240519891
240519932
240520031
240520035
240520106
240520115
240520119
240520142
240520154
240520158
240520178
240520183
240520214
240520215
240520227
240520242
240520265
240520271
240520274
240520292
240520314
240520381
240520402
240520405
240520451
240520538
240520544
240520618
240520658
240520695
240520714
240520717
240520742
240520752
240520763
240520775
240520791
240520799
240520818
240520829
240520830
240520852
240520856
240520873
240520877
240520882
240520886
240520893
240520911
240520912
240520917
240520921
240520934
240520948
240521012
240521034
240521046
240600033
240600055
240600074
240600134
240600152
240600155
240600158
240600166
240600221
240600233
240600244
240600266
240600268
240600288
240600294
240600307
240600363
240600378
240600386
240600394
240600433
240600452
240600461
240600541
240600542
240600565
240600568
240600578
240600598
240600605
240600609
240600614
240600619
240600635
240600639
240600683
240600711
240600725
240600729
240600734
240600749
240600757
240600781
240600805
240600824
240600835
240600854
240600856
240600861
240600863
240600866
240600884
240600916
240600934
240601038
240601093
240601111
240601216
240601225
240601248
240601261
240601272
240601291
240601294
240601304
240601309
240601318
240601353
240601358
240601362
240601367
240601417
240601424
240601447
240601468
240601526
240601534
240601563
240601565
240601566
240601574
240601578
240601582
240601602
240601615
240601622
240601629
240601635
240601702
240601758
240601843
240601845
240601850
240601852
240601859
240601879
240601889
240601891
240601920
240601945
240601956
240601969
240601988
240601995
240602112
240602133
240602135
240602140
240602144
240602153
240602176
240602202
240602203
240602225
240602261
240602277
240602329
240602341
240602343
240602412
240602449
240602477
240602484
240602487
240602503
240602537
240602542
240602582
240602654
240602684
240602693
240602723
240602759
240602787
240602792
240602856
240602875
240602906
240602916
240602965
240602984
240602986
240602987
240603021
240603038
240603109
240603179
240603185
240603203
240603260
240603273
240603277
240603284
240603288
240603290
240603303
240603356
240603358
240603371
240603380
240603385
240603396
240603412
240603414
240603420
240603423
240603433
240603469
240603491
240603511
240603517
240603522
240603533
240603587
240603606
240603661
240603686
240603687
240603705
240603713
240603781
240603792
240603798
240603830
240603871
240603906
240603939
240603989
240603991
240604010
240604017
240604029
240604073
240604085
240604125
240604142
240604155
240604161
240604164
240604194
240604229
240604238
240604269
240604329
240604341
240604403
240604410
240604489
240604517
240604529
240604539
240604561
240604568
240604591
240604604
240604627
240604629
240604631
240604650
240604674
240604679
240604683
240604697
240604709
240604751
240604761
240604771
240604784
240604793
240604794
240604799
240604802
240604815
240604836
240604837
240604850
240604883
240604904
240604919
240604923
240604924
240604990
240605011
240605012
240605020
240605024
240605034
240605061
240605072
240605149
240605181
240605186
240605196
240605220
240605221
240605223
240605254
240605292
240605330
240605338
240605340
240605382
240605391
240605402
240605414
240605432
240605461
240605469
240605500
240605511
240605519
240605556
240605617
240605663
240605687
240605692
240605717
240605721
240605730
240605774
240605776
240605782
240605812
240605827
240605869
240605870
240605872
240605900
240605942
240605956
240605970
240605971
240606014
240606030
240606036
240606061
240606067
240606138
240606142
240606167
240606210
240606221
240606276
240606306
240606329
240606339
240606341
240606359
240606360
240606461
240606506
240606507
240606521
240606551
240606556
240606587
240606629
240606644
240606669
240606677
240606695
240606723
240606748
240606845
240606848
240606868
240606882
240606888
240606911
240606939
240606948
240606967
240606980
240606988
240607008
240607019
240607035
240607102
240607127
240607143
240607144
240607159
240607171
240607199
240607232
240607253
240607278
240607310
240607401
240607419
240607452
240607456
240607472
240607477
240607490
240607506
240607533
240607534
240607537
240607562
240607568
240607578
240607614
240607657
240607671
240607676
240607708
240607735
240607766
240607787
240607806
240607830
240607866
240607907
240607918
240607992
240608010
240608024
240608036
240608135
240608136
240608154
240608167
240608204
240608208
240608212
240608240
240608301
240608338
240608354
240608362
240608363
240608395
240608444
240608447
240608456
240608468
240608533
240608574
240608610
240608646
240608680
240608720
240608728
240608729
240608761
240608787
240608789
240608821
240608833
240608870
240608878
240608879
240608897
240608901
240608930
240608944
240608964
240608968
240608972
240608989
240608995
240609002
240609019
240609027
240609039
240609088
240609089
240609126
240609144
240609162
240609176
240609183
240609214
240609220
240609233
240609327
240609354
240609358
240609362
240609378
240609392
240609441
240609445
240609480
240609489
240609515
240609543
240609602
240609616
240609671
240609674
240609687
240609728
240609751
240609760
240609774
240609783
240609784
240609813
240609814
240609891
240609916
240609936
240609961
240609981
240610054
240610070
240610074
240610079
240610103
240610137
240610139
240610176
240610202
240610221
240610227
240610235
240610254
240610256
240610270
240610299
240610334
240610351
240610363
240610412
240610424
240610442
240610447
240610470
240610493
240610494
240610504
240610507
240610514
240610548
240610554
240610571
240610577
240610588
240610674
240610690
240610701
240610726
240610741
240610745
240610754
240610798
240610808
240610828
240610843
240610883
240610927
240611002
240611017
240611043
240611051
240611065
240611076
240611085
240611088
240611090
240611114
240611119
240611127
240611163
240611175
240611206
240611213
240611218
240611239
240611249
240611250
240611313
240611314
240611327
240611332
240611333
240611335
240611357
240611375
240611416
240611442
240611451
240611458
240611492
240611523
240611541
240611559
240611563
240611572
240611587
240611615
240611620
240611624
240611631
240611639
240611642
240611644
240611682
240611711
240611713
240611755
240611820
240611837
240611943
240611948
240611957
240611968
240611972
240611976
240612005
240612032
240612044
240612080
240612106
240612124
240612125
240612175
240612184
240612188
240612194
240612212
240612236
240612245
240612247
240612253
240612265
240612356
240612365
240612385
240612430
240612466
240612471
240612475
240612476
240612479
240612503
240612531
240612557
240612577
240612580
240612587
240612603
240612620
240612641
240612661
240612664
240612695
240612711
240612730
240612750
240612770
240612828
240612835
240612842
240612869
240612879
240612904
240612936
240612941
240612943
240612960
240612961
240612964
240612968
240612970
240612983
240612985
240613015
240613025
240613028
240613031
240613034
240613036
240613048
240613100
240613103
240613125
240613144
240613155
240613170
240613175
240613195
240613209
240613212
240613219
240613222
240613223
240613226
240613246
240613257
240613284
240613299
240613302
240613308
240613320
240613326
240613327
240613338
240613339
240613344
240613345
240613352
240613355
240613412
240613420
240613443
240613450
240613470
240613516
240613531
240613532
240613541
240613555
240613625
240613653
240613654
240613686
240613717
240613732
240613744
240613754
240613764
240613767
240613793
240613800
240613819
240613860
240613862
240613924
240613955
240613982
240614026
240614032
240614042
240614043
240614073
240614089
240614090
240614132
240614148
240614183
240614184
240614188
240614190
240614205
240614219
240614229
240614253
240614277
240614294
240614310
240614336
240614350
240614352
240614357
240614376
240614408
240614434
240614457
240614494
240614504
240614531
240614552
240614556
240614561
240614565
240614585
240614590
240614613
240614633
240614658
240614661
240614678
240614681
240614718
240614754
240614775
240614776
240614777
240614781
240614797
240614844
240614874
240614876
240614890
240614892
240614929
240614938
240614948
240614952
240614969
240615025
240615059
240615136
240615221
240615238
240615307
240615312
240615350
240615360
240615384
240615410
240615419
240615427
240615432
240615472
240615485
240615515
240615516
240615565
240615638
240615639
240615654
240615673
240615677
240615710
240615735
240615753
240615811
240615818
240615829
240615848
240615855
240615887
240615908
240615923
240615926
240615936
240615980
240615996
240616001
240616012
240616086
240616091
240616096
240616121
240616141
240616158
240616190
240616204
240616282
240616285
240616291
240616295
240616314
240616334
240616345
240616346
240616354
240616408
240616410
240616413
240616440
240616446
240616449
240616467
240616564
240616566
240616581
240616586
240616604
240616610
240616661
240616681
240616706
240616717
240616731
240616736
240616739
240616754
240616791
240616816
240616847
240616850
240616851
240616860
240616870
240616873
240616894
240616900
240616904
240616941
240616943
240616953
240616966
240616998
240617036
240617042
240617048
240617050
240617078
240617131
240617149
240617167
240617170
240617192
240617209
240617215
240617222
240617255
240617266
240617305
240617322
240617326
240617339
240617360
240617368
240617374
240617380
240617415
240617439
240617456
240617469
240617481
240617517
240617535
240617572
240617579
240617581
240617595
240617598
240617599
240617639
240617643
240617648
240617680
240617695
240617814
240617832
240617848
240617865
240617978
240618001
240618019
240618040
240618044
240618093
240618096
240618110
240618124
240618155
240618197
240618198
240618231
240618246
240618249
240618253
240618262
240618265
240618336
240618352
240618355
240618356
240618416
240618479
240618486
240618516
240618532
240618537
240618569
240618593
240618648
240618728
240618764
240618782
240618855
240618893
240618932
240618937
240618995
240619009
240619039
240619059
240619107
240619113
240619131
240619162
240619180
240619209
240619229
240619251
240619255
240619258
240619262
240619279
240619298
240619326
240619328
240619334
240619343
240619356
240619363
240619371
240619374
240619383
240619443
240619451
240619479
240619496
240619510
240619629
240619650
240619666
240619671
240619678
240619691
240619713
240619801
240619830
240619844
240619848
240619856
240619873
240619882
240619883
240619895
240619911
240619940
240619958
240619983
240619993
240620004
240620032
240700004
240700028
240700031
240700048
240700066
240700081
240700082
240700097
240700117
240700136
240700140
240700144
240700146
240700180
240700188
240700221
240700235
240700286
240700287
240700299
240700335
240700385
240700392
240700414
240700417
240700418
240700430
240700434
240700456
240700458
240700468
240700499
240700504
240700530
240700539
240700557
240700581
240700586
240700587
240700637
240700638
240700652
240700680
240700716
240700727
240700763
240700796
240700811
240700828
240700832
240700841
240700845
240700848
240700865
240700890
240700894
240700914
240700927
240700931
240700933
240700960
240701000
240701008
240701009
240701016
240701051
240701056
240701089
240701120
240701122
240701136
240701145
240701188
240701210
240701239
240701241
240701244
240701285
240701296
240701304
240701312
240701329
240701354
240701375
240701437
240701453
240701496
240701508
240701534
240701537
240701551
240701560
240701601
240701610
240701642
240701644
240701654
240701666
240701757
240701803
240701804
240701813
240701827
240701839
240701894
240701925
240701971
240702037
240702065
240702068
240702078
240702098
240702102
240702115
240702136
240702154
240702187
240702197
240702212
240702232
240702283
240702287
240702314
240702330
240702340
240702352
240702359
240702395
240702410
240702416
240702428
240702436
240702482
240702483
240702496
240702503
240702535
240702626
240702644
240702650
240702669
240702672
240702703
240702714
240702735
240702750
240702783
240702806
240702820
240702821
240702849
240702899
240702919
240702939
240702958
240702991
240703006
240703015
240703033
240703044
240703053
240703073
240703079
240703119
240703123
240703124
240703138
240703166
240703182
240703215
240703310
240703317
240703324
240703347
240703363
240703364
240703487
240703492
240703544
240703552
240703582
240703585
240703638
240703656
240703665
240703671
240703731
240703748
240703759
240703796
240703836
240703848
240703863
240703940
240703946
240703978
240703980
240704017
240704053
240704073
240704118
240704121
240704131
240704137
240704151
240704159
240704229
240704231
240704236
240704262
240704283
240704287
240704301
240704311
240704331
240704347
240704390
240704418
240704441
240704453
240704465
240704471
240704492
240704535
240704538
240704546
240704564
240704595
240704644
240704699
240704727
240704737
240704756
240704757
240704782
240704791
240704793
240704801
240704849
240704862
240704903
240704910
240704926
240704950
240704974
240704983
240704984
240705019
240705063
240705078
240705080
240705107
240705121
240705147
240705201
240705209
240705231
240705279
240705295
240705298
240705305
240705322
240705435
240705443
240705452
240705455
240705459
240705471
240705478
240705497
240705516
240705542
240705579
240705589
240705600
240705607
240705741
240705831
240705842
240705844
240705865
240705936
240705951
240705955
240706052
240706053
240706066
240706114
240706138
240706157
240706163
240706195
240706208
240706210
240706215
240706229
240706247
240706257
240706265
240706274
240706329
240706353
240706360
240706394
240706408
240706423
240706427
240706467
240706485
240706498
240706517
240706526
240706545
240706552
240706554
240706575
240706597
240706644
240706653
240706662
240706714
240706730
240706754
240706758
240706782
240706791
240706845
240706873
240706916
240706920
240706931
240706947
240706952
240706956
240707002
240707011
240707029
240707073
240707079
240707163
240707176
240707183
240707184
240707196
240707200
240707226
240707231
240707246
240707248
240707272
240707283
240707304
240707314
240707331
240707343
240707369
240707399
240707412
240707430
240707445
240707462
240707466
240707528
240707543
240707550
240707554
240707582
240707588
240707592
240707688
240707690
240707716
240707734
240707738
240707752
240707778
240707842
240707852
240707875
240707900
240707911
240707914
240707924
240707932
240707953
240707961
240707965
240707979
240707985
240707986
240708030
240708042
240708043
240708068
240708104
240708106
240708109
240708111
240708118
240708153
240708155
240708161
240708167
240708170
240708241
240708269
240708276
240708343
240708352
240708434
240708461
240708476
240708560
240708580
240708584
240708613
240708650
240708672
240708704
240708720
240708727
240708755
240708761
240708776
240708784
240708801
240708803
240708817
240708824
240708835
240708837
240708844
240708903
240708930
240708936
240708967
240708984
240708988
240709010
240709049
240709067
240709158
240709160
240709182
240709224
240709258
240709270
240709271
240709280
240709292
240709299
240709311
240709315
240709318
240709363
240709416
240709503
240709534
240709556
240709566
240709572
240709578
240709629
240709644
240709650
240709665
240709692
240709697
240709725
240709734
240709755
240709791
240709807
240709855
240709889
240709891
240709927
240709978
240709993
240710008
240710009
240710029
240710040
240710052
240710102
240710137
240710158
240710208
240710256
240710324
240710344
240710348
240710355
240710356
240710400
240710410
240710433
240710436
240710445
240710469
240710475
240710504
240710510
240710538
240710541
240710565
240710572
240710597
240710717
240710734
240710736
240710749
240710757
240710789
240710799
240710856
240710862
240710888
240710909
240710930
240710938
240710939
240710969
240710978
240710997
240711008
240711013
240711014
240711018
240711019
240711044
240711050
240711053
240711107
240711113
240711119
240711123
240711132
240711143
240711174
240711285
240711320
240711340
240711356
240711422
240711476
240711493
240711501
240711506
240711563
240711610
240711635
240711684
240711691
240711700
240711722
240711766
240711777
240711800
240711809
240711811
240711832
240711851
240711873
240711949
240711980
240711988
240711991
240712005
240712041
240712046
240712057
240712075
240712088
240712117
240712153
240712170
240712209
240712213
240712235
240712241
240712242
240712267
240712318
240712347
240712352
240712359
240712362
240712366
240712370
240712389
240712411
240712412
240712442
240712450
240712452
240712479
240712537
240712541
240712628
240712649
240712651
240712657
240712667
240712709
240712715
240712718
240712736
240712802
240712835
240712861
240712865
240712875
