13065923
13065943
13065946
13065948
13065954
13065960
13065974
13066021
13066047
13066100
13066201
13066299
13066300
13066429
13066465
13066495
13066503
13066518
13066522
13066523
13066524
13066537
13066593
13066594
13066634
13066636
13066676
13066677
13066681
13066701
13066716
13066717
13066762
13066815
13066835
13066857
13066879
13066907
13066908
13066924
13070005
13070013
13070050
13070065
13070099
13070103
13070141
13070143
13070180
13070217
13070236
13070239
13070272
13070275
13070294
13070322
13070390
13070409
13070413
13070457
13070472
13070482
13070524
13070529
13070551
13070558
13070580
13070638
13070650
13070651
13070680
13070685
13070691
13070693
13070694
13070700
13070724
13070728
13070740
13070769
13070789
13070805
13070807
13070812
13070813
13070825
13070835
13070838
13070841
13070846
13070864
13070867
13070898
13070908
13070911
13070927
13070956
13071008
13071022
13071024
13071040
13071049
13071061
13071078
13071121
13071198
13071205
13071229
13071235
13071276
13071284
13071316
13071321
13071358
13071375
13071389
13071466
13071482
13071486
13071494
13071499
13071517
13071544
13071558
13071607
13071658
13071700
13071704
13071717
13071827
13071867
13071871
13071877
13071883
13071963
13071968
13071971
13072004
13072031
13072046
13072096
13072099
13072101
13072108
13072112
13072136
13072158
13072186
13072188
13072211
13072217
13072249
13072282
13072311
13072319
13072329
13072390
13072391
13072409
13072453
13072496
13072549
13072587
13072629
13072642
13072666
13072678
13072683
13072737
13072755
13072858
13072882
13072917
13072930
13072938
13072957
13072992
13072996
13073005
13073076
13073077
13073088
13073090
13073148
13073165
13073180
13073247
13073310
13073311
13073365
13073388
13073420
13073426
13073436
13073442
13073452
13073475
13073492
13073493
13073500
13073513
13073521
13073537
13073548
13073551
13073556
13073584
13073689
13073699
13073714
13073723
13073751
13073788
13073820
13073830
13073873
13073882
13073883
13073886
13073891
13073895
13073899
13073940
13073950
13073975
13073979
13073984
13073991
13073994
13074023
13074033
13074078
13074121
13074125
13074136
13074150
13074190
13074206
13074220
13074246
13074256
13074273
13074304
13074308
13074325
13074333
13074360
13074373
13074381
13074428
13074468
13074476
13074481
13074484
13074486
13074507
13074538
13074557
13074577
13074581
13074642
13074676
13074701
13074703
13074717
13074727
13074731
13074733
13074740
13074754
13074758
13074787
13074797
13074816
13074883
13074886
13074890
13074939
13074946
13074956
13074969
13074978
13074992
13075017
13075053
13075072
13075096
13075118
13075126
13075138
13075146
13075180
13075189
13075196
13075231
13075252
13075279
13075301
13075336
13075397
13075400
13075405
13075421
13075427
13075506
13075517
13075522
13075561
13075593
13075599
13075649
13075659
13075674
13075680
13075693
13075696
13075709
13075714
13075721
13075727
13075732
13075751
13075775
13075841
13075844
13075850
13075893
13075919
13075951
13075996
13076010
13076067
13076080
13076121
13076122
13076128
13076243
13076263
13076273
13076278
13076281
13076301
13076302
13076317
13076334
13076360
13076392
13076416
13076468
13076489
13076503
13076512
13076548
13076569
13076579
13076604
13076631
13076635
13076711
13076720
13076727
13076733
13076744
13076753
13076768
13076771
13076798
13076818
13076836
13076854
13076897
13076983
13077040
13077048
13077052
13077060
13077074
13077189
13077258
13077260
13077286
13077306
13077321
13077332
13077341
13077364
13077368
13077388
13077395
13077417
13077422
13077434
13077440
13077506
13077601
13077609
13077662
13077714
13077834
13077841
13077876
13077892
13077922
13077928
13078054
13078074
13078114
13078127
13078142
13078149
13078153
13078155
13078166
13078172
13078174
13078179
13078242
13078243
13078276
13078288
13078293
13078394
13078401
13078429
13078437
13078443
13080022
13080145
13080222
13080243
13080334
13080370
13080372
13080394
13080398
13080414
13080442
13080485
13080493
13080513
13080525
13080546
13080554
13080573
13080580
13080597
13080615
13080625
13080672
13080699
13080703
13080705
13080708
13080740
13080764
13080774
13080776
13080778
13080860
13080923
13080952
13080966
13081036
13081044
13081052
13081070
13081101
13081116
13081127
13081131
13081197
13081259
13081275
13081285
13081301
13081323
13081358
13081404
13081414
13081482
13081488
13081513
13081544
13081560
13081612
13081783
13081790
13081791
13081798
13081838
13081843
13081885
13081887
13081919
13081975
13081985
13082061
13082112
13082143
13082182
13082191
13082220
13082270
13082284
13082285
13082292
13082293
13082300
13082313
13082318
13082321
13082341
13082346
13082360
13082375
13082377
13082379
13082382
13082404
13082415
13082425
13082428
13082461
13082470
13082472
13082478
13082481
13082495
13082503
13082511
13082517
13082557
13082569
13082626
13082647
13082674
13082694
13082719
13082726
13082747
13082772
13082774
13082804
13082807
13082814
13082827
13082835
13082839
13082862
13082865
13082893
13082951
13083009
13083015
13083089
13083102
13083208
13083256
13083273
13083276
13083301
13083325
13083353
13083356
13083370
13083373
13083379
13083403
13083428
13083442
13083446
13083452
13083463
13083520
13083538
13083553
13083599
13083626
13083684
13083741
13083800
13083833
13083847
13083861
13083866
13083916
13083933
13083939
13083985
13084006
13084010
13084048
13084084
13084101
13084168
13084193
13084213
13084214
13084224
13084256
13084257
13084270
13084282
13084289
13084298
13084315
13084360
13084378
13084382
13084386
13084401
13084413
13084422
13084430
13084432
13084444
13084447
13084469
13084494
13084513
13084521
13084530
13084576
13084590
13084607
13084611
13084620
13084634
13084653
13084767
13084809
13084817
13084841
13084902
13084975
13085035
13085045
13085051
13085074
13085079
13085094
13085133
13085160
13085162
13085184
13085195
13085210
13085216
13085232
13085335
13085341
13085368
13085371
13085386
13085393
13085396
13085434
13085451
13085454
13085461
13085523
13085528
13085559
13085560
13085578
13085593
13085640
13085651
13085661
13085672
13085674
13085676
13085679
13085680
13085695
13085698
13085701
13085707
13085709
13085766
13085786
13085795
13085831
13085842
13085910
13085917
13085942
13085952
13085966
13085988
13085991
13086007
13086010
13086026
13086040
13086053
13086071
13086083
13086098
13086113
13086147
13086168
13086233
13086236
13086242
13086290
13086298
13086388
13086398
13086399
13086408
13086416
13086431
13086446
13086459
13086472
13086500
13086518
13086527
13086533
13086561
13086627
13086629
13086631
13086640
13086684
13086740
13086764
13086787
13086801
13086808
13086829
13090004
13090014
13090015
13090024
13090032
13090040
13090100
13090103
13090107
13090108
13090162
13090182
13090187
13090203
13090220
13090252
13090300
13090317
13090343
13090356
13090357
13090362
13090375
13090425
13090426
13090451
13090471
13090475
13090510
13090512
13090561
13090582
13090584
13090646
13090652
13090676
13090707
13090734
13090776
13090808
13090813
13090823
13090826
13090832
13090866
13090888
13090917
13090968
13090981
13090992
13090999
13091039
13091126
13091146
13091185
13091206
13091278
13091297
13091299
13091373
13091440
13091487
13091494
13091529
13091553
13091575
13091592
13091609
13091652
13091661
13091666
13091673
13091720
13091737
13091739
13091767
13091777
13091784
13091797
13091808
13091868
13091877
13091878
13091899
13091911
13091947
13091968
13092031
13092053
13092073
13092075
13092124
13092143
13092242
13092257
13092283
13092302
13092362
13092379
13092405
13092417
13092429
13092454
13092457
13092468
13092516
13092533
13092585
13092630
13092666
13092698
13092725
13092727
13092742
13092756
13092761
13092762
13092778
13092803
13092804
13092812
13092842
13092861
13092871
13092873
13092889
13092923
13092939
13092960
13092967
13093000
13093010
13093016
13093023
13093070
13093075
13093076
13093112
13093139
13093154
13093171
13093246
13093350
13093363
13093409
13093435
13093451
13093481
13093484
13093490
13093494
13093539
13093549
13093631
13093685
13093705
13093772
13093789
13093801
13093813
13093832
13093879
13093902
13093917
13093935
13093950
13093984
13093993
13093995
13094018
13094021
13094056
13094107
13094163
13094166
13094218
13094220
13094237
13094263
13094308
13094341
13094408
13094423
13094429
13094521
13094522
13094560
13094562
13094566
13094602
13094641
13094671
13094731
13094757
13094769
13094787
13094793
13094811
13094894
13094912
13094955
13094964
13094998
13095013
13095023
13095098
13095195
13095207
13095252
13095272
13095316
13095352
13095361
13095415
13095484
13095507
13095525
13095527
13095532
13095556
13095558
13095575
13095586
13095594
13095621
13095630
13095695
13095754
13095803
13095858
13095860
13095877
13095881
13095924
13095931
13095963
13095965
13095999
13096002
13096011
13096034
13096047
13096068
13096076
13096085
13096095
13096165
13096172
13096215
13096243
13096245
13096255
13096277
13096333
13096366
13096443
13096452
13096586
13096593
13096609
13096614
13096619
13096626
13096660
13096666
13096669
13096713
13096720
13096728
13096735
13096737
13096768
13096778
13096815
13096868
13096890
13096892
13096896
13096898
13096965
13096983
13096994
13096995
13097003
13097011
13097018
13097022
13097030
13097061
13097074
13097084
13097128
13097132
13097136
13097140
13097184
13097202
13097211
13097237
13097241
13097243
13097256
13097294
13097319
13097335
13097343
13097403
13097440
13097444
13097479
13097490
13097491
13097521
13097530
13097599
13097618
13097631
13097633
13097638
13097652
13097668
13097675
13097700
13097744
13097773
13097794
13097795
13097807
13097818
13097829
13097830
13097855
13097871
13097873
13097898
13097904
13097926
13097934
13097940
13097942
13097950
13097974
130_(number)
130_53_TK
130_am
130_departments_of_the_First_French_Empire
130_elektra
130_iris_folded_cards_to_make_(book)
130_mini_quilt_blocks_a_collection_of_exquisite_patchwork_blocks_using_ready_made_fabric_bund_(book)
130_mm/50_B13_Pattern_1936
130_mm_air_defense_gun_KS-30
130_mm_towed_field_gun_M1954_(M-46)
130_new_winemaking_recipes_make_delicious_wine_at_home_using_fruits_grains_and_herbs_(book)
130_nm_process
13100020
13100028
13100055
13100070
13100101
13100143
13100171
13100189
13100209
13100260
13100270
13100281
13100293
13100317
13100326
13100346
13100373
13100376
13100388
13100419
13100435
13100456
13100506
13100519
13100535
13100548
13100602
13100603
13100605
13100612
13100656
13100680
13100687
13100703
13100711
13100746
13100749
13100798
13100816
13100870
13100876
13100900
13100913
13100978
13101023
13101035
13101040
13101042
13101045
13101070
13101075
13101101
13101121
13101137
13101141
13101158
13101176
13101179
13101183
13101210
13101221
13101275
13101341
13101347
13101362
13101382
13101388
13101418
13101435
13101451
13101458
13101474
13101477
13101490
13101492
13101505
13101522
13101530
13101558
13101560
13101567
13101573
13101580
13101589
13101614
13101625
13101627
13101635
13101666
13101684
13101689
13101716
13101776
13101792
13101801
13101813
13101818
13101826
13101832
13101842
13101851
13101860
13101891
13101906
13101914
13101927
13101945
13101966
13102050
13102094
13102119
13102134
13102155
13102180
13102190
13102219
13102235
13102245
13102301
13102346
13102359
13102469
13102476
13102481
13102577
13102613
13102646
13102664
13102670
13102693
13102697
13102732
13102828
13102849
13102864
13102905
13102908
13102916
13102923
13102932
13103015
13103016
13103024
13103033
13103037
13103076
13103134
13103167
13103198
13103219
13103223
13103229
13103263
13103268
13103286
13103307
13103320
13103325
13103409
13103413
13103441
13103445
13103447
13103464
13103487
13103510
13103519
13103523
13103526
13103545
13103554
13103559
13103577
13103595
13103652
13103706
13103740
13103748
13103853
13103857
13103956
13103987
13104005
13104011
13104025
13104036
13104040
13104043
13104099
13104133
13104160
13104173
13104176
13104178
13104179
13104180
13104201
13104221
13104222
13104230
13104263
13104271
13104337
13104350
13104374
13104380
13104412
13104413
13104422
13104438
13104447
13104461
13104513
13104537
13104546
13104568
13104619
13104621
13104624
13104628
13104638
13104645
13104646
13104667
13104709
13104716
13104724
13104733
13104737
13104754
13104755
13104760
13104769
13104777
13104781
13104828
13104901
13104946
13105030
13105045
13105069
13105088
13105112
13105179
13105211
13105213
13105247
13105254
13105281
13105301
13105319
13105339
13105358
13105396
13105399
13105406
13105429
13105452
13105457
13105489
13105509
13105527
13105569
13105584
13105609
13105611
13105637
13105654
13105657
13105666
13105689
13105754
13105773
13105802
13105898
13105901
13105922
13105926
13105943
13105955
13105958
13105960
13105991
13106009
13106018
13106047
13106087
13106117
13106143
13106210
13106247
13106269
13106281
13106289
13106329
13106380
13106443
13106458
13106463
13106465
13106495
13106507
13106514
13106521
13106536
13106546
13106591
13106638
13106669
13106730
13106796
13106804
13106817
13106860
13106890
13106895
13106946
13106955
13106994
13107003
13107023
13107028
13107030
13107040
13107043
13107046
13107108
13107120
13107163
13107164
13107179
13107191
13107209
13107215
13107238
13107241
13107246
13107257
13107263
13107276
13107338
13107363
13107366
13107404
13107405
13107438
13107447
13107450
13107464
13107507
13107514
13107546
13107565
13107591
13107669
13107737
13107753
13107760
13107780
13107785
13107798
13107820
13107854
13107864
13107867
13107873
13107887
13107908
13107936
13107947
13107956
13107977
13108019
13108020
13108036
13108040
13108071
13108090
13108105
13108190
13108200
13108204
13108208
13108219
13108233
13108234
13108235
13108258
13108275
13108330
13108410
13108416
13108419
13108428
13108470
13108478
13108532
13108543
13108579
13108587
13108592
13108601
13108612
13108622
13108634
13110016
13110044
13110087
13110107
13110196
13110199
13110214
13110256
13110275
13110290
13110292
13110300
13110327
13110330
13110340
13110376
13110392
13110402
13110413
13110418
13110488
13110551
13110555
13110588
13110619
13110651
13110659
13110675
13110727
13110779
13110803
13110876
13110902
13110910
13110953
13110955
13111001
13111002
13111009
13111025
13111030
13111035
13111042
13111050
13111070
13111081
13111082
13111099
13111109
13111115
13111142
13111152
13111192
13111199
13111208
13111212
13111225
13111227
13111293
13111303
13111318
13111343
13111385
13111424
13111502
13111517
13111543
13111562
13111581
13111603
13111604
13111608
13111646
13111654
13111668
13111686
13111697
13111706
13111707
13111746
13111755
13111802
13111807
13111810
13111878
13111920
13111925
13111935
13111947
13111951
13111956
13112019
13112022
13112033
13112052
13112062
13112079
13112096
13112101
13112159
13112167
13112225
13112232
13112247
13112250
13112277
13112332
13112367
13112379
13112385
13112405
13112465
13112482
13112534
13112540
13112547
13112557
13112573
13112614
13112633
13112656
13112666
13112685
13112702
13112743
13112769
13112777
13112802
13112803
13112827
13112844
13112892
13112900
13112936
13112989
13113018
13113026
13113047
13113052
13113057
13113078
13113080
13113125
13113153
13113169
13113216
13113226
13113242
13113247
13113282
13113329
13113333
13113389
13113406
13113432
13113441
13113446
13113506
13113513
13113529
13113568
13113571
13113603
13113621
13113634
13113637
13113644
13113671
13113677
13113693
13113753
13113761
13113809
13113811
13113816
13113877
13113889
13113897
13113917
13113923
13113928
13113934
13113936
13113983
13113999
13114015
13114050
13114136
13114164
13114200
13114219
13114278
13114284
13114298
13114317
13114337
13114371
13114405
13114440
13114469
13114479
13114481
13114533
13114543
13114550
13114559
13114568
13114584
13114600
13114601
13114617
13114645
13114646
13114652
13114682
13114683
13114691
13114697
13114707
13114717
13114726
13114823
13114845
13114864
13114878
13114892
13114916
13114922
13114955
13114989
13114990
13115020
13115039
13115051
13115054
13115071
13115080
13115101
13115236
13115246
13115287
13115293
13115305
13115338
13115363
13115427
13115445
13115451
13115454
13115587
13115603
13115608
13115643
13115672
13115703
13115733
13115737
13115748
13115750
13115767
13115823
13115847
13115876
13115941
13115957
13115963
13116000
13116031
13116097
13116101
13116112
13116145
13116195
13116196
13116280
13116297
13116327
13116362
13116385
13116443
13116479
13116498
13116505
13116510
13116530
13116532
13116576
13116604
13116616
13116647
13116648
13116669
13116687
13116700
13116702
13116706
13116709
13116726
13116773
13116788
13116825
13116839
13116853
13116855
13116911
13116973
13116979
13117031
13117043
13117063
13117100
13117117
13117167
13117188
13117200
13117231
13117235
13117263
13117273
13117285
13117295
13117296
13117299
13117354
13117362
13117364
13117388
13117394
13117440
13117447
13117477
13117623
13117645
13120020
13120039
13120060
13120078
13120088
13120126
13120129
13120143
13120162
13120223
13120245
13120260
13120268
13120278
13120301
13120359
13120364
13120385
13120408
13120448
13120463
13120482
13120503
13120548
13120555
13120567
13120582
13120594
13120598
13120633
13120634
13120640
13120653
13120669
13120673
13120707
13120729
13120733
13120750
13120764
13120822
13120831
13120858
13120863
13120873
13120880
13120897
13120916
13120948
13120979
13121001
13121009
13121027
13121090
13121102
13121145
13121153
13121175
13121178
13121196
13121308
13121319
13121334
13121338
13121363
13121367
13121402
13121429
13121461
13121483
13121486
13121497
13121572
13121573
13121591
13121592
13121597
13121598
13121601
13121647
13121668
13121687
13121698
13121713
13121714
13121727
13121729
13121732
13121741
13121747
13121750
13121752
13121770
13121773
13121778
13121784
13121830
13121834
13121858
13121861
13121862
13121890
13121931
13121934
13121988
13122027
13122031
13122034
13122058
13122092
13122121
13122124
13122165
13122209
13122210
13122241
13122268
13122284
13122288
13122329
13122355
13122357
13122384
13122398
13122445
13122449
13122465
13122492
13122507
13122522
13122547
13122553
13122576
13122598
13122610
13122638
13122656
13122663
13122716
13122728
13122733
13122748
13122758
13122771
13122778
13122800
13122833
13122845
13122856
13122864
13122868
13122899
13122901
13122906
13122932
13122968
13123026
13123035
13123062
13123079
13123085
13123124
13123160
13123168
13123181
13123231
13123252
13123257
13123259
13123285
13123286
13123293
13123343
13123430
13123436
13123452
13123517
13123539
13123568
13123576
13123592
13123624
13123649
13123676
13123677
13123696
13123734
13123755
13123775
13123786
13123798
13123806
13123807
13123841
13123853
13123866
13123876
13123909
13123929
13123937
13123969
13124002
13124006
13124011
13124064
13124106
13124185
13124209
13124215
13124229
13124256
13124264
13124270
13124289
13124297
13124323
13124325
13124329
13124330
13124387
13124403
13124409
13124470
13124474
13124495
13124530
13124645
13124690
13124693
13124710
13124741
13124771
13124788
13124789
13124809
13124829
13124836
13124888
13124925
13124966
13124967
13125016
13125030
13125055
13125100
13125113
13125158
13125174
13125196
13125200
13125221
13125223
13125261
13125262
13125280
13125281
13125318
13125320
13125341
13125347
13125372
13125383
13125384
13125411
13125422
13125436
13125551
13125557
13125604
13125610
13125611
13125636
13125639
13125706
13125713
13125728
13125732
13125798
13125905
13125919
13125969
13125980
13125989
13126011
13126070
13126091
13126145
13126156
13126168
13126173
13126202
13126211
13126223
13126247
13126251
13126255
13126262
13126264
13126266
13126288
13126294
13126299
13126311
13126316
13126364
13126441
13126465
13126497
13126524
13126535
13126552
13126575
13126617
13126633
13126648
13126676
13126703
13126711
13126720
13126751
13126767
13126795
13126803
13126838
13126850
13126881
13126895
13126904
13126917
13126923
13126986
13126989
13127024
13127033
13127043
13127107
13127150
13127154
13127198
13127228
13127243
13127247
13127249
13127262
13127269
13127306
13127338
13127340
13127364
13127375
13127408
13127416
13127428
13127431
13127435
13127444
13127455
13127469
13127482
13127495
13127496
13127534
13127535
13127552
13127565
13127579
13127612
13127646
13127647
13127669
13127695
13127803
13127836
1312_ACAB_numerical_code
1314
13174_Timossi
131_(number)
131st_Separate_Motor_Rifle_Brigade
1321-lepers-plot
1323
1323–1328_Flemish_revolt
132524_APL
1325_buddhist_ways_to_be_happy_(book)
132_(number)
132_scale
132_seize_the_days_(book)
13325-valrienataf
1333
1337
1337x
1339_qi_facts_to_make_your_jaw_drop_(book)
133_(number)
133_Hong_Kong_telephone_prefix
133rd_Airlift_Wing
1341_Kerala_floods
1342_qi_facts_to_leave_you_flabbergasted
1342_qi_facts_to_leave_you_flabbergasted_(book)
1342_qi_facts_to_leave_you_flabbergasted_free_ebook_sampler_(book)
1345
1345_Avenue_of_the_Americas
1346
1347
1348
1349
1349_(band)
134_(number)
1350_scale
1356
1356_(novel)
1356_Basel_earthquake
1356_cd_1356_cd_(book)
1356_go_with_god_but_fight_like_the_devil_(book)
1356_grail_quest__(book)
1356_the_grail_quest_4_(book)
135_(number)
135_film
135_mm/45_Italian_naval_gun
135_mm_lens
135th_Anniversary_of_Boa_Vista
1365_1365_no_koibito_(book)
136_(number)
1377
1378_oak_street_(book)
137_(number)
137_jung_pauli_and_the_pursuit_of_a_scientific_obsession_(book)
137th_Special_Operations_Wing
137th_Street–City_College_station
1381_the_peel_affinity_an_english_knights_household_in_the_14th_century_(book)
138336_feet_to_pure_bliss_what_i_learned_about_life_women_and_running_in_my_first_100_maratho_(book)
1383–1385_Portuguese_interregnum
138_(number)
138_the_quest_to_find_the_true_age_of_the_universe_and_the_theory_of_everything_(book)
138th_Division_Imperial_Japanese_Army
1397_Umtata
1399
139_&_Lenox
139_(number)
13:_The_Musical
13Hrs
13_(2010_film)
13_(Black_Sabbath_album)
13_(Blur_album)
13_(Denzel_Curry_EP)
13_(Suicidal_Tendencies_album)
13_(The_Doors_album)
13_(book)
13_(musical)
13_(number)
13_12_lives_of_captain_blue_bear_novel
13_21_(book)
13_Alabama_Ghosts_and_Jeffrey
13_Assassins_(1963_film)
13_Assassins_(2010_film)
13_Beloved
13_Cameras
13_Dead_End_Drive
13_Eerie
13_Exorcisms
13_Fanboy
13_Ghosts
13_Going_on_30
13_Hours_(book)
13_January_2024_Russian_strikes_on_Ukraine
13_January_2026_Russian_strikes_on_Ukraine
13_Kensington_Palace_Gardens
13_Lakes
13_May_1945_German_deserter_execution
13_May_incident
13_Minutes_(2015_film)
13_Minutes_(2021_film)
13_Moons
13_Rajab
13_Reasons_Why
13_Rue_Madeleine
13_Sentinels_Aegis_Rim
13_September_2008_Delhi_bombings
13_Sins
13_Songs_(Fugazi_album)
13_Things_That_Don't_Make_Sense
13_Tzameti
13_Vendémiaire
13_Voices
13_Ways_to_Bleed_on_Stage
13_West_Street
13_Years,_13_Minutes
13_american_artists_children_should_know_(book)
13_an_anthology_of_horror_and_dark_fiction_(book)
13_and_15_West_54th_Street
13_art_illusions_children_should_know_(book)
13_art_inventions_children_should_know_(book)
13_art_mysteries_children_should_know_(book)
13_balas_vampire_tales_1_(book)
13_bodies_seven_tales_of_murder_madness_(book)
13_british_artists_children_should_know_(book)
13_buildings_children_should_know_(book)
13_by_shanley_(book)
13_chilling_tales_(book)
13_coins_(book)
13_coins_comics
13_coisas_que_as_pessoas_mentalmente_fortes_no_fazem_(book)
13_cuentos_oscuros_(book)
13_curses_(book)
13_das_a_medianoche_(book)
13_das_a_medianoche_novel
13_das_alice_madison_1_(book)
13_das_alice_madison_1_novel
13_day_war_demonstone_chronicles_6_(book)
13_days_of_halloween_(book)
13_days_of_midnight_(book)
13_days_the_dark_circle_(book)
13_decisions_that_will_change_your_life_(book)
13_donne_a_tavola_racconti_e_ricette_al_femminile_(book)
13_enveloppen_1_rugzak_little_blue_envelope_1_(book)
13_for_luck_(book)
13_ghosts_of_halloween_(book)
13_ghosts_strange_but_true_ghost_stories_(book)
13_gifts_(book)
13_gifts_a_wish_novel_(book)
13_gifts_audio_library_edition_(book)
13_gifts_willow_falls_3_(book)
13_gode_grunner_(book)
13_going_on_30_(book)
13_hangmen_(book)
13_hearts_to_start_a_storm_(book)
13_heroes_(book)
13_hollywood_apes_layla_remington_1_(book)
13_horrors_of_halloween_(book)
13_hours_the_secret_soldiers_of_benghazi
13_is_the_new_18_and_other_things_my_children_taught_me_while_i_was_having_a_nervous_breakdow_(book)
13_journeys_through_space_and_time_christmas_lectures_from_the_royal_institution_(book)
13_jours_alice_madison_1_(book)
13_minutes_(book)
13_mm_caliber
13_modern_artists_children_should_know_(book)
13_monsters_who_should_be_avoided_(book)
13_moons_(book)
13_moons_on_turtles_back_(book)
13_moons_on_turtles_back_poetry_collection
13_most_haunted_in_massachusetts_(book)
13_most_haunted_places_in_the_united_states_(book)
13_number
13_oclock_an_anthology_of_crime_stories_(book)
13_on_halloween_shadow_1_(book)
13_painters_children_should_know_(book)
13_paintings_children_should_know_(book)
13_petites_enveloppes_bleues_(book)
13_phantasms_and_other_stories_(book)
13_planets_the_latest_view_of_the_solar_system_(book)
13_posterunek
13_quick_shivers_(book)
13_quick_shivers_from_dailynightmarecom_anthology
13_relatos_infernales_(book)
13_rue_thrse_(book)
13_rzeczy_ktre_nie_maj_sensu_(book)
13_saat_1_mr_(book)
13_sculptures_children_should_know_(book)
13_secrets_(book)
13_secrets_for_speaking_fluent_japanese_(book)
13_shots_of_noir_(book)
13_skarbw_(book)
13_sotto_il_lenzuolo_(book)
13_steps_down_(book)
13_steps_down_ruth_rendell_(book)
13_storie_inospitali_(book)
13_storie_inospitali_short_story_collection
13_svarta_sagor_anthology
13_svarta_sagor_anthology_series
13_table_2017_(book)
13_table__(book)
13_tales_of_the_paranormal_paranormal_anthology_(book)
13_tales_to_give_you_night_terrors_anthology
13_the_complete_book_and_lyrics_of_the_broadway_musical_the_applause_libretto_library_(book)
13_the_story_of_the_worlds_most_popular_superstition_(book)
13_things_mentally_strong_people_dont_do
13_things_mentally_strong_people_dont_do_cd_take_back_your_power_embrace_change_face_your_fea_(book)
13_things_mentally_strong_people_dont_do_take_back_your_power_embrace_change_face_your_fears__(book)
13_things_rich_people_wont_tell_you_325_tried_and_true_secrets_to_building_your_fortune_by_sa_(book)
13_things_that_dont_make_sense_(book)
13_things_that_dont_make_sense_the_most_baffling_scientific_mysteries_of_our_time
13_things_that_dont_make_sense_the_most_baffling_scientific_mysteries_of_our_time_(book)
13_things_that_dont_make_sense_the_most_intriguing_scientific_mysteries_of_our_time_(book)
13_things_they_wont_tell_you
13_things_they_wont_tell_you_(book)
13_things_they_wont_tell_you_375_experts_confess_the_insider_secrets_they_keep_to_themselves_(book)
13_to_life_13_to_life_1_(book)
13_treasures_(book)
13_treasures_thirteen_1_(book)
13_views_of_the_suicide_woods_(book)
13_ways_of_looking_at_the_novel_(book)
13_women_of_the_otherworld_13_(book)
13_words_(book)
13k_ichimansanzen
13q_deletion_syndrome
13th-century_Persian_poets
13th/18th_Royal_Hussars
13th_(film)
13th_Academy_Awards
13th_Age
13th_Airborne_Division_(United_States)
13th_Annual_Grammy_Awards
13th_Armored_Division_(United_States)
13th_BRICS_summit
13th_Bomb_Squadron
13th_Brigade_(Australia)
13th_Cavalry_Regiment_(United_States)
13th_Dalai_Lama
13th_Demi-Brigade_of_the_Foreign_Legion
13th_Expeditionary_Sustainment_Command
13th_Fighter_Squadron
13th_Golden_Raspberry_Awards
13th_Guards_Rifle_Division
13th_Hollywood_Music_in_Media_Awards
13th_Hussars
13th_IndiaSri_Lanka_Navy_Staff_Talks
13th_Infantry_Regiment_(United_States)
13th_Korea_Drama_Awards
13th_Light_Brigade_(Netherlands)
13th_Lok_Sabha
13th_Marine_Expeditionary_Unit
13th_National_People's_Congress
13th_Parachute_Dragoon_Regiment
13th_Parliament_of_Kenya
13th_Screen_Actors_Guild_Awards
13th_Special_Mission_Brigade_(South_Korea)
13th_Special_Operations_Command
13th_Streamy_Awards
13th_Street_Winery
13th_Transgender_Erotica_Awards
13th_United_States_Congress
13th_Waffen_Mountain_Division_of_the_SS_Handschar_(1st_Croatian)
13th_Ward_Social_Club
13th_World_Festival_of_Youth_and_Students
13th_arrondissement_of_Paris
13th_boy_vol_10_13th_boy_10_(book)
13th_boy_vol_1_13th_boy_1_(book)
13th_boy_vol_1_13th_boy_1_manhwa
13th_boy_vol_2_13th_boy_2_(book)
13th_boy_vol_3_13th_boy_3_(book)
13th_boy_vol_4_13th_boy_4_(book)
13th_century
13th_century_BC
13th_century_in_literature
13th_iHeartRadio_Music_Awards
13th_millennium_BC
13th_national_television_awards
13th_planet_records
13x9_the_pan_that_can_150_fabulous_recipes_(book)
14+_(film)
14-3-3_protein
14-Day_Itinerary_for_Classical_Italian_Cities
14-Day_Southern_Italy_Itinerary
14-Methoxymetopon
14-inch/45-caliber_gun
14.5×114mm
140-year-long_YouTube_video
140-year_YouTube_video
1400
14000_things_to_be_happy_about
14000_things_to_be_happy_about_(book)
1400_Smith_Street
1400s_(decade)
1400s_BC_(decade)
1400–1500_in_European_fashion
14010048
14010058
14010066
14010072
14010138
14010139
14010157
14010220
14010248
14010264
14010271
14010328
14010331
14010341
14010342
14010344
14010367
14010376
14010431
14010439
14010440
14010442
14010460
14010499
14010548
14010552
14010567
14010571
14010598
14010608
14010651
14010677
14010708
14010727
14010730
14010799
14010807
14010818
14010842
14010846
14010857
14010870
14010882
14010891
14010892
14010895
14010906
14010944
14010948
14010961
14010967
14010975
14011008
14011016
14011031
14011057
14011071
14011117
14011128
14011146
14011157
14011165
14011176
14011211
14011213
14011248
14011263
14011292
14011335
14011409
14011419
14011459
14011530
14011599
14011606
14011687
14011691
14011705
14011714
14011739
14011761
14011810
14011833
14011851
14011882
14011884
14011892
14011900
14011936
14011958
14011964
14011972
14011976
14011983
14012007
14012008
14012015
14012025
14012027
14012063
14012092
14012098
14012117
14012181
14012201
14012202
14012222
14012258
14012266
14012278
14012299
14012302
14012312
14012314
14012329
14012334
14012336
14012377
14012379
14012425
14012449
14012450
14012451
14012461
14012490
14012504
14012528
14012547
14012558
14012573
14012596
14012633
14012679
14012684
14012719
14012750
14012794
14012823
14012865
14012874
14012882
14012901
14012914
14012918
14012931
14012945
14013030
14013056
14013123
14013124
14013137
14013142
14013159
14013175
14013179
14013181
14013196
14013213
14013229
14013261
14013263
14013280
14013308
14013391
14013426
14013445
14013456
14013460
14013501
14013509
14013522
14013550
14013572
14013578
14013584
14013591
14013639
14013650
14013680
14013699
14013717
14013742
14013752
14013793
14013799
14013821
14013833
14013838
14013875
14013910
14013914
14013923
14013944
14013968
14014013
14014018
14014019
14014040
14014085
14014121
14014157
14014169
14014199
14014262
14014264
14014314
14014320
14014331
14014351
14014409
14014417
14014448
14014477
14014479
14014488
14014517
14014539
14014570
14014600
14014606
14014609
14014613
14014640
14014644
14014701
14014708
14014732
14014777
14014808
14014836
14014847
14014936
14014943
14015032
14015044
14015060
14015063
14015085
14015087
14015100
14015104
14015109
14015116
14015123
14015166
14015189
14015198
14015205
14015211
14015299
14015312
14015315
14015318
14015337
14015362
14015366
14015371
14015391
14015404
14015417
14015461
14015487
14015489
14015548
14015564
14015584
14015598
14015611
14015647
14015659
14015677
14015692
14015706
14015722
14015737
14015753
14015754
14015790
14015801
14015802
14015842
14015843
14015853
14015898
14015900
14015922
14015924
14015938
14015984
14015994
14016104
14016132
14016144
14016161
14016171
14016174
14016184
14016251
14016253
14016275
14016324
14016370
14016382
14016425
14016429
14016436
14016499
14016566
14016591
14016602
14016606
14016629
14016683
14016686
14016691
14016709
14016713
14016719
14016727
14016771
14016842
14016853
14016895
14016915
14016918
14017011
14017029
14017057
14017064
14017077
14017107
14017154
14017155
14017159
14017177
14017190
14017230
14017236
14017275
14017278
14017280
14017291
14017294
14017329
14017330
14017339
14017351
14017364
14017424
14017427
14017437
14017495
14017502
14017622
14017633
14017636
14017641
14017693
14017696
14017754
14017801
14017858
14017874
14017888
14017896
14017897
14017930
14017973
14017975
14017977
14017985
14018016
14018105
14018129
14018147
14018151
14018196
14018213
14018262
14018280
14018286
14018291
1401_things_that_pss_me_off
14020006
14020024
14020028
14020034
14020081
14020108
14020181
14020197
14020203
14020217
14020223
14020231
14020236
14020289
14020292
14020337
14020338
14020367
14020387
14020441
14020447
14020448
14020458
14020461
14020474
14020510
14020524
14020560
14020566
14020567
14020585
14020594
14020595
14020600
14020647
14020681
14020728
14020754
14020801
14020813
14020818
14020827
14020841
14020869
14020877
14020908
14020939
14020964
14020966
14020987
14020994
14021005
14021008
14021028
14021035
14021063
14021074
14021078
14021079
14021081
14021101
14021109
14021115
14021162
14021168
14021218
14021241
14021259
14021309
14021312
14021343
14021378
14021409
14021432
14021469
14021482
14021529
14021554
14021556
14021568
14021593
14021602
14021603
14021607
14021617
14021632
14021673
14021702
14021712
14021770
14021778
14021783
14021818
14021839
14021859
14021908
14021919
14021935
14021956
14021998
14022016
14022025
14022058
14022059
14022068
14022070
14022091
14022101
14022115
14022129
14022145
14022149
14022159
14022171
14022202
14022250
14022251
14022252
14022258
14022300
14022346
14022347
14022379
14022410
14022411
14022413
14022423
14022449
14022455
14022466
14022491
14022495
14022508
14022513
14022547
14022570
14022577
14022630
14022640
14022650
14022696
14022710
14022771
14022791
14022811
14022820
14022843
14022858
14022861
14022873
14022878
14022880
14022883
14022906
14022921
14022940
14022951
14022975
14022999
14023074
14023081
14023088
14023145
14023170
14023179
14023223
14023259
14023266
14023327
14023332
14023349
14023390
14023392
14023413
14023434
14023442
14023460
14023474
14023501
14023503
14023524
14023533
14023556
14023604
14023611
14023639
14023662
14023696
14023747
14023774
14023783
14023821
14023832
14023841
14023853
14023869
14023881
14023942
14023954
14023978
14023985
14023998
14024004
14024005
14024007
14024043
14024079
14024117
14024152
14024154
14024162
14024176
14024187
14024196
14024218
14024265
14024281
14024298
14024302
14024363
14024404
14024414
14024415
14024518
14024539
14024550
14024584
14024587
14024624
14024635
14024639
14024640
14024665
14024680
14024705
14024714
14024720
14024731
14024739
14024745
14024761
14024767
14024793
14024823
14024832
14024837
14024893
14024917
14024952
14024975
14024983
14025006
14025013
14025026
14025036
14025051
14025070
14025114
14025131
14025149
14025187
14025201
14025218
14025237
14025316
14025321
14025340
14025354
14025368
14025403
14025423
14025425
14025435
14025454
14025468
14025530
14025571
14025578
14025579
14025601
14025625
14025635
14025636
14025637
14025703
14025738
14025744
14025756
14025758
14025793
14025813
14025829
14025846
14025847
14025850
14025856
14025879
14025880
14025882
14025903
14025928
14025953
14025975
14026023
14026039
14026040
14026041
14026051
14026075
14026087
14026118
14026127
14026130
14026133
14026155
14026160
14026164
14026166
14026201
14026247
14026294
14026335
14026389
14026415
14026421
14026441
14026446
14026476
14026501
14026542
14026590
14026621
14026624
14026649
14026658
14026662
14026676
14026681
14026702
14026737
14026750
14026759
14026776
14026808
14026845
14026850
14026852
14026876
14026884
14026923
14026926
14026934
14026935
14026951
14026959
14026989
14027018
14027024
14027087
14027122
14027123
14027206
14027207
14027210
14027260
14027294
14027316
14027325
14027344
14027362
14030014
14030021
14030023
14030034
14030065
14030067
14030079
14030091
14030102
14030114
14030129
14030197
14030264
14030295
14030317
14030381
14030382
14030406
14030419
14030451
14030465
14030476
14030595
14030711
14030712
14030783
14030857
14030881
14030896
14030908
14030925
14030942
14030943
14030978
14031019
14031026
14031059
14031086
14031088
14031089
14031104
14031114
14031142
14031180
14031231
14031250
14031251
14031271
14031315
14031318
14031325
14031329
14031352
14031357
14031358
14031377
14031394
14031411
14031417
14031429
14031441
14031466
14031470
14031482
14031497
14031503
14031554
14031597
14031599
14031600
14031657
14031669
14031678
14031687
14031709
14031741
14031754
14031755
14031763
14031777
14031787
14031823
14031831
14031848
14031870
14031892
14031924
14031969
14031995
14032040
14032062
14032091
14032119
14032129
14032140
14032149
14032171
14032211
14032261
14032387
14032410
14032445
14032451
14032489
14032491
14032496
14032501
14032535
14032555
14032557
14032587
14032589
14032603
14032633
14032714
14032724
14032728
14032729
14032757
14032768
14032771
14032795
14032796
14032799
14032905
14032920
14032962
14032976
14033019
14033033
14033044
14033067
14033071
14033141
14033175
14033187
14033206
14033224
14033232
14033274
14033295
14033308
14033335
14033362
14033409
14033440
14033445
14033447
14033484
14033487
14033505
14033507
14033546
14033560
14033583
14033615
14033647
14033709
14033734
14033753
14033755
14033781
14033797
14033805
14033812
14033816
14033832
14033837
14033861
14033874
14033891
14033916
14033925
14033934
14033964
14033987
14033991
14033994
14034000
14034013
14034018
14034029
14034030
14034054
14034076
14034131
14034134
14034136
14034153
14034197
14034222
14034245
14034260
14034265
14034294
14034314
14034315
14034363
14034371
14034372
14034423
14034437
14034468
14034503
14034522
14034549
14034567
14034572
14034605
14034653
14034657
14034668
14034687
14034715
14034728
14034764
14034780
14034796
14034797
14034807
14034830
14034857
14034906
14034920
14034937
14034957
14034968
14034978
14034996
14035007
14035032
14035044
14035063
14035066
14035098
14035103
14035140
14035143
14035165
14035201
14035213
14035242
14035253
14035255
14035262
14035265
14035272
14035276
14035289
14035324
14035329
14035332
14035336
14035340
14035342
14035360
14035377
14035426
14035436
14035453
14035454
14035464
14035473
14035507
14035522
14035567
14035575
14035580
14035584
14035619
14035634
14035665
14035668
14035678
14035680
14035705
14035720
14035761
14035785
14035823
14035841
14035842
14035901
14035949
14035953
14035986
14035992
14036021
14036046
14036114
14036115
14036134
14036147
14036156
14036160
14036169
14036191
14036193
14036218
14036250
14036331
14036349
14036432
14036444
14036452
14036458
14036486
14036489
14036502
14036516
14036539
14036652
14036653
14036658
14036701
14036740
14036764
14036773
14036788
14036809
14036830
14036854
14036861
14036884
14036947
14036956
14036971
14036977
14036981
14036993
14037027
14037032
14037113
14037153
14037172
14037188
14037191
14037198
14037204
14037210
14037223
14037228
14037260
14037281
14037306
14037328
14037352
14037361
14037391
14037394
14037413
14037417
14037435
14037440
14037447
14037502
14037521
14037524
14037537
14037542
14037567
14037601
14037604
14037615
14037653
14037665
14037673
14037678
14037706
14037719
14037739
14037748
14037768
14037783
14037792
14037815
14037817
14037818
14037819
14037820
14037825
14037831
14037857
14037863
14037895
14037903
14037920
14037947
14037974
14038022
14038037
14038051
14038052
14038056
14038059
14038093
14038099
14038111
14038143
14038148
14040004
14040060
14040074
14040077
14040127
14040128
14040135
14040147
14040159
14040182
14040193
14040208
14040249
14040273
14040276
14040311
14040318
14040321
14040358
14040389
14040393
14040420
14040434
14040442
14040452
14040482
14040489
14040581
14040616
14040645
14040646
14040672
14040692
14040713
14040742
14040744
14040752
14040760
14040774
14040782
14040786
14040822
14040832
14040910
14040915
14040940
14040955
14040964
14041007
14041064
14041085
14041114
14041133
14041153
14041166
14041170
14041183
14041191
14041218
14041231
14041235
14041265
14041294
14041299
14041319
14041390
14041413
14041420
14041520
14041530
14041534
14041538
14041585
14041590
14041599
14041606
14041616
14041756
14041821
14041824
14041859
14041860
14041873
14041875
14041882
14041891
14041900
14041904
14041905
14041929
14041945
14041950
14041964
14041972
14041979
14042000
14042005
14042024
14042066
14042091
14042108
14042149
14042162
14042172
14042173
14042200
14042220
14042228
14042250
14042253
14042256
14042259
14042304
14042348
14042388
14042393
14042429
14042431
14042450
14042484
14042499
14042518
14042524
14042609
14042616
14042618
14042639
14042714
14042720
14042767
14042769
14042770
14042788
14042797
14042826
14042843
14042873
14042904
14042915
14042920
14043020
14043021
14043028
14043029
14043059
14043084
14043195
14043199
14043200
14043206
14043241
14043243
14043294
14043334
14043385
14043392
14043407
14043451
14043472
14043474
14043490
14043497
14043526
14043557
14043569
14043572
14043576
14043604
14043640
14043698
14043701
14043737
14043766
14043772
14043784
14043790
14043830
14043852
14043857
14043901
14043905
14043916
14043932
14043944
14043962
14043985
14044017
14044051
14044129
14044132
14044135
14044147
14044170
14044182
14044187
14044228
14044257
14044261
14044312
14044339
14044347
14044353
14044370
14044402
14044427
14044432
14044436
14044446
14044452
14044468
14044478
14044495
14044526
14044565
14044580
14044592
14044612
14044617
14044643
14044701
14044735
14044761
14044777
14044785
14044798
14044814
14044820
14044880
14044905
14044928
14044946
14044960
14044975
14045042
14045083
14045188
14045196
14045203
14045219
14045231
14045234
14045235
14045267
14045311
14045314
14045326
14045330
14045357
14045358
14045366
14045368
14045396
14045397
14045442
14045455
14045470
14045484
14045498
14045514
14045526
14045541
14045543
14045577
14045597
14045602
14045635
14045722
14045760
14045762
14045790
14045806
14045814
14045826
14045831
14045865
14045869
14045873
14045942
14045943
14045967
14045968
14045995
14046006
14046013
14046049
14046086
14046199
14046209
14046215
14046277
14046336
14046388
14046398
14046431
14046478
14046493
14046563
14046572
14046576
14046608
14046619
14046625
14046626
14046660
14046667
14046685
14046758
14046761
14046815
14046825
14046850
14046857
14046864
14046883
14046905
14046912
14046918
14046922
14046956
14046957
14046992
14047037
14047057
14047074
14047083
14047133
14047142
14047202
14047245
14047277
14047290
14047307
14047390
14047418
14047427
14047441
14047451
14047472
14047483
14047505
14047519
14047534
14047553
14047576
14047583
14047595
14047633
14047648
14047671
14047672
14047678
14047691
14047699
14047712
14047759
14047791
14047818
14047827
14047852
14050002
14050069
14050139
14050141
14050172
14050181
14050210
14050219
14050228
14050236
14050247
14050289
14050311
14050318
14050349
14050375
14050410
14050426
14050446
14050469
14050543
14050547
14050552
14050555
14050560
14050617
14050630
14050635
14050658
14050673
14050678
14050679
14050694
14050711
14050776
14050782
14050814
14050876
14050892
14050902
14050911
14050916
14050956
14050959
14050971
14050983
14050987
14050993
14051016
14051046
14051057
14051062
14051064
14051072
14051078
14051081
14051101
14051105
14051115
14051136
14051148
14051206
14051208
14051253
14051267
14051278
14051284
14051291
14051301
14051305
14051331
14051339
14051361
14051370
14051383
14051406
14051416
14051426
14051448
14051461
14051463
14051484
14051528
14051544
14051548
14051576
14051593
14051594
14051599
14051623
14051624
14051641
14051652
14051669
14051671
14051673
14051690
14051716
14051724
14051738
14051741
14051785
14051798
14051800
14051807
14051808
14051836
14051849
14051890
14051904
14051925
14051926
14051953
14051965
14051982
14051990
14051991
14051999
14052041
14052063
14052096
14052097
14052120
14052142
14052161
14052188
14052197
14052208
14052234
14052244
14052272
14052275
14052282
14052288
14052292
14052295
14052351
14052357
14052362
14052377
14052382
14052414
14052425
14052427
14052455
14052456
14052466
14052489
14052495
14052497
14052498
14052501
14052526
14052528
14052581
14052630
14052640
14052643
14052651
14052658
14052670
14052672
14052711
14052724
14052755
14052777
14052795
14052813
14052827
14052833
14052837
14052878
14052886
14052916
14052925
14052934
14052936
14052939
14053003
14053010
14053012
14053013
14053023
14053042
14053047
14053054
14053073
14053119
14053127
14053166
14053176
14053181
14053192
14053210
14053236
14053274
14053275
14053285
14053289
14053295
14053314
14053322
14053340
14053422
14053424
14053480
14053495
14053509
14053518
14053547
14053559
14053565
14053566
14053582
14053589
14053593
14053639
14053659
14053667
14053675
14053679
14053694
14053731
14053740
14053765
14053790
14053803
14053854
14053872
14053877
14053896
14053945
14053995
14054014
14054022
14054045
14054050
14054084
14054087
14054088
14054103
14054206
14054211
14054303
14054330
14054331
14054338
14054352
14054399
14054420
14054459
14054479
14054500
14054507
14054531
14054545
14054550
14054591
14054608
14054677
14054690
14054704
14054710
14054737
14054763
14054836
14054838
14054842
14054847
14054857
14054861
14054885
14054892
14054893
14054901
14054913
14054962
14054980
14054999
14055020
14055021
14055023
14055028
14055077
14055105
14055134
14055135
14055150
14055151
14055192
14055224
14055228
14055235
14055238
14055242
14055246
14055252
14055299
14055300
14055307
14055340
14055346
14055354
14055364
14055377
14055379
14055425
14055491
14055517
14055573
14055583
14055586
14055614
14055630
14055642
14055644
14055661
14055664
14055670
14055682
14055736
14055738
14055773
14055780
14055788
14055799
14055861
14055877
14055890
14055929
14055954
14055992
14056010
14056015
14056018
14056035
14056103
14056157
14056197
14056205
14056223
14056240
14056309
14056312
14056323
14056338
14056340
14056358
14056368
14056387
14056422
14056450
14056457
14056480
14056527
14056634
14056703
14056724
14056731
14056735
14056777
14056784
14056821
14056828
14056863
14056871
14056965
14056982
14056995
14057078
14057122
14057127
14057134
14057163
14057169
14057177
14057190
14057197
14057200
14057208
14057213
14057224
14057250
14057277
14057321
14057374
14057380
14057393
14057407
14057433
14057434
14057441
14057456
14057500
14057516
14057533
14057542
14057554
14057585
14057606
14057667
14057688
14057696
14057713
14057736
14057738
14057755
14057791
14057799
14057857
14057901
14057958
14057964
14060009
14060017
14060023
14060055
14060058
14060061
14060089
14060090
14060123
14060187
14060206
14060255
14060320
14060327
14060351
14060356
14060371
14060378
14060382
14060387
14060399
14060420
14060505
14060526
14060567
14060585
14060589
14060623
14060641
14060647
14060685
14060699
14060751
14060765
14060780
14060823
14060824
14060827
14060851
14060869
14060872
14060883
14060891
14060976
14060996
14061016
14061029
14061033
14061039
14061054
14061079
14061109
14061136
14061193
14061199
14061203
14061218
14061246
14061257
14061276
14061312
14061315
14061338
14061343
14061380
14061383
14061393
14061405
14061456
14061568
14061597
14061640
14061658
14061665
14061714
14061738
14061767
14061812
14061839
14061859
14061876
14061885
14061898
14061919
14061921
14061952
14061961
14061969
14061970
14061975
14061991
14062021
14062040
14062157
14062252
14062288
14062301
14062315
14062318
14062320
14062352
14062375
14062390
14062401
14062404
14062405
14062415
14062421
14062442
14062453
14062519
14062521
14062529
14062531
14062532
14062536
14062537
14062540
14062579
14062612
14062628
14062634
14062646
14062678
14062697
14062700
14062724
14062733
14062782
14062792
14062826
14062846
14062865
14062941
14062961
14062969
14062989
14062996
14063010
14063024
14063034
14063058
14063088
14063090
14063100
14063108
14063120
14063134
14063201
14063207
14063247
14063253
14063255
14063303
14063311
14063320
14063329
14063358
14063451
14063457
14063468
14063527
14063533
14063537
14063555
14063616
14063661
14063682
14063740
14063751
14063754
14063759
14063767
14063779
14063794
14063804
14063818
14063830
14063841
14063845
14063868
14063890
14063907
14063935
14063949
14063985
14064011
14064012
14064041
14064048
14064085
14064147
14064183
14064218
14064238
14064245
14064254
14064281
14064315
14064343
14064413
14064419
14064470
14064508
14064509
14064522
14064582
14064621
14064622
14064637
14064664
14064689
14064714
14064719
14064742
14064751
14064752
14064845
14064848
14064876
14064886
14064967
14065016
14065107
14065114
14065211
14065234
14065271
14065287
14065336
14065340
14065346
14065386
14065417
14065479
14065485
14065617
14065629
14065680
14065697
14065702
14065705
14065725
14065738
14065741
14065760
14065771
14065810
14065831
14065835
14065847
14065849
14065882
14065910
14065916
14065969
14066019
14066034
14066043
14066058
14066066
14066079
14066093
14066154
14066164
14066180
14066188
14066196
14066207
14066219
14066221
14066244
14066245
14066263
14066270
14066289
14066303
14066309
14066374
14066423
14066431
14066451
14066458
14066468
14066478
14066504
14066517
14066538
14066568
14066580
14066587
14066609
14066626
14066642
14066652
14066674
14066678
14066689
14066717
14066769
14066773
14066836
14066854
14066857
14066858
14066878
14066881
14066900
14066924
14066972
14066985
14067057
14067084
14067088
14067099
14067107
14067109
14067131
14067150
14067152
14067158
14067159
14067215
14067267
14067289
14067327
14067335
14067353
14067364
14067365
14067369
14067385
14067403
14067423
14067447
14067457
14067480
14067558
14067571
14067601
14067603
14067621
14067627
14067634
14067638
14067656
14067661
14067686
14067697
14067700
14067711
14067717
14067762
14067831
14067841
14067842
14067844
14070017
14070039
14070061
14070083
14070152
14070162
14070186
14070192
14070213
14070225
14070257
14070274
14070300
14070331
14070338
14070347
14070450
14070461
14070466
14070470
14070496
14070515
14070542
14070580
14070605
14070614
14070617
14070671
14070673
14070716
14070788
14070801
14070805
14070846
14070890
14070928
14070943
14070979
14070986
14070988
14071001
14071065
14071066
14071067
14071070
14071118
14071135
14071137
14071210
14071217
14071221
14071277
14071336
14071341
14071355
14071372
14071412
14071428
14071443
14071457
14071477
14071502
14071518
14071549
14071563
14071565
14071572
14071578
14071607
14071615
14071639
14071662
14071667
14071670
14071674
14071676
14071697
14071749
14071768
14071782
14071812
14071830
14071846
14071868
14071903
14071923
14071929
14071957
14071997
14072004
14072040
14072075
14072109
14072115
14072154
14072176
14072179
14072247
14072269
14072279
14072289
14072291
14072324
14072358
14072383
14072391
14072394
14072401
14072422
14072438
14072446
14072456
14072514
14072529
14072536
14072567
14072575
14072581
14072702
14072704
14072754
14072771
14072799
14072800
14072812
14072815
14072829
14072846
14072884
14072906
14072912
14072925
14072945
14072948
14073004
14073009
14073010
14073021
14073032
14073059
14073068
14073077
14073085
14073088
14073089
14073160
14073165
14073173
14073189
14073195
14073204
14073214
14073236
14073242
14073248
14073255
14073265
14073266
14073301
14073303
14073340
14073367
14073392
14073429
14073506
14073512
14073537
14073538
14073553
14073570
14073607
14073615
14073620
14073627
14073630
14073676
14073700
14073729
14073736
14073741
14073768
14073810
14073822
14073837
14073841
14073845
14073850
14073853
14073871
14073889
14073932
14073945
14074029
14074032
14074046
14074048
14074076
14074090
14074149
14074163
14074177
14074183
14074234
14074278
14074302
14074309
14074338
14074372
14074380
14074446
14074457
14074460
14074464
14074471
14074491
14074503
14074514
14074519
14074562
14074589
14074597
14074608
14074609
14074625
14074643
14074644
14074651
14074682
14074690
14074724
14074725
14074727
14074734
14074791
14074793
14074848
14074857
14074879
14074892
14074895
14074933
14074964
14074978
14075025
14075069
14075078
14075081
14075121
14075144
14075153
14075172
14075186
14075229
14075235
14075261
14075280
14075284
14075306
14075307
14075354
14075369
14075373
14075415
14075437
14075447
14075475
14075497
14075557
14075592
14075600
14075650
14075652
14075655
14075675
14075679
14075686
14075695
14075707
14075762
14075765
14075875
14075890
14075904
14075908
14075912
14075916
14075927
14075958
14075961
14075984
14075994
14076002
14076009
14076046
14076050
14076057
14076080
14076087
14076100
14076104
14076114
14076127
14076141
14076163
14076169
14076183
14076230
14076260
14076263
14076284
14076326
14076394
14076405
14076408
14076437
14076446
14076478
14076483
14076488
14076519
14076529
14076539
14076567
14076587
14076648
14076677
14076681
14076687
14076706
14076714
14076717
14076718
14076727
14076806
14076823
14076835
14076843
14076903
14076940
14076952
14076983
14077003
14077067
14077123
14077131
14077175
14077177
14077189
14077209
14077256
14077373
14077387
14077395
14077413
14077417
14077427
14077473
14077491
14077499
14077507
14077529
14077541
14077553
14077554
14077593
14077605
14077643
14077655
14077677
14077695
14077711
14077712
14077714
14077729
14077746
14077766
14077772
14077813
14077855
14077857
14077869
14077911
14077943
14077952
14078004
14078005
14078044
14078054
14078058
14078059
14078127
14078130
14078188
14078210
14078214
14078220
14078250
14078275
14078313
14078328
14078381
14078394
14078395
14078400
14078401
14078409
14078413
14078417
14078419
14078453
14078467
14078495
14078498
14078501
14078510
14078511
14078533
1408
14080003
14080005
14080025
14080036
14080054
14080071
14080078
14080094
14080119
14080132
14080150
14080153
14080190
14080247
14080250
14080263
14080281
14080282
14080291
14080300
14080344
14080350
14080388
14080413
14080444
14080460
14080467
14080516
14080518
14080555
14080621
14080650
14080657
14080659
14080662
14080668
14080675
14080717
14080769
14080779
14080799
14080811
14080846
14080875
14080907
14080951
14080988
14080999
14081014
14081048
14081068
14081077
14081100
14081144
14081193
14081225
14081231
14081243
14081247
14081249
14081293
14081348
14081385
14081397
14081447
14081469
14081511
14081524
14081536
14081540
14081577
14081598
14081624
14081645
14081688
14081742
14081754
14081815
14081824
14081834
14081845
14081880
14081896
14081926
14081928
14081930
14081935
14082004
14082011
14082019
14082031
14082033
14082085
14082155
14082167
14082171
14082195
14082210
14082221
14082272
14082344
14082361
14082368
14082387
14082421
14082453
14082462
14082468
14082517
14082518
14082530
14082531
14082619
14082686
14082714
14082779
14082788
14082789
14082836
14082867
14082882
14082897
14082916
14082923
14082937
14082941
14082971
14082978
14082988
14083028
14083031
14083046
14083070
14083087
14083126
14083128
14083137
14083177
14083213
14083230
14083261
14083334
14083335
14083378
14083381
14083385
14083388
14083401
14083408
14083431
14083436
14083437
14083456
14083466
14083473
14083485
14083506
14083507
14083537
14083553
14083563
14083580
14083585
14083596
14083609
14083647
14083648
14083650
14083669
14083712
14083769
14083789
14083792
14083830
14083837
14083849
14083852
14083880
14083898
14083921
14083954
14083968
14084000
14084003
14084010
14084030
14084033
14084041
14084056
14084095
14084113
14084119
14084177
14084209
14084251
14084288
14084299
14084300
14084309
14084316
14084337
14084342
14084389
14084414
14084416
14084452
14084473
14084495
14084507
14084512
14084540
14084543
14084584
14084603
14084627
14084629
14084681
14084683
14084707
14084711
14084717
14084720
14084729
14084739
14084764
14084769
14084807
14084840
14084855
14084904
14084947
14084952
14084954
14084991
14085034
14085069
14085104
14085114
14085155
14085185
14085212
14085222
14085260
14085312
14085348
14085368
14085377
14085389
14085398
14085412
14085416
14085430
14085445
14085449
14085474
14085516
14085532
14085542
14085559
14085584
14085619
14085636
14085651
14085723
14085763
14085794
14085808
14085845
14085856
14085865
14085882
14085898
14085910
14085912
14085945
14085952
14085956
14086004
14086039
14086064
14086065
14086106
14086140
14086166
14086173
14086181
14086183
14086209
14086219
14086220
14086233
14086264
14086281
14086317
14086319
14086356
14086443
14086455
14086457
14086477
14086484
14086487
14086508
14086537
14086586
14086587
14086588
14086671
14086716
14086789
14086791
14086830
14086841
14086842
14086848
14086900
14086913
14086923
14087020
14087064
14087066
14087074
14087083
1408_(film)
1408_(short_story)
1408_in_literature
14090040
14090050
14090143
14090156
14090181
14090187
14090281
14090314
14090320
14090344
14090352
14090368
14090402
14090406
14090412
14090439
14090443
14090456
14090461
14090477
14090480
14090526
14090544
14090577
14090585
14090595
14090605
14090631
14090652
14090675
14090678
14090700
14090705
14090733
14090734
14090740
14090748
14090780
14090787
14090818
14090846
14090898
14090950
14090984
14090989
14091016
14091045
14091097
14091164
14091187
14091221
14091278
14091280
14091287
14091301
14091373
14091396
14091464
14091491
14091495
14091528
14091529
14091542
14091564
14091576
14091600
14091628
14091645
14091668
14091679
14091680
14091704
14091730
14091731
14091736
14091742
14091804
14091837
14091841
14091845
14091891
14091898
14091899
14091925
14091943
14091948
14091977
14091984
14091993
14092033
14092042
14092080
14092081
14092082
14092091
14092142
14092172
14092211
14092218
14092244
14092258
14092299
14092301
14092304
14092334
14092378
14092416
14092438
14092447
14092456
14092459
14092471
14092485
14092519
14092525
14092527
14092528
14092543
14092545
14092554
14092581
14092604
14092628
14092643
14092647
14092660
14092687
14092688
14092794
14092801
14092803
14092806
14092807
14092816
14092824
14092829
14092858
14092881
14092896
14092905
14092952
14092962
14092993
14093029
14093043
14093051
14093058
14093076
14093128
14093150
14093152
14093158
14093172
14093206
14093217
14093235
14093237
14093247
14093252
14093323
14093361
14093366
14093395
14093401
14093488
14093510
14093514
14093597
14093614
14093619
14093645
14093650
14093658
14093659
14093664
14093672
14093704
14093705
14093708
14093724
14093752
14093753
14093767
14093771
14093779
14093782
14093783
14093819
14093827
14093833
14093836
14093851
14093896
14093899
14093983
14093984
14094018
14094028
14094039
14094055
14094082
14094148
14094167
14094176
14094192
14094196
14094227
14094229
14094289
14094293
14094307
14094317
14094327
14094328
14094353
14094368
14094400
14094414
14094420
14094491
14094502
14094506
14094512
14094530
14094585
14094592
14094606
14094623
14094649
14094665
14094667
14094688
14094712
14094713
14094738
14094739
14094772
14094783
14094790
14094796
14094819
14094837
14094841
14094852
14094910
14094927
14094928
14094942
14094944
14094962
14095000
14095002
14095004
14095028
14095034
14095044
14095047
14095053
14095069
14095083
14095087
14095121
14095168
14095198
14095236
14095281
14095287
14095298
14095340
14095365
14095371
14095372
14095377
14095388
14095402
14095427
14095441
14095478
14095488
14095528
14095537
14095580
14095595
14095596
14095640
14095651
14095670
14095701
14095713
14095734
14095745
14095753
14095756
14095782
14095821
14095826
14095853
14095861
14095870
14095955
14095984
14095994
14096022
14096029
14096048
14096110
14096125
14096132
14096137
14096139
14096155
14096157
14096195
14096198
14096203
14096216
14096226
14096234
14096241
14096242
14096248
14096250
14096277
14096303
14096322
14096333
14096341
14096376
14096420
14096435
14096500
14096503
14096541
14096549
14096602
14096632
14096683
14096717
14096728
14096737
14096743
14096746
14096757
14096810
14096847
14096880
14096939
14096971
14096972
14096977
14096979
14097051
14097063
14097092
14097104
14097109
14097127
14097161
14097180
14097200
14097237
14097252
14097292
14097302
14097304
14097324
14097356
14097384
14097428
14097429
14097447
14097453
14097510
14097518
14097537
14097538
14097584
14097691
14097714
14097731
14097740
14097744
14097782
14097846
14097891
14097947
14097971
14097982
14097983
14098016
14098025
14098028
14098051
14098072
14098077
14098078
14098079
14098104
14098120
14098150
14098160
14098184
14098197
14098240
14098264
14098267
14098328
14098340
14098365
14098385
14098390
14098409
14098443
14098474
14098522
14098544
14098574
14098593
14098595
14098628
14098647
14098655
14098656
140_(number)
140_(video_game)
140_Broadway
140_GHz_120_Gbps_wireless_transceiver
140_New_Montgomery
140_Ruggeri
140_characters_a_style_guide_for_the_short_form_(book)
140_great_hikes_in_and_near_palm_springs_(book)
140_great_hikes_in_and_near_palm_springs_guidebook
140_tage_balkan_tiger_und_brusketa_(book)
140th_Wing
1410
14100050
14100062
14100093
14100121
14100134
14100172
14100174
14100201
14100207
14100214
14100219
14100230
14100239
14100243
14100264
14100287
14100290
14100293
14100311
14100348
14100360
14100399
14100407
14100430
14100472
14100506
14100507
14100534
14100537
14100631
14100637
14100645
14100683
14100684
14100746
14100761
14100769
14100770
14100776
14100805
14100807
14100830
14100851
14100864
14100912
14100994
14101016
14101025
14101069
14101103
14101122
14101136
14101141
14101273
14101299
14101357
14101368
14101377
14101431
14101439
14101475
14101506
14101538
14101566
14101573
14101576
14101599
14101604
14101624
14101646
14101663
14101689
14101694
14101753
14101757
14101758
14101778
14101782
14101784
14101789
14101793
14101810
14101870
14101888
14101941
14101949
14101964
14101979
14101996
14102026
14102043
14102076
14102088
14102092
14102106
14102125
14102126
14102168
14102175
14102200
14102201
14102203
14102215
14102216
14102228
14102244
14102256
14102262
14102293
14102316
14102323
14102330
14102346
14102378
14102414
14102422
14102463
14102466
14102470
14102503
14102517
14102528
14102557
14102575
14102584
14102638
14102645
14102680
14102689
14102773
14102829
14102869
14102888
14102944
14102963
14102973
14102977
14103004
14103010
14103016
14103022
14103042
14103056
14103057
14103071
14103086
14103148
14103217
14103230
14103246
14103248
14103256
14103306
14103334
14103355
14103368
14103380
14103406
14103435
14103479
14103493
14103497
14103510
14103527
14103607
14103625
14103650
14103656
14103669
14103690
14103716
14103728
14103758
14103762
14103788
14103817
14103831
14103842
14103857
14103884
14103889
14103917
14103930
14104015
14104027
14104082
14104119
14104123
14104166
14104219
14104234
14104241
14104258
14104274
14104280
14104285
14104303
14104335
14104368
14104430
14104435
14104437
14104568
14104576
14104587
14104614
14104654
14104671
14104677
14104703
14104728
14104736
14104770
14104776
14104798
14104801
14104804
14104814
14104842
14104849
14104860
14104868
14104913
14104919
14105016
14105027
14105071
14105079
14105099
14105102
14105130
14105171
14105202
14105209
14105221
14105233
14105235
14105240
14105259
14105392
14105395
14105425
14105445
14105447
14105458
14105462
14105471
14105486
14105512
14105515
14105548
14105553
14105571
14105579
14105598
14105606
14105609
14105623
14105626
14105646
14105666
14105674
14105680
14105683
14105752
14105764
14105774
14105795
14105851
14105860
14105872
14105895
14105898
14105956
14105967
14105974
14105979
14105986
14105994
14106003
14106030
14106032
14106071
14106093
14106095
14106098
14106124
14106129
14106282
14106289
14106292
14106325
14106353
14106367
14106377
14106383
14106413
14106428
14106437
14106449
14106454
14106458
14106513
14106524
14106538
14106549
14106571
14106580
14106588
14106597
14106611
14106614
14106642
14106649
14106665
14106687
14106713
14106731
14106765
14106800
14106823
14106861
14106885
14106896
14106920
14106924
14106939
14106952
14106983
14106988
14106989
14106995
14107039
14107040
14107087
14107107
14107128
14107139
14107147
14107167
14107193
14107199
14107225
14107227
14107257
14107263
14107267
14107322
14107328
14107334
14107401
14107413
14107449
14107474
14107490
14107522
14107540
14107594
14107656
14107687
14107784
14107799
14107816
14107826
14107847
14107864
14107882
14107883
14107916
14107922
14107969
14107981
14107982
14108005
14108006
14108020
14108040
14108055
14108093
14108107
14108114
14108127
14108141
14108149
14108154
14108155
14108163
14108166
14108180
14108206
14108222
14108232
14108237
14108249
14108260
14108295
14108381
14108393
14108428
14108433
14108439
14108442
14108464
14108495
14108505
14108510
14108512
14108519
14108520
14108607
14108644
14108662
14108668
14108688
14108693
14108699
14108716
14108718
14108733
14108738
14108762
14108792
14108810
14108814
14108832
1410_intermittent_fasting
14110012
14110031
14110040
14110041
14110046
14110091
14110093
14110096
14110121
14110123
14110129
14110195
14110217
14110333
14110335
14110412
14110416
14110506
14110523
14110533
14110546
14110548
14110575
14110577
14110584
14110585
14110587
14110589
14110591
14110601
14110642
14110657
14110661
14110676
14110700
14110701
14110718
14110740
14110776
14110789
14110794
14110834
14110839
14110842
14110907
14110964
14110966
14110993
14111001
14111012
14111014
14111041
14111066
14111073
14111082
14111111
14111176
14111205
14111209
14111256
14111276
14111277
14111280
14111317
14111368
14111395
14111409
14111411
14111431
14111448
14111450
14111461
14111478
14111511
14111529
14111544
14111553
14111589
14111605
14111607
14111608
14111616
14111637
14111654
14111715
14111718
14111734
14111736
14111738
14111770
14111830
14111841
14111869
14111882
14111903
14111915
14111935
14111938
14111983
14112074
14112086
14112089
14112093
14112109
14112141
14112177
14112200
14112211
14112237
14112256
14112258
14112273
14112281
14112283
14112291
14112299
14112340
14112343
14112350
14112362
14112378
14112425
14112441
14112476
14112512
14112522
14112528
14112539
14112603
14112613
14112629
14112633
14112662
14112663
14112693
14112727
14112738
14112812
14112822
14112830
14112848
14112914
14112924
14112965
14112978
14113026
14113051
14113105
14113137
14113148
14113160
14113188
14113200
14113234
14113252
14113275
14113316
14113320
14113342
14113356
14113362
14113378
14113399
14113422
14113430
14113481
14113502
14113507
14113509
14113510
14113519
14113560
14113576
14113596
14113617
14113623
14113649
14113652
14113657
14113669
14113683
14113697
14113704
14113819
14113833
14113856
14113887
14113890
14113909
14113921
14113923
14113931
14113955
14113987
14113990
14114004
14114008
14114010
14114020
14114041
14114043
14114058
14114060
14114061
14114065
14114104
14114127
14114149
14114222
14114245
14114247
14114281
14114295
14114325
14114330
14114332
14114424
14114430
14114440
14114443
14114454
14114456
14114488
14114504
14114512
14114516
14114529
14114559
14114563
14114589
14114598
14114626
14114642
14114652
14114680
14114682
14114687
14114693
14114697
14114736
14114741
14114746
14114747
14114769
14114773
14114786
14114791
14114800
14114822
14114827
14114855
14114875
14114884
14114912
14114928
14114960
14114996
14115002
14115042
14115059
14115070
14115078
14115093
14115098
14115099
14115129
14115147
14115154
14115160
14115170
14115210
14115233
14115263
14115266
14115310
14115325
14115334
14115347
14115351
14115383
14115436
14115444
14115461
14115469
14115489
14115492
14115526
14115531
14115563
14115582
14115616
14115618
14115634
14115648
14115650
14115652
14115675
14115682
14115684
14115709
14115721
14115724
14115741
14115749
14115772
14115802
14115804
14115820
14115836
14115838
14115949
14115962
14116012
14116014
14116044
14116045
14116057
14116082
14116128
14116129
14116137
14116180
14116191
14116239
14116269
14116292
14116293
14116391
14116405
14116418
14116439
14116440
14116468
14116519
14116520
14116540
14116633
14116673
14116687
14116712
14116725
14116736
14116738
14116749
14116765
14116771
14116773
14116781
14116786
14116800
14116803
14116870
14116914
14116985
14116995
14117043
14117045
14117073
14117113
14117144
14117160
14117173
14117176
14117199
14117201
14117234
14117235
14117312
14117333
14117360
14117395
14117429
14117433
14117440
14117441
14117445
14117447
14117486
14117487
14117546
14117554
14117569
14117572
14117590
14117625
14117648
14117651
14117655
14117686
14117697
14117701
14117714
14117718
14117736
14117787
14117822
14117823
14117828
14117884
14117892
14117907
14117948
14117954
14117965
14117969
1411_qi_facts_to_knock_you_sideways
1411_qi_facts_to_knock_you_sideways_(book)
1411_quite_interesting_facts_to_knock_you_sideways
1411_quite_interesting_facts_to_knock_you_sideways_(book)
14120018
14120024
14120072
14120079
14120124
14120138
14120180
14120203
14120212
14120229
14120230
14120329
14120333
14120337
14120343
14120362
14120382
14120394
14120398
14120445
14120451
14120454
14120472
14120480
14120512
14120552
14120615
14120616
14120639
14120653
14120678
14120717
14120720
14120724
14120734
14120772
14120776
14120784
14120801
14120809
14120818
14120836
14120855
14120864
14120913
14120929
14120960
14121020
14121035
14121037
14121064
14121080
14121088
14121104
14121110
14121120
14121146
14121155
14121199
14121204
14121297
14121304
14121349
14121368
14121380
14121387
14121389
14121424
14121427
14121477
14121479
14121582
14121648
14121655
14121661
14121666
14121674
14121675
14121693
14121728
14121764
14121777
14121796
14121817
14121841
14121844
14121852
14121873
14121895
14121948
14121986
14122007
14122038
14122044
14122062
14122097
14122105
14122134
14122152
14122156
14122205
14122207
14122213
14122220
14122276
14122281
14122293
14122296
14122298
14122320
14122339
14122369
14122385
14122430
14122436
14122466
14122494
14122501
14122528
14122536
14122606
14122637
14122661
14122671
14122674
14122688
14122709
14122724
14122728
14122744
14122751
14122753
14122762
14122833
14122844
14122847
14122923
14122948
14122959
14122963
14122989
14123011
14123038
14123042
14123043
14123060
14123063
14123107
14123122
14123127
14123128
14123136
14123150
14123168
14123171
14123232
14123272
14123338
14123400
14123407
14123415
14123425
14123432
14123435
14123444
14123451
14123481
14123484
14123534
14123561
14123583
14123616
14123627
14123647
14123673
14123700
14123706
14123709
14123793
14123794
14123796
14123797
14123808
14123858
14123900
14123907
14123928
14123958
14123961
14123969
14123970
14123974
14123984
14123991
14124028
14124043
14124055
14124064
14124074
14124091
14124097
14124127
14124212
14124213
14124232
14124247
14124270
14124334
14124370
14124375
14124386
14124399
14124400
14124512
14124533
14124557
14124586
14124596
14124599
14124611
14124640
14124645
14124654
14124661
14124671
14124683
14124689
14124710
14124711
14124731
14124755
14124773
14124781
14124821
14124850
14124926
14124940
14125012
14125038
14125051
14125058
14125069
14125083
14125086
14125119
14125121
14125124
14125129
14125152
14125168
14125185
14125230
14125236
14125246
14125248
14125262
14125273
14125294
14125309
14125348
14125355
14125411
14125420
14125479
14125512
14125525
14125559
14125566
14125616
14125621
14125624
14125625
14125628
14125655
14125660
14125715
14125746
14125748
14125771
14125788
14125797
14125798
14125800
14125813
14125816
14125818
14125836
14125891
14125892
14125908
14125915
14125935
14125948
14125949
14125979
14125998
14126002
14126003
14126011
14126016
14126059
14126066
14126085
14126089
14126094
14126106
14126148
14126203
14126218
14126219
14126239
14126240
14126247
14126253
14126264
14126391
14126409
14126432
14126467
14126509
14126528
14126571
14126597
14126614
14126651
14126659
14126698
14126728
14126754
14126771
14126777
14126835
14126843
14126848
14126865
14126901
14126902
14126918
14126944
14127007
14127080
14127100
14127128
14127193
14127235
14127273
14127287
14127291
14127297
14127324
14127345
14127367
14127385
14127387
14127392
14127399
14127433
14127438
14127453
14127458
14127489
14127498
14127502
14127518
14127519
14127521
14127553
14127603
14127605
14127609
14127630
14127645
14127665
14127698
14127702
14127747
14127755
14127759
14127792
14127793
14127798
14127808
14127824
14127842
14127845
14127850
14127872
14127876
14127900
14127908
14127943
14127955
14127956
14128007
14128038
14128042
14128061
14128124
14128130
14128134
14128145
14128150
14128158
14128190
14128208
14128235
14128237
14128240
14128262
14128349
14128363
14128397
14128421
14128465
14128496
14128498
14128501
14128528
14128606
14128612
14128621
14128656
14128673
1415
1417
141_(number)
141st_IOC_Session
141st_Infantry_Regiment_(United_States)
1420
14208
1420_Caldera_earthquake
1423
142857
1428_Elm_Street
142_(number)
142nd_Infantry_Regiment_(United_States)
142nd_Wing
1434_the_year_a_magnificent_chinese_fleet_sailed_to_italy_and_ignited_the_renaissance_(book)
143_(2004_film)
143_(number)
143_love_according_to_musiq_(book)
143_scale
143rd_Infantry_Regiment_(United_States)
144,000
1440
1440p
1444
144_(film)
144_(number)
144_Signal_Squadron_Australia
144_aphorisms_(book)
144_wrath_(book)
144th_Fighter_Wing
144th_Guards_Motor_Rifle_Division
1450
1450_Internet_army
1452/1453_mystery_eruption
1453
1458_mystery_eruption
145_(number)
145th_Street_station_(IND_lines)
1462
1462_south_broadway_(book)
146_(number)
146_bc
146th_Airlift_Wing
1470
1476
147_(number)
147_things_my_users_guide_to_the_universe_from_black_holes_to_bellybuttons
147th_Attack_Wing
147th_Regiment_(United_States)
1488
148_(Meiktila)_Battery_Royal_Artillery
148_(number)
148th_Fighter_Wing
149055095x_(book)
1490s
1490s_in_music
1491s
1492
1492_conquest_of_paradise
1493
1498_Meiō_earthquake
1499
149_(number)
149_paintings_you_really_need_to_see_in_europe_so_you_can_ignore_the_others_(book)
149th_Fighter_Squadron
149th_Fighter_Wing
149th_Street–Grand_Concourse_station
14K_(triad)
14TP
14_(novel)
14_(number)
14_1_14_sai_no_koi_1_(book)
14_3_14_sai_no_koi_3_love_at_fourteen_3_(book)
14_Blades
14_CFR_Part_11
14_Cameras
14_Going_on_30
14_January_2026_Prime_Ministers_Questions
14_January_2026_in_association_football
14_July_Revolution
14_Minutes_Until_Start
14_October_2017_Mogadishu_bombings
14_On_Fire
14_Phere
14_Prince's_Gate,_London
14_Shades_of_Grey
14_Shots_to_the_Dome
14_Songs
14_Stories_restaurant
14_Wall_Street
14_Years
14_bc
14_cm/40_11th_Year_Type_naval_gun
14_cm/50_3rd_Year_Type_naval_gun
14_days_of_foreplay_(book)
14_days_to_exam_success_(book)
14_degrees_below_zero_(book)
14_degrees_below_zero_a_novel_of_psychological_suspense_(book)
14_fvrier_(book)
14_hollow_road_(book)
14_jalan_mencintai_allah_(book)
14_love_letter_lane_celebrating_love_trilogy_1_(book)
14_minutes_le_naufrage_de_lempress_of_ireland_(book)
14_nm_process
14_regions_of_Augustan_Rome
14_secrets_to_better_relationships_powerful_principles_from_the_bible_(book)
14_simple_simple_steps_to_greatness_(book)
14_steps_to_self_publishing_a_book_(book)
14_stories_that_inspired_satyajit_ray_(book)
14_taylor_jackson_2_(book)
14_valentine_place_(book)
14_vicious_valentines_(book)
14_years_of_loyal_service_in_a_fabric_covered_box_(book)
14r_(book)
14th_&_15th_century_Africa
14th_Academy_Awards
14th_Annual_Grammy_Awards
14th_Armored_Division_(United_States)
14th_Army_(Wehrmacht)
14th_Army_Corps_(Russian_Federation)
14th_BRICS_summit
14th_Battalion_(Royal_Montreal_Regiment),_CEF
14th_British_Academy_Games_Awards
14th_Cavalry_Regiment
14th_Dalai_Lama
14th_Golden_Raspberry_Awards
14th_Guards_Combined_Arms_Army
14th_Hollywood_Music_in_Media_Awards
14th_Horse_(Scinde_Horse)
14th_Infantry_Regiment_(United_States)
14th_Kerala_Assembly
14th_Lok_Sabha
14th_Maharashtra_Assembly
14th_Marine_Regiment_(United_States)
14th_Mechanized_Brigade_(Ukraine)
14th_Nagaland_Assembly
14th_National_People's_Congress
14th_Parliament_of_Singapore
14th_Place_station
14th_Quartermaster_Detachment
14th_Rajasthan_Assembly
14th_Regiment_(New_York_State_Militia)
14th_Street/Eighth_Avenue_station
14th_Street/Sixth_Avenue_station
14th_Street_(Manhattan)
14th_Street_(Washington,_D.C.)
14th_Street_Tunnel_congestion
14th_Street_Tunnel_shutdown
14th_Street_bridges
14th_Street_station_(PATH)
14th_Street–Union_Square_station
14th_Waffen_Grenadier_Division_of_the_SS_(1st_Galician)
14th_World_Rally_Flying_Championships
14th_arrondissement_of_Paris
14th_century
14th_century_BC
14th_century_in_literature
14th_deadly_sin_womens_murder_club_14_novel
14th_feb_a_love_story_(book)
15&
15,5_cm_bandkanon_1
15-Crown-5
15-meter_band
15-minute_city
15-minute_parking_zones_in_Whistler
15-year_fixed-rate_mortgage
15.5_cm/60_3rd_Year_Type_naval_gun
15.ai
15/Love
1500
15000_Puff_Disposable_Vape
1500_metres
1500_metres_at_the_Olympics
1500_metres_at_the_World_Athletics_Championships
1500_metres_world_record_progression
1500_or_Nothin'
1500_resep_makanan_sehat_segala_usia_(book)
1500_scale
1500_words_in_15_minutes_a_day_(book)
1500s_(decade)
1500s_BC_(decade)
1500s_in_England
1500–1550_in_European_fashion
1501
150100022
150100038
150100047
150100092
150100101
150100108
150100118
150100139
150100151
150100153
150100164
150100179
150100184
150100191
150100223
150100242
150100268
150100292
150100397
150100408
150100438
150100442
150100467
150100481
150100482
150100503
150100517
150100546
150100560
150100580
150100609
150100614
150100623
150100633
150100664
150100681
150100726
150100729
150100748
150100762
150100782
150100815
150100830
150100842
150100846
150100883
150100886
150100938
150100948
150100949
150100953
150100974
150100988
150100989
150100997
150101033
150101040
150101047
150101061
150101117
150101120
150101127
150101132
150101135
150101164
150101173
150101209
150101221
150101248
150101263
150101274
150101286
150101313
150101320
150101430
150101471
150101476
150101477
150101496
150101531
150101543
150101558
150101596
150101610
150101626
150101632
150101648
150101660
150101668
150101669
150101684
150101696
150101715
150101724
150101767
150101791
150101843
150101883
150101920
150101944
150101947
150101984
150102037
150102066
150102089
150102122
150102139
150102162
150102169
150102172
150102185
150102189
150102202
150102217
150102258
150102282
150102293
150102307
150102317
150102330
150102342
150102356
150102362
150102379
150102390
150102403
150102425
150102437
150102459
150102492
150102511
150102531
150102537
150102549
150102560
150102587
150102622
150102628
150102641
150102677
150102679
150102711
150102733
150102745
150102771
150102776
150102818
150102820
150102824
150102846
150102905
150102941
150102962
150102979
150102983
150103004
150103005
150103093
150103112
150103167
150103192
150103195
150103201
150103244
150103262
150103320
150103327
150103331
150103338
150103349
150103375
150103399
150103403
150103436
150103442
150103481
150103483
150103592
150103616
150103632
150103662
150103669
150103671
150103681
150103684
150103693
150103715
150103737
150103765
150103785
150103806
150103862
150103868
150103869
150103872
150103873
150103900
150103903
150103918
150103928
150103934
150103942
150103944
150103995
150104004
150104057
150104061
150104073
150104085
150104129
150104133
150104158
150104209
150104211
150104215
150104218
150104225
150104227
150104229
150104236
150104303
150104319
150104329
150104355
150104356
150104389
150104419
150104463
150104465
150104491
150104539
150104594
150104607
150104611
150104629
150104700
150104708
150104710
150104720
150104724
150104739
150104743
150104745
150104753
150104754
150104844
150104849
150104866
150104870
150104914
150104917
150104931
150105005
150105019
150105052
150105108
150105125
150105146
150105173
150105176
150105181
150105200
150105211
150105218
150105220
150105243
150105246
150105251
150105265
150105289
150105290
150105306
150105307
150105318
150105346
150105372
150105376
150105386
150105473
150105501
150105511
150105515
150105516
150105571
150105584
150105598
150105633
150105652
150105678
150105679
150105683
150105695
150105702
150105706
150105710
150105728
150105768
150105772
150105781
150105786
150105813
150105818
150105832
150105853
150105894
150105944
150105985
150106029
150106044
150106045
150106066
150106081
150106132
150106167
150106178
150106231
150106300
150106309
150106340
150106377
150106389
150106398
150106415
150106452
150106463
150106469
150106481
150106484
150106501
150106527
150106549
150106550
150106563
150106567
150106605
150106653
150106677
150106708
150106753
150106768
150106799
150106855
150106872
150106890
150106907
150106911
150106912
150106913
150106925
150106987
150106991
150107005
150107020
150107023
150107035
150107041
150107061
150107078
150107092
150107100
150107121
150107124
150107151
150107159
150107162
150107176
150107182
150107195
150107219
150107236
150107239
150107241
150107267
150107287
150107323
150107341
150107349
150107378
150107385
150107399
150107477
150107509
150107525
150107550
150107564
150107585
150107608
150107625
150107659
150107703
150107732
150107742
150107762
150107789
150107813
150107829
150107861
150107866
150107867
150107871
15019_Gingold
1501_Broadway
1501_ways_to_reward_employees_(book)
1502
150200002
150200008
150200048
150200062
150200079
150200156
150200176
150200273
150200295
150200304
150200307
150200308
150200365
150200374
150200397
150200400
150200409
150200418
150200424
150200467
150200511
150200515
150200533
150200537
150200563
150200566
150200582
150200612
150200616
150200635
150200698
150200699
150200721
150200770
150200789
150200800
150200804
150200838
150200860
150200871
150200874
150200880
150200943
150200951
150200952
150200967
150200969
150200981
150200982
150200985
150200996
150201028
150201049
150201079
150201084
150201086
150201094
150201112
150201117
150201126
150201159
150201180
150201227
150201263
150201318
150201320
150201321
150201334
150201339
150201369
150201373
150201393
150201403
150201405
150201457
150201490
150201518
150201635
150201654
150201655
150201659
150201706
150201739
150201742
150201743
150201759
150201800
150201830
150201844
150201852
150201865
150201894
150201914
150201921
150201926
150201985
150201997
150202006
150202025
150202027
150202037
150202045
150202087
150202096
150202109
150202124
150202134
150202154
150202203
150202240
150202278
150202289
150202324
150202333
150202334
150202342
150202378
150202380
150202384
150202488
150202560
150202602
150202609
150202640
150202645
150202676
150202702
150202717
150202731
150202745
150202763
150202767
150202775
150202780
150202804
150202830
150202842
150202843
150202847
150202865
150202909
150202919
150202943
150203017
150203059
150203065
150203101
150203134
150203167
150203250
150203265
150203298
150203307
150203337
150203365
150203392
150203403
150203431
150203441
150203456
150203462
150203467
150203469
150203479
150203491
150203530
150203546
150203554
150203580
150203596
150203602
150203605
150203628
150203629
150203699
150203711
150203761
150203778
150203790
150203821
150203851
150203872
150203893
150203927
150203932
150204001
150204015
150204071
150204088
150204115
150204126
150204167
150204180
150204214
150204216
150204260
150204311
150204362
150204390
150204398
150204401
150204413
150204440
150204463
150204494
150204524
150204637
150204645
150204652
150204679
150204686
150204691
150204714
150204728
150204745
150204776
150204789
150204803
150204809
150204815
150204831
150204859
150204865
150204869
150204946
150205013
150205044
150205046
150205077
150205101
150205102
150205108
150205133
150205172
150205173
150205176
150205209
150205234
150205266
150205271
150205278
150205308
150205318
150205323
150205346
150205362
150205385
150205428
150205466
150205473
150205502
150205503
150205525
150205530
150205550
150205562
150205566
150205585
150205598
150205607
150205627
150205633
150205672
150205682
150205686
150205702
150205715
150205727
150205745
150205790
150205813
150205845
150205871
150205872
150205897
150205917
150205918
150205921
150205930
150205945
150205981
150206000
150206013
150206033
150206041
150206084
150206087
150206124
150206131
150206156
150206159
150206166
150206181
150206197
150206203
150206206
150206213
150206226
150206271
150206285
150206297
150206323
150206332
150206339
150206343
150206361
150206368
150206376
150206386
150206389
150206394
150206411
150206414
150206420
150206428
150206435
150206440
150206469
150206521
150206615
150206626
150206638
150206643
150206656
150206663
150206671
150206682
150206694
150206698
150206702
150206706
150206708
150206732
150206793
150206888
150206891
150206900
150206921
150206936
150206962
150206969
150206972
150206973
150206976
150207005
150207014
150207019
150207026
150207037
150207046
150207057
150207061
150207075
150207087
150207103
150207108
150207146
150207180
150207200
150207218
150207247
150207270
150207277
150207325
150207334
150207395
150207436
150207442
150207450
150207455
150207467
150207490
150207498
150207510
150207577
150207583
150207594
150207610
150207626
150207632
150207661
150207678
150207691
150207703
150207710
150207713
150207731
150207740
150207750
150207778
150207808
150207810
150207812
150207827
150207864
150207871
150207889
150207922
150207928
150207931
150207943
150207957
150207963
150207966
150208001
15020_Brandonimber
150300085
150300100
150300102
150300110
150300134
150300150
150300166
150300191
150300201
150300222
150300245
150300254
150300297
150300351
150300385
150300515
150300540
150300610
150300658
150300683
150300707
150300740
150300754
150300809
150300821
150300840
150300862
150300910
150300933
150300940
150300943
150300965
150300978
150300999
150301005
150301007
150301037
150301049
150301051
150301090
150301131
150301150
150301158
150301161
150301186
150301199
150301224
150301227
150301240
150301263
150301264
150301285
150301320
150301321
150301344
150301345
150301383
150301390
150301395
150301407
150301416
150301432
150301439
150301501
150301506
150301518
150301529
150301531
150301535
150301648
150301650
150301655
150301658
150301698
150301725
150301743
150301745
150301750
150301752
150301755
150301765
150301771
150301776
150301795
150301818
150301899
150301950
150301990
150301991
150301998
150302045
150302049
150302066
150302082
150302126
150302144
150302151
150302164
150302175
150302181
150302197
150302249
150302271
150302303
150302304
150302323
150302337
150302370
150302374
150302379
150302409
150302414
150302421
150302435
150302446
150302471
150302506
150302535
150302551
150302607
150302638
150302669
150302700
150302707
150302731
150302738
150302764
150302772
150302781
150302788
150302815
150302834
150302840
150302861
150302879
150302889
150302892
150302928
150302946
150302979
150302982
150302987
150303027
150303036
150303039
150303044
150303047
150303070
150303072
150303076
150303097
150303105
150303108
150303123
150303124
150303134
150303157
150303158
150303188
150303233
150303239
150303253
150303257
150303264
150303302
150303333
150303345
150303369
150303370
150303402
150303433
150303449
150303453
150303462
150303523
150303564
150303590
150303592
150303597
150303611
150303629
150303696
150303703
150303713
150303733
150303754
150303785
150303803
150303822
150303836
150303837
150303841
150303844
150303857
150303873
150303905
150303932
150303967
150304007
150304031
150304049
150304074
150304100
150304103
150304115
150304170
150304185
150304202
150304217
150304246
150304264
150304325
150304334
150304372
150304412
150304465
150304556
150304562
150304589
150304596
150304624
150304635
150304639
150304683
150304697
150304716
150304757
150304776
150304804
150304867
150304873
150304885
150304909
150304922
150304924
150304926
150304965
150304966
150304977
150304990
150305023
150305048
150305078
150305110
150305112
150305131
150305142
150305146
150305177
150305223
150305231
150305242
150305249
150305265
150305300
150305317
150305335
150305337
150305339
150305344
150305375
150305445
150305454
150305457
150305458
150305465
150305527
150305531
150305544
150305559
150305583
150305589
150305607
150305634
150305637
150305641
150305667
150305709
150305788
150305822
150305837
150305840
150305871
150305937
150305938
150305979
150306001
150306004
150306048
150306055
150306058
150306067
150306068
150306100
150306109
150306177
150306222
150306225
150306245
150306260
150306283
150306296
150306339
150306365
150306437
150306439
150306489
150306498
150306528
150306570
150306622
150306632
150306648
150306682
150306699
150306724
150306854
150306874
150306879
150306881
150306899
150306915
150306971
150306981
150307001
150307015
150307035
150307047
150307049
150307067
150307091
150307156
150307172
150307184
150307193
150307228
150307262
150307298
150307325
150307331
150307336
150307414
150307420
150307435
150307454
150307460
150307464
150307507
150307523
150307549
150307563
150307598
150307648
150307661
150307697
150307741
150307747
150307788
150307827
150307875
150307916
150307917
150307940
150307942
150307968
150307981
150307984
150307988
150307998
150308000
150308005
150308045
150308100
150308123
150308188
150308217
150308225
150308247
150308250
150308254
150308280
150308293
150308327
150308349
150308393
150308429
150308440
150308484
150308514
150308520
150308543
150308553
150308582
150308585
150308625
150308648
150308656
150308671
150308695
150308700
150308702
150308706
150308713
150308715
150308719
150308740
150308759
150308815
150308828
150308832
150308854
150308861
150308884
150308932
150308947
150308960
150308967
150308984
150309003
150309026
150309033
150309034
150309038
150309083
150309130
15030_Matthewkroll
15037_Chassagne
150400009
150400014
150400039
150400047
150400055
150400059
150400066
150400118
150400123
150400128
150400132
150400144
150400160
150400199
150400218
150400245
150400248
150400256
150400292
150400303
150400321
150400360
150400369
150400384
150400409
150400438
150400443
150400454
150400466
150400467
150400472
150400499
150400511
150400534
150400578
150400605
150400606
150400610
150400618
150400641
150400652
150400702
150400732
150400749
150400752
150400753
150400757
150400761
150400771
150400830
150400857
150400858
150400862
150400870
150400879
150400919
150400930
150400947
150400989
150400993
150401012
150401021
150401049
150401072
150401081
150401102
150401138
150401149
150401154
150401157
150401165
150401170
150401177
150401179
150401196
150401209
150401213
150401221
150401230
150401272
150401303
150401351
150401359
150401367
150401371
150401419
150401451
150401456
150401505
150401506
150401510
150401512
150401516
150401560
150401579
150401586
150401683
150401699
150401710
150401719
150401724
150401741
150401755
150401786
150401801
150401818
150401834
150401842
150401854
150401883
150401890
150401908
150401924
150402002
150402031
150402064
150402073
150402082
150402084
150402089
150402090
150402096
150402099
150402103
150402132
150402140
150402162
150402216
150402219
150402265
150402266
150402293
150402311
150402323
150402350
150402358
150402362
150402376
150402402
150402414
150402434
150402488
150402539
150402549
150402552
150402578
150402605
150402616
150402662
150402677
150402696
150402706
150402724
150402733
150402753
150402769
150402781
150402803
150402819
150402842
150402895
150402916
150402928
150402968
150402971
150402977
150402989
150402992
150403022
150403025
150403029
150403039
150403041
150403051
150403080
150403097
150403098
150403188
150403191
150403211
150403214
150403231
150403268
150403285
150403290
150403301
150403335
150403452
150403454
150403477
150403513
150403517
150403522
150403529
150403532
150403533
150403595
150403642
150403670
150403672
150403685
150403702
150403708
150403716
150403737
150403768
150403791
150403800
150403817
150403833
150403887
150403888
150403927
150403949
150403968
150403979
150404011
150404021
150404051
150404067
150404078
150404101
150404108
150404136
150404144
150404182
150404233
150404248
150404265
150404281
150404302
150404328
150404331
150404349
150404358
150404368
150404373
150404454
150404485
150404508
150404528
150404547
150404551
150404594
150404624
150404638
150404648
150404679
150404717
150404732
150404749
150404757
150404788
150404797
150404799
150404840
150404865
150404882
150404900
150404910
150404914
150404923
150404951
150404986
150405020
150405029
150405056
150405068
150405183
150405194
150405197
150405200
150405223
150405224
150405233
150405238
150405296
150405326
150405332
150405386
150405405
150405417
150405423
150405480
150405487
150405508
150405525
150405558
150405568
150405606
150405625
150405632
150405707
150405725
150405752
150405789
150405827
150405853
150405865
150405898
150405944
150405947
150405960
150406027
150406035
150406054
150406057
150406062
150406088
150406095
150406108
150406130
150406133
150406150
150406176
150406216
150406233
150406235
150406289
150406292
150406294
150406295
150406335
150406411
150406415
150406432
150406479
150406487
150406490
150406501
150406537
150406543
150406567
150406592
150406597
150406603
150406624
150406639
150406657
150406659
150406727
150406749
150406791
150406814
150406838
150406852
150406888
150406928
150406977
150407034
150407049
150407117
150407158
150407257
150407270
150407294
150407305
150407312
150407365
150407375
150407397
150407399
150407426
150407477
150407505
150407529
150407571
150407605
150407615
150407631
150407654
150407655
150407657
150407665
150407667
150407674
150407686
150407732
150407765
150407767
150407782
150407821
150407860
150407863
150407922
150407929
150407967
150408032
150408034
150408049
150408061
150408082
150408164
150408168
150408169
150408176
150408185
150408191
150408214
150408249
150408252
150408286
150408313
150408324
150408362
150500003
150500005
150500024
150500028
150500033
150500041
150500047
150500061
150500095
150500111
150500121
150500131
150500155
150500167
150500177
150500242
150500253
150500285
150500322
150500326
150500327
150500335
150500340
150500370
150500402
150500420
150500455
150500513
150500536
150500570
150500638
150500686
150500697
150500698
150500705
150500707
150500736
150500748
150500750
150500751
150500755
150500795
150500798
150500838
150500842
150500889
150500898
150500919
150500936
150500942
150500947
150500950
150500952
150500966
150500988
150500998
150501002
150501054
150501068
150501073
150501089
150501096
150501110
150501112
150501118
150501138
150501180
150501217
150501218
150501220
150501264
150501265
150501311
150501350
150501379
150501420
150501435
150501436
150501512
150501517
150501623
150501665
150501701
150501749
150501766
150501767
150501809
150501819
150501831
150501870
150501877
150501903
150501907
150501913
150501934
150501940
150502028
150502033
150502051
150502062
150502106
150502128
150502229
150502233
150502249
150502269
150502339
150502375
150502383
150502422
150502438
150502444
150502489
150502493
150502503
150502547
150502551
150502600
150502601
150502644
150502657
150502665
150502687
150502699
150502714
150502788
150502857
150502890
150502910
150502932
150503014
150503018
150503028
150503057
150503137
150503147
150503187
150503201
150503355
150503371
150503377
150503393
150503413
150503422
150503453
150503489
150503538
150503552
150503561
150503582
150503585
150503597
150503647
150503667
150503693
150503696
150503753
150503756
150503761
150503765
150503771
150503773
150503811
150503861
150503869
150503931
150503958
150503963
150504003
150504009
150504033
150504054
150504068
150504084
150504130
150504136
150504142
150504221
150504222
150504273
150504301
150504302
150504310
150504334
150504343
150504356
150504384
150504410
150504431
150504494
150504552
150504567
150504568
150504577
150504606
150504619
150504659
150504729
150504732
150504750
150504758
150504773
150504801
150504837
150504890
150504905
150504932
150504946
150504961
150504980
150504987
150504997
150505005
150505029
150505030
150505039
150505087
150505113
150505120
150505156
150505164
150505181
150505183
150505185
150505209
150505219
150505222
150505245
150505254
150505268
150505281
150505288
150505294
150505306
150505326
150505329
150505376
150505413
150505435
150505478
150505514
150505556
150505568
150505659
150505661
150505681
150505686
150505700
150505704
150505707
150505724
150505735
150505747
150505759
150505807
150505840
150505875
150505883
150505934
150505938
150505948
150505972
150505976
150505978
150506015
150506031
150506058
150506074
150506101
150506115
150506123
150506125
150506126
150506159
150506194
150506196
150506210
150506282
150506363
150506370
150506381
150506384
150506406
150506423
150506453
150506478
150506492
150506512
150506577
150506585
150506586
150506605
150506638
150506660
150506670
150506755
150506763
150506766
150506785
150506788
150506859
150506881
150506913
150506914
150506920
150506928
150506956
150506975
150506996
150507004
150507010
150507055
150507086
150507125
150507167
150507171
150507269
150507355
150507356
150507385
150507395
150507407
150507446
150507451
150507463
150507468
150507474
150507528
150507544
150507546
150507575
150507619
150507635
150507718
150507746
150507752
150507817
150507825
150507874
150507909
150507916
150507951
150507954
150507978
150508026
150508032
150508105
150508145
150508150
150508171
1505_Lo_Mustang_earthquake
150600026
150600037
150600045
150600076
150600083
150600162
150600176
150600204
150600210
150600215
150600237
150600240
150600245
150600253
150600258
150600281
150600283
150600300
150600335
150600367
150600446
150600447
150600464
150600479
150600483
150600487
150600495
150600523
150600528
150600566
150600580
150600601
150600605
150600632
150600653
150600669
150600727
150600748
150600766
150600828
150600835
150600877
150600894
150600907
150600915
150600918
150600948
150600949
150600950
150601025
150601030
150601085
150601091
150601098
150601133
150601147
150601155
150601157
150601180
150601201
150601207
150601229
150601241
150601251
150601260
150601270
150601277
150601284
150601327
150601359
150601404
150601520
150601524
150601532
150601593
150601619
150601631
150601652
150601655
150601663
150601692
150601765
150601818
150601826
150601847
150601884
150601907
150601921
150601922
150601934
150601947
150601986
150602015
150602018
150602027
150602052
150602067
150602101
150602103
150602136
150602143
150602161
150602168
150602193
150602209
150602227
150602273
150602309
150602319
150602362
150602388
150602429
150602436
150602441
150602465
150602468
150602471
150602497
150602524
150602528
150602542
150602546
150602560
150602603
150602634
150602639
150602643
150602648
150602678
150602684
150602693
150602702
150602745
150602748
150602749
150602758
150602777
150602787
150602789
150602805
150602832
150602843
150602844
150602867
150602873
150602900
150602922
150602942
150602943
150602951
150602973
150603015
150603043
150603051
150603077
150603080
150603101
150603120
150603123
150603126
150603136
150603172
150603201
150603214
150603215
150603232
150603253
150603266
150603269
150603290
150603315
150603390
150603400
150603445
150603469
150603486
150603520
150603525
150603527
150603622
150603644
150603660
150603669
150603670
150603673
150603700
150603730
150603731
150603747
150603757
150603761
150603793
150603797
150603826
150603839
150603840
150603842
150603855
150603873
150603915
150603977
150604055
150604061
150604088
150604113
150604170
150604198
150604236
150604253
150604310
150604313
150604328
150604336
150604338
150604358
150604381
150604388
150604394
150604402
150604430
150604454
150604472
150604473
150604482
150604501
150604507
150604554
150604576
150604617
150604629
150604639
150604733
150604766
150604775
150604779
150604791
150604827
150604857
150604865
150604882
150604918
150604923
150604932
150604978
150605004
150605007
150605016
150605028
150605030
150605033
150605054
150605104
150605105
150605132
150605151
150605166
150605167
150605169
150605192
150605232
150605249
150605276
150605294
150605407
150605433
150605471
150605472
150605500
150605519
150605538
150605555
150605583
150605598
150605626
150605628
150605637
150605641
150605661
150605784
150605857
150605893
150605948
150605950
150605967
150606026
150606028
150606047
150606098
150606132
150606145
150606202
150606231
150606245
150606250
150606257
150606270
150606271
150606299
150606328
150606329
150606336
150606339
150606405
150606407
150606456
150606472
150606474
150606491
150606502
150606503
150606512
150606513
150606560
150606599
150606616
150606638
150606677
150606687
150606718
150606721
150606766
150606776
150606868
150606927
150606939
150606945
150606949
150606982
150606984
150606992
150607027
150607030
150607043
150607060
150607068
150607072
150607076
150607103
150607112
150607128
150607140
150607158
150607170
150607171
150607187
150607210
150607276
150607288
150607337
150607412
150607423
150607453
150607459
150607475
150607488
150607498
150607522
150607523
150607528
150607544
150607545
150607562
150607673
150607687
150607707
150607770
150607861
150607873
150607877
150607920
150607927
150607934
150607973
150607986
150608020
150608051
150608070
150608077
150608147
150608153
150608154
150608156
150608160
150608180
150608189
150608227
150608238
150608327
150608365
150608382
150608411
150608416
150608423
150608449
150608452
150608467
150608502
150608505
150608559
150608568
150608584
150608594
150608598
150608606
150608630
150608665
150608711
150608717
150608718
150608789
150608829
150608844
150608867
150608918
150608953
150608978
150608980
150608992
150609037
150609085
150609098
150609148
150609165
150609170
150609189
150609196
150609200
150700046
150700050
150700052
150700055
150700059
150700088
150700091
150700115
150700142
150700143
150700159
150700189
150700205
150700234
150700244
150700263
150700293
150700294
150700311
150700331
150700376
150700378
150700380
150700391
150700436
150700444
150700454
150700459
150700492
150700528
150700594
150700600
150700659
150700718
150700738
150700762
150700767
150700775
150700776
150700783
150700816
150700840
150700846
150700849
150700918
150700920
150700927
150700962
150700982
150700983
150700987
150701094
150701105
150701145
150701158
150701176
150701181
150701246
150701265
150701266
150701276
150701278
150701333
150701352
150701407
150701488
150701491
150701504
150701507
150701525
150701554
150701563
150701599
150701640
150701667
150701691
150701700
150701740
150701775
150701799
150701820
150701825
150701841
150701848
150701850
150701883
150702003
150702016
150702081
150702083
150702101
150702103
150702113
150702125
150702136
150702162
150702180
150702198
150702219
150702247
150702265
150702276
150702277
150702281
150702293
150702295
150702303
150702313
150702433
150702452
150702472
150702493
150702500
150702538
150702544
150702563
150702572
150702578
150702582
150702593
150702595
150702599
150702607
150702627
150702630
150702633
150702660
150702681
150702700
150702717
150702740
150702767
150702826
150702832
150702843
150702862
150702874
150702913
150702936
150702962
150702974
150702995
150703012
150703072
150703077
150703078
150703086
150703092
150703112
150703131
150703135
150703149
150703160
150703168
150703172
150703198
150703212
150703254
150703274
150703287
150703325
150703335
150703336
150703379
150703416
150703430
150703451
150703462
150703482
150703484
150703521
150703546
150703582
150703599
150703606
150703617
150703634
150703664
150703666
150703717
150703727
150703733
150703755
150703760
150703765
150703807
150703815
150703844
150703846
150703848
150703890
150703891
150703906
150703920
150703959
150703976
150704018
150704022
150704046
150704051
150704079
150704082
150704087
150704109
150704146
150704149
150704152
150704180
150704185
150704240
150704255
150704271
150704285
150704305
150704322
150704328
150704376
150704382
150704398
150704402
150704438
150704445
150704461
150704514
150704554
150704625
150704631
150704661
150704662
150704702
150704717
150704718
150704750
150704780
150704790
150704832
150704883
150704935
150704944
150704945
150704957
150704977
150705001
150705024
150705099
150705115
150705124
150705127
150705140
150705163
150705173
150705219
150705249
150705289
150705306
150705366
150705368
150705373
150705399
150705405
150705443
150705466
150705497
150705501
150705514
150705559
150705561
150705565
150705578
150705596
150705597
150705644
150705670
150705682
150705725
150705746
150705753
150705761
150705792
150705802
150705814
150705864
150705891
150705927
150705936
150705965
150705970
150706005
150706043
150706055
150706058
150706070
150706078
150706087
150706116
150706133
150706145
150706146
150706152
150706158
150706162
150706164
150706209
150706215
150706227
150706228
150706277
150706302
150706345
150706348
150706374
150706433
150706435
150706447
150706466
150706488
150706511
150706525
150706549
150706570
150706589
150706599
150706618
150706652
150706657
150706668
150706679
150706690
150706720
150706753
150706763
150706796
150706820
150706822
150706843
150706850
150706854
150706855
150706888
150706945
150706977
150706981
150706987
150707044
150707049
150707128
150707134
150707142
150707144
150707196
150707197
150707245
150707246
150707266
150707283
150707286
150707305
150707324
150707325
150707341
150707355
150707383
150707414
150707449
150707475
150707483
150707499
150707514
150707519
150707534
150707561
150707568
150707578
150707589
150707602
150707605
150707675
150707691
150707703
150707727
150707730
150707732
150707759
150707798
150707820
150707823
150707830
150707864
150707887
150707898
150707938
150707955
150707962
150708003
150708011
150708012
150708023
150708048
150708063
150708088
150708092
150708133
150708139
150708179
150708197
150708201
150708204
150708214
150708265
150708278
150708310
150708313
150708335
150708346
150708382
150708384
150708386
150708417
150708431
150708432
150708441
150708449
150708467
150708505
150708519
150708539
150708572
150708577
150708581
150708587
150708606
150708607
150708609
150708662
150708664
150708669
150708680
150708770
150708773
150708833
150708853
150708885
150708919
150708941
150708946
150708949
150708950
150708992
150800002
150800007
150800012
150800017
150800071
150800100
150800102
150800106
150800109
150800114
150800130
150800165
150800172
150800214
150800223
150800231
150800319
150800321
150800337
150800340
150800372
150800379
150800397
150800403
150800424
150800464
150800469
150800481
150800493
150800545
150800546
150800552
150800566
150800583
150800645
150800649
150800661
150800681
150800738
150800786
150800795
150800838
150800866
150800881
150800895
150800909
150800931
150800952
150800955
150800975
150800979
150801035
150801057
150801104
150801131
150801137
150801150
150801170
150801189
150801228
150801231
150801243
150801268
150801278
150801294
150801327
150801339
150801367
150801385
150801396
150801419
150801425
150801476
150801491
150801493
150801562
150801576
150801598
150801610
150801628
150801634
150801636
150801732
150801847
150801881
150801884
150801941
150802085
150802095
150802165
150802190
150802198
150802200
150802214
150802236
150802255
150802259
150802267
150802299
150802305
150802309
150802311
150802325
150802352
150802372
150802397
150802428
150802443
150802491
150802551
150802583
150802599
150802622
150802640
150802692
150802743
150802776
150802777
150802811
150802861
150802882
150802890
150802894
150802931
150802942
150802946
150802984
150803026
150803039
150803050
150803071
150803083
150803094
150803108
150803122
150803145
150803189
150803200
150803213
150803214
150803265
150803293
150803349
150803351
150803361
150803367
150803459
150803472
150803495
150803544
150803568
150803576
150803583
150803608
150803621
150803726
150803763
150803798
150803803
150803819
150803857
150803869
150803898
150803913
150803963
150804041
150804044
150804053
150804063
150804107
150804108
150804117
150804153
150804177
150804206
150804207
150804208
150804230
150804253
150804279
150804291
150804306
150804319
150804332
150804357
150804373
150804406
150804430
150804490
150804557
150804576
150804594
150804614
150804619
150804670
150804719
150804727
150804734
150804760
150804766
150804768
150804815
150804820
150804837
150804841
150804884
150804931
150804947
150804964
150804980
150804985
150804990
150804992
150805081
150805090
150805103
150805105
150805107
150805137
150805188
150805200
150805212
150805240
150805270
150805287
150805329
150805331
150805366
150805403
150805440
150805485
150805489
150805537
150805553
150805559
150805565
150805570
150805622
150805629
150805638
150805646
150805666
150805670
150805682
150805684
150805688
150805698
150805774
150805783
150805786
150805789
150805794
150805813
150805870
150805924
150805933
150805947
150805952
150805958
150805967
150805982
150806010
150806011
150806040
150806054
150806071
150806076
150806083
150806140
150806179
150806215
150806220
150806288
150806305
150806371
150806380
150806386
150806393
150806401
150806420
150806438
150806450
150806472
150806475
150806482
150806491
150806528
150806557
150806558
150806586
150806662
150806680
150806725
150806728
150806761
150806762
150806819
150806821
150806824
150806870
150806874
150806889
150806890
150806895
150806902
150806934
150806961
150806962
150806965
150807038
150807045
150807079
150807088
150807090
150807093
150807094
150807103
150807122
150807123
150807137
150807155
150807179
150807259
150807269
150807276
150807312
150807315
150807323
150807330
150807371
150807419
150807465
150807515
150807524
150807535
150807575
150807578
150807584
150807593
150807617
150807626
150807638
150807680
150807700
150807739
150807775
150807781
150807786
150807790
150807818
150807851
150807912
150807927
150807954
150807955
150900001
150900026
150900037
150900103
150900105
150900108
150900114
150900188
150900193
150900221
150900286
150900333
150900354
150900355
150900364
150900365
150900375
150900385
150900390
150900430
150900438
150900469
150900486
150900488
150900505
150900520
150900541
150900546
150900549
150900576
150900580
150900629
150900642
150900648
150900654
150900674
150900684
150900692
150900733
150900744
150900748
150900767
150900792
150900816
150900826
150900828
150900842
150900875
150900918
150900982
150901030
150901056
150901072
150901074
150901089
150901133
150901140
150901145
150901150
150901153
150901169
150901172
150901178
150901262
150901283
150901286
150901304
150901305
150901321
150901324
150901348
150901388
150901410
150901450
150901492
150901540
150901597
150901662
150901666
150901668
150901682
150901685
150901712
150901731
150901733
150901762
150901784
150901800
150901826
150901845
150901871
150901885
150901890
150901933
150901943
150901951
150901995
150902000
150902017
150902109
150902150
150902183
150902198
150902206
150902244
150902274
150902276
150902292
150902295
150902329
150902361
150902458
150902462
150902501
150902544
150902555
150902568
150902571
150902582
150902626
150902628
150902638
150902667
150902670
150902672
150902735
150902748
150902789
150902799
150902810
150902854
150902867
150902883
150902898
150902901
150902916
150902942
150903008
150903013
150903026
150903037
150903040
150903041
150903046
150903073
150903097
150903111
150903174
150903208
150903214
150903230
150903234
150903256
150903272
150903289
150903315
150903327
150903342
150903430
150903434
150903437
150903449
150903504
150903513
150903514
150903519
150903562
150903570
150903583
150903601
150903610
150903611
150903613
150903619
150903655
150903662
150903705
150903711
150903723
150903744
150903807
150903814
150903823
150903827
150903828
150903841
150903890
150903901
150903903
150903953
150903975
150903977
150903987
150904012
150904022
150904032
150904102
150904119
150904165
150904174
150904210
150904212
150904215
150904242
150904243
150904284
150904342
150904350
150904372
150904422
150904423
150904428
150904441
150904490
150904509
150904546
150904568
150904572
150904584
150904601
150904674
150904708
150904721
150904733
150904748
150904802
150904806
150904815
150904825
150904864
150904871
150904896
150904897
150904909
150904942
150905000
150905007
150905011
150905030
150905039
150905053
150905060
150905079
150905090
150905126
150905129
150905162
150905180
150905186
150905191
150905210
150905213
150905216
150905246
150905260
150905272
150905277
150905289
150905312
150905334
150905368
150905441
150905445
150905449
150905466
150905486
150905524
150905528
150905559
150905572
150905581
150905591
150905606
150905636
150905651
150905660
150905731
150905733
150905741
150905748
150905775
150905797
150905799
150905802
150905857
150905960
150905966
150905990
150905999
150906048
150906052
150906063
150906068
150906085
150906111
150906137
150906148
150906237
150906246
150906247
150906259
150906287
150906300
150906362
150906366
150906372
150906376
150906377
150906399
150906401
150906425
150906445
150906516
150906539
150906547
150906565
150906600
150906652
150906668
150906681
150906690
150906736
150906786
150906801
150906835
150906850
150906862
150906912
150906917
150906918
150906935
150906936
150907011
150907026
150907028
150907048
150907148
150907160
150907162
150907167
150907213
150907224
150907228
150907232
150907243
150907283
150907332
150907338
150907350
150907364
150907406
150907412
150907479
150907485
150907497
150907505
150907511
150907543
150907545
150907555
150907569
150907693
150907713
150907718
150907731
150907733
150907740
150907752
150907785
150907792
150907795
150907821
150907848
150907897
150907901
150907920
150907977
150907984
150907991
150908001
150908056
150908076
150908091
150908093
150908094
150908096
150908151
150908162
150908180
150908212
150908220
150908225
150908233
150908234
150908266
150908285
150908327
150908335
150908336
150908388
150908392
150908405
150908421
150908472
150908476
150908482
150908500
150908502
150908506
150908523
150908529
150908536
150908593
150908601
150908603
150908610
150908670
150908676
150908688
150908696
150908720
150908725
150908770
150908771
150908786
150908790
150908809
150908829
150908832
150908836
150908856
150908860
150908938
150908959
150908962
150908977
150909011
150909092
150909095
150909121
150909191
150909197
150909205
150909211
150909213
150909262
150909263
150909278
150909282
150909297
150909308
1509_Constantinople_earthquake
150_(number)
150_North_Riverside
150_activities_for_bored_dogs_surefire_ways_to_keep_your_dog_active_and_happy_(book)
150_all_time_favorite_crochet_blocks_make_all_the_best_blocks_in_beautiful_stitches_colors_ya_(book)
150_best_apartment_ideas_(book)
150_best_cupcake_recipes_(book)
150_best_indian_thai_vietnamese_and_more_slow_cooker_recipes_(book)
150_best_jobs_for_your_skills_(book)
150_best_meals_in_a_jar_salads_soups_rice_bowls_and_more_(book)
150_best_mini_interior_ideas_(book)
150_best_minimalist_house_ideas_(book)
150_best_new_apartment_ideas_(book)
150_best_recipes_for_cooking_in_foil_ovens_bbq_camping_(book)
150_best_spiralizer_recipes_(book)
150_best_sustainable_house_ideas_(book)
150_best_tiny_home_ideas_(book)
150_best_vegan_muffin_recipes_(book)
150_bible_verses_every_catholic_should_know_(book)
150_blocks_to_knit_and_crochet_the_anything_but_the_square_collection_heather_lodinsky_(book)
150_cards_for_all_seasons_(book)
150_cuentos_sufes_extrados_del_matnawi_(book)
150_ecg_problems_(book)
150_fun_facts_found_in_the_bible_(book)
150_fun_to_stitch_projects_(book)
150_great_fundraising_ideas_(book)
150_knit_and_crochet_motifs_anything_but_square_shapes_for_garments_accessories_afghans_and_t_(book)
150_metres
150_movies_you_should_die_before_you_see_(book)
150_personae_non_gratae_of_Turkey
150_pounds_gone_forever_how_i_lost_half_my_size_and_you_can_too_(book)
150_projects_to_strengthen_your_photography_skills_barrons_aspire_series
150_projects_to_strengthen_your_photography_skills_barrons_aspire_series_(book)
150_scale
150_scandinavian_motifs_the_knitters_directory_(book)
150_screen_free_activities_for_kids_the_very_best_and_easiest_playtime_activities_from_funath_(book)
150_things_to_make_with_roast_chicken_and_50_ways_to_roast_it_(book)
150_tips_and_tricks_for_new_dads_from_the_first_feeding_to_diaper_changing_disasters_everythi_(book)
150_tips_and_tricks_for_new_moms_from_those_frantic_first_days_to_babys_first_birthday_everyt_(book)
150_totally_terrific_writing_prompts_grades_2_4_(book)
150th_anniversary_of_Canada
150th_birth_anniversary_of_Swami_Vivekananda
151000012
151000013
151000032
151000036
151000039
151000054
151000063
151000070
151000091
151000108
151000123
151000131
151000136
151000142
151000150
151000203
151000210
151000237
151000245
151000254
151000281
151000285
151000309
151000332
151000348
151000374
151000387
151000388
151000425
151000436
151000449
151000470
151000478
151000479
151000492
151000582
151000588
151000596
151000607
151000633
151000687
151000712
151000725
151000730
151000762
151000766
151000768
151000770
151000789
151000807
151000810
151000849
151000875
151000934
151000965
151000967
151000979
151000980
151000988
151000990
151001037
151001039
151001072
151001102
151001116
151001132
151001139
151001148
151001156
151001177
151001182
151001186
151001205
151001211
151001228
151001250
151001295
151001300
151001340
151001345
151001362
151001368
151001371
151001394
151001413
151001419
151001433
151001439
151001467
151001477
151001522
151001541
151001551
151001560
151001588
151001609
151001629
151001635
151001654
151001658
151001688
151001737
151001745
151001749
151001790
151001793
151001795
151001840
151001853
151001858
151001878
151001901
151001918
151001919
151001935
151001948
151001984
151001995
151001998
151002016
151002033
151002041
151002054
151002070
151002098
151002109
151002133
151002170
151002205
151002207
151002283
151002287
151002290
151002292
151002295
151002331
151002374
151002397
151002399
151002406
151002413
151002459
151002506
151002518
151002520
151002530
151002538
151002549
151002564
151002565
151002599
151002623
151002677
151002700
151002709
151002784
151002795
151002811
151002821
151002824
151002833
151002865
151002884
151002897
151002949
151002952
151002984
151002985
151003008
151003032
151003055
151003057
151003080
151003089
151003190
151003194
151003205
151003208
151003209
151003222
151003238
151003252
151003279
151003304
151003305
151003320
151003336
151003345
151003353
151003373
151003402
151003426
151003492
151003497
151003544
151003557
151003558
151003618
151003620
151003644
151003694
151003742
151003765
151003777
151003875
151003905
151003928
151003935
151003997
151004006
151004014
151004030
151004051
151004056
151004079
151004111
151004125
151004151
151004164
151004175
151004176
151004192
151004195
151004230
151004269
151004309
151004310
151004312
151004328
151004347
151004369
151004380
151004401
151004423
151004435
151004504
151004508
151004514
151004521
151004536
151004552
151004589
151004599
151004606
151004619
151004628
151004645
151004654
151004659
151004674
151004684
151004685
151004689
151004707
151004714
151004715
151004742
151004756
151004761
151004773
151004780
151004809
151004818
151004830
151004831
151004836
151004839
151004872
151004882
151004884
151004901
151004910
151004917
151004947
151004969
151005009
151005040
151005041
151005043
151005049
151005050
151005097
151005133
151005137
151005228
151005234
151005236
151005269
151005287
151005346
151005353
151005375
151005391
151005398
151005408
151005411
151005428
151005440
151005519
151005537
151005544
151005576
151005599
151005603
151005610
151005618
151005622
151005643
151005650
151005693
151005702
151005712
151005745
151005806
151005845
151005896
151005902
151005916
151005924
151005954
151005959
151005987
151006005
151006007
151006068
151006069
151006083
151006089
151006134
151006149
151006153
151006191
151006237
151006246
151006270
151006271
151006308
151006333
151006366
151006370
151006379
151006399
151006419
151006423
151006426
151006436
151006437
151006448
151006489
151006514
151006517
151006518
151006540
151006573
151006579
151006599
151006600
151006611
151006636
151006652
151006656
151006657
151006667
151006680
151006683
151006704
151006706
151006709
151006722
151006745
151006779
151006812
151006854
151006858
151006865
151006899
151006935
151006958
151006977
151007059
151007066
151007102
151007114
151007126
151007127
151007166
151007194
151007244
151007245
151007261
151007266
151007277
151007281
151007282
151007293
151007309
151007351
151007369
151007377
151007399
151007411
151007455
151007525
151007544
151007547
151007601
151007621
151007680
151007685
151007690
151007701
151007728
151007767
151007780
151007793
151007816
151007852
151007860
151007880
151007894
151007900
151007901
151007903
151007919
151007922
151007927
151007941
151007949
151007975
151007984
151007985
151007997
151008004
151008022
151008043
151008064
151008078
151008090
151008122
151008123
151008153
151008163
151008169
151008170
151008186
151008199
151008218
151008230
151008270
151008295
151008322
151008368
151008390
151008413
151008421
151008424
151008472
151008500
151008525
151008536
151008539
151008540
151008552
151008606
151008624
151008664
151008682
151008695
151008696
151008706
151008714
151008716
151008721
151008775
151008788
151008795
151008804
151008810
151008831
151008841
151008916
151008934
151008946
151008992
151009002
151009028
151009064
151009067
151009079
151009090
151009116
151009119
151009133
151009174
151100023
151100025
151100029
151100054
151100079
151100120
151100207
151100214
151100243
151100265
151100280
151100308
151100312
151100353
151100370
151100405
151100430
151100452
151100512
151100516
151100530
151100535
151100543
151100552
151100569
151100573
151100589
151100610
151100633
151100686
151100778
151100787
151100793
151100796
151100809
151100839
151100848
151100866
151100876
151100891
151100897
151100905
151100919
151100932
151101007
151101017
151101045
151101068
151101086
151101118
151101128
151101150
151101176
151101201
151101208
151101209
151101221
151101247
151101325
151101350
151101356
151101389
151101397
151101400
151101440
151101452
151101476
151101486
151101532
151101550
151101551
151101555
151101575
151101586
151101632
151101645
151101653
151101656
151101658
151101669
151101694
151101710
151101739
151101762
151101792
151101799
151101806
151101829
151101836
151101927
151101951
151101952
151101964
151101970
151101979
151101982
151102039
151102042
151102049
151102059
151102067
151102091
151102127
151102130
151102135
151102138
151102161
151102166
151102167
151102208
151102252
151102260
151102273
151102309
151102310
151102315
151102323
151102364
151102380
151102393
151102413
151102424
151102427
151102435
151102453
151102456
151102503
151102611
151102621
151102652
151102661
151102664
151102683
151102696
151102767
151102799
151102814
151102826
151102838
151102846
151102851
151102864
151102878
151102882
151102894
151102918
151102961
151102971
151102986
151102988
151102996
151102997
151102999
151103043
151103051
151103053
151103159
151103162
151103188
151103191
151103235
151103254
151103278
151103295
151103300
151103309
151103363
151103368
151103382
151103435
151103483
151103518
151103528
151103533
151103549
151103565
151103573
151103595
151103637
151103647
151103662
151103705
151103715
151103738
151103739
151103748
151103790
151103849
151103881
151103900
151103903
151103929
151104002
151104030
151104051
151104074
151104079
151104083
151104102
151104156
151104201
151104212
151104288
151104295
151104297
151104387
151104402
151104419
151104429
151104456
151104522
151104542
151104557
151104602
151104610
151104618
151104624
151104649
151104675
151104678
151104685
151104723
151104728
151104752
151104755
151104765
151104815
151104838
151104842
151104855
151104882
151104888
151104890
151104910
151104920
151104943
151104951
151105001
151105011
151105016
151105017
151105020
151105034
151105061
151105096
151105100
151105128
151105138
151105151
151105161
151105168
151105170
151105182
151105193
151105194
151105196
151105219
151105225
151105279
151105290
151105334
151105361
151105364
151105411
151105420
151105431
151105434
151105493
151105521
151105536
151105552
151105605
151105609
151105613
151105642
151105653
151105665
151105674
151105676
151105694
151105733
151105751
151105766
151105802
151105816
151105830
151105867
151105896
151105913
151105915
151105925
151105930
151105964
151105970
151105979
151105998
151106034
151106045
151106069
151106077
151106088
151106110
151106115
151106119
151106126
151106147
151106159
151106162
151106168
151106255
151106263
151106275
151106279
151106322
151106328
151106410
151106448
151106457
151106530
151106551
151106584
151106591
151106620
151106682
151106696
151106710
151106722
151106729
151106744
151106757
151106758
151106761
151106799
151106803
151106811
151106822
151106823
151106825
151106846
151106884
151106885
151106895
151106958
151106970
151106978
151107017
151107097
151107101
151107163
151107210
151107214
151107229
151107232
151107275
151107276
151107357
151107368
151107389
151107400
151107402
151107410
151107430
151107439
151107475
151107508
151107531
151107558
151107573
151107600
151107609
151107654
151107693
151107716
151107729
151107736
151107745
151107750
151107754
151107815
151107822
151107844
151107874
151107919
151107923
151107927
151107956
151107964
151107973
151107999
151108016
151108043
151108045
151108051
151108064
151108118
151108142
151108149
151108164
151108185
151108207
151108220
151108222
151108224
151108232
151108246
151108289
151108316
151108328
151108433
151108464
151108475
151108481
151108516
151108542
151108588
151108629
151108635
151108650
151108663
151108701
151108711
151108721
151108738
151108755
151108758
151108781
151108790
151108812
151108817
151108828
151108884
151108916
151108925
151108929
151108948
151108967
151109006
151109011
151109028
151109088
151109105
151109142
151109166
151109167
151109173
151109183
151109202
151109211
151109257
151109258
151109280
151109287
151109300
151109318
151109321
151109327
151109344
151109360
151109363
151109388
151109433
151109435
151109456
151200032
151200043
151200046
151200059
151200076
151200148
151200165
151200177
151200190
151200203
151200214
151200217
151200233
151200248
151200255
151200272
151200332
151200343
151200365
151200369
151200379
151200418
151200423
151200484
151200506
151200515
151200579
151200603
151200625
151200641
151200650
151200655
151200678
151200713
151200757
151200760
151200762
151200778
151200813
151200838
151200844
151200850
151200867
151200881
151200891
151200915
151200921
151200929
151200952
151200957
151200960
151200971
151200991
151200995
151201000
151201012
151201035
151201124
151201143
151201144
151201162
151201174
151201208
151201216
151201233
151201242
151201269
151201285
151201297
151201306
151201329
151201355
151201374
151201416
151201444
151201458
151201484
151201520
151201543
151201577
151201582
151201592
151201594
151201610
151201667
151201690
151201700
151201727
151201756
151201760
151201773
151201774
151201776
151201786
151201793
151201839
151201860
151201886
151201900
151201911
151201916
151201931
151201934
151202003
151202017
151202020
151202025
151202046
151202054
151202070
151202099
151202121
151202175
151202177
151202180
151202190
151202234
151202258
151202268
151202286
151202307
151202311
151202335
151202339
151202346
151202350
151202353
151202395
151202396
151202411
151202414
151202424
151202466
151202477
151202481
151202522
151202550
151202552
151202553
151202555
151202567
151202583
151202587
151202597
151202602
151202608
151202615
151202620
151202637
151202649
151202663
151202679
151202735
151202743
151202748
151202757
151202821
151202831
151202855
151202872
151202884
151202886
151202957
151202998
151203022
151203037
151203090
151203107
151203110
151203141
151203240
151203276
151203297
151203302
151203351
151203354
151203365
151203428
151203450
151203457
151203464
151203467
151203471
151203490
151203526
151203536
151203544
151203569
151203580
151203584
151203603
151203608
151203631
151203641
151203666
151203732
151203748
151203795
151203807
151203808
151203829
151203839
151203840
151203844
151203848
151203853
151203857
151203880
151203888
151203895
151203898
151203909
151203910
151203940
151203965
151203969
151203985
151204029
151204032
151204054
151204056
151204064
151204100
151204116
151204118
151204150
151204185
151204193
151204198
151204224
151204256
151204284
151204301
151204340
151204346
151204391
151204418
151204419
151204437
151204438
151204457
151204474
151204489
151204529
151204554
151204561
151204568
151204584
151204613
151204635
151204642
151204646
151204653
151204673
151204697
151204751
151204755
151204782
151204806
151204813
151204842
151204854
151204932
151204940
151204969
151204974
151205000
151205031
151205037
151205044
151205056
151205090
151205114
151205142
151205181
151205217
151205220
151205233
151205240
151205252
151205277
151205352
151205359
151205476
151205477
151205491
151205537
151205554
151205566
151205626
151205646
151205656
151205664
151205674
151205739
151205749
151205844
151205851
151205854
151205874
151205936
151205952
151205989
151206028
151206033
151206038
151206039
151206088
151206102
151206110
151206116
151206161
151206191
151206211
151206284
151206289
151206292
151206361
151206388
151206393
151206401
151206406
151206409
151206410
151206417
151206420
151206430
151206436
151206437
151206454
151206502
151206610
151206632
151206634
151206635
151206644
151206647
151206662
151206663
151206669
151206674
151206709
151206720
151206735
151206758
151206775
151206794
151206796
151206801
151206824
151206825
151206836
151206847
151206869
151206878
151206883
151206923
151206944
151206952
151206956
151206985
151206987
151206990
151207003
151207015
151207019
151207042
151207046
151207047
151207068
151207090
151207099
151207143
151207178
151207186
151207191
151207234
151207283
151207292
151207297
151207342
151207398
151207404
151207431
151207438
151207481
151207483
151207507
151207568
151207595
151207605
151207616
151207627
151207637
151207640
151207660
151207666
151207671
151207728
151207734
151207774
151207791
151207806
151207828
151207852
151207901
151207926
151207945
151207964
151207986
151208010
151208078
151208083
151208103
151208105
151208113
151208156
151208176
151208184
151208227
151208241
151208258
151208263
151208270
151208328
151208333
151208383
151208463
151208478
151208487
151208498
151208519
151208520
151208541
151208549
151208552
151208554
151208586
151208618
151208623
151208652
151208685
151208698
151208741
151208743
151208752
151208759
151208798
151208815
151208821
151208831
151208842
151208849
151208851
151208896
151208924
151208936
151208941
151208954
151208968
151209013
151209024
151209025
151209029
151209048
151209066
151209072
151209082
151209089
151209093
151209094
151209102
151209120
151209194
151209252
151209260
151209267
151209270
151209289
151209314
151209321
151209375
1514
1516
1517
1517_Hebron_attacks
1517_London_anti-foreigner_riots
1517_Safed_attacks
1519
1519_all_natural_all_amazing_gardening_secrets_(book)
151_(number)
151_effective_and_extraordinary_art_studio_secrets_(book)
151_quick_ideas_to_deal_with_difficult_people_(book)
151_quick_ideas_to_manage_your_time_(book)
151_quick_ideas_to_recognize_and_reward_employees_(book)
151_things_god_cant_do_(book)
151st_Infantry_Regiment_(United_States)
1520
15200
1520_Sedgwick_Avenue
1520_volume_1_(book)
1521
1521_in_the_Philippines
1523
1524
1527
152830_Dinkinesh
152_(album)
152_(number)
152_mm_45_caliber_Pattern_1892
152_mm_SpGH_DANA
152_mm_air_defense_gun_KM-52
152_mm_gun_M1910/34
152_mm_gun_M1935_(Br-2)
152_mm_howitzer-gun_M1937_(ML-20)
152_mm_howitzer_2A65_Msta-B
152_mm_howitzer_M1910
152_mm_howitzer_M1938_(M-10)
152_mm_howitzer_M1943_(D-1)
152_mm_mortar_M1931_(NM)
1530
1531_Lisbon_earthquake
1533
1537
153_(number)
153a_StPO
1540
1540_Broadway
1543
1545
154CM
154_(album)
154_(number)
154_film
154th_Preobrazhensky_Independent_Commandant's_Regiment
154th_Wing
1550
1550–1600_in_European_fashion
1553_Esmeraldas_shipwreck
1555
1556
1556_Shaanxi_earthquake
155_(number)
155_GH_52_APU
155_K_83
155_mm_Creusot_Long_Tom
155_mm_SpGH_Zuzana
155_mm_caliber
155_mm_gun_M1
155_mm_gun_T7
155_mm_high-explosive_shell
155_north_wacker
155th-division-imperial-japanese-army
155th_Armored_Brigade_Combat_Team
155th_Guards_Naval_Infantry_Brigade
155th_Infantry_Regiment_(United_States)
1561
1561_celestial_phenomenon_over_Nuremberg
1565
1566_Icarus
1566_celestial_phenomenon_over_Basel
156_(number)
1573
1575_Valdivia_earthquake
15760_Albion
157_(number)
157th_Field_Artillery_Regiment
157th_Infantry_Brigade_(United_States)
1580
1580_Dover_Straits_earthquake
15810_Arawn
1582
1582_Cagayan_battles
1583_Cuncolim_revolt
1584-bakerganj-cyclone
1585_Aleutian_Islands_earthquake
1585_Broadway
15874_1996_tl66
1588
1589_Piotrkw_Provincial_Synod
158_(number)
158th_Aviation_Regiment_(United_States)
158th_Infantry_Regiment_(United_States)
159
1590s_in_England
1592
1592–1593_London_plague
1593_transported_soldier_legend
159509_ETF
1597
1599
1599_Siege_of_Acoma
159_(number)
159th_Fighter_Squadron
159th_Fighter_Wing
15K_run
15V_20A_Power_Supply_with_XT60_Connector
15_(Buckcherry_album)
15_(book)
15_(film)
15_(mixtape)
15_(number)
15_3_15_meisetsu_kougyou_koukou_rugby_bu_3_(book)
15_August_(2019_film)
15_August_1975_Bangladeshi_coup_d'état
15_Bean_Soup
15_Big_Ones
15_Central_Park_West
15_Days_(TV_series)
15_Digital_Services_Withholding_Tax_Zimbabwe
15_Eunomia
15_Hudson_Yards
15_January_2026_Kharkiv_energy_strike
15_January_2026_Lviv_drone_strike
15_Minutes
15_Minutes_of_War
15_Mpc_Rotating_Galaxy_Filament
15_Park_Avenue
15_Penn_Plaza
15_Storeys_High
15_V_constant_voltage_lithium_battery
15_and_16_fossgate
15_and_290_theorems
15_ans_et_demi
15_bc
15_cm/50_41st_Year_Type
15_cm45_41st_year_type
15_cm_Kanone_16
15_cm_Kanone_18
15_cm_Kanone_39
15_cm_Nebelwerfer_41
15_cm_SK_C/25
15_cm_SK_C/28
15_cm_SK_L/40_naval_gun
15_cm_SK_L/45
15_cm_TbtsK_C/36_naval_gun
15_cm_autokanone_m_1516
15_cm_kanone_m_80
15_cm_l40_feldkanone_ir
15_cm_lang_staal_l24
15_cm_luftminenwerfer_m_15_m_e
15_cm_mrk_l30
15_cm_mrk_l40
15_cm_ring_kanone_c72
15_cm_ring_kanone_c92
15_cm_ring_kanone_l30
15_cm_rk_l22
15_cm_rk_l26
15_cm_sFH_13
15_cm_sFH_18
15_cm_sFH_36
15_cm_sIG_33
15_cm_sIG_33_(Sf)_auf_Panzerkampfwagen_I_Ausf_B
15_cm_sIG_33_auf_Fahrgestell_Panzerkampfwagen_II_(Sf)
15_cm_schwere_feldhaubitze_m_14
15_cm_schwere_feldhaubitze_m_15
15_cm_schwere_feldhaubitze_m_94
15_cm_sfh_02
15_cm_sfh_93
15_cm_sk_l35
15_days_of_prayer_with_saint_francis_de_sales_(book)
15_days_of_prayer_with_saint_thomas_aquinas_(book)
15_days_of_prayer_with_saint_vincent_de_paul_(book)
15_de_septiembre_de_trujillo
15_dogs_cat_speak_out_(book)
15_dress_adventures_one_skirt_tale_(book)
15_equal_temperament
15_herbs_for_tea_storeys_country_wisdom_bulletin_a_184
15_herbs_for_tea_storeys_country_wisdom_bulletin_a_184_(book)
15_in_Chinese_numerology
15_jongens_4_kikkers_ik_15_jongens_11_psychiaterbezoeken_4_keramische_kikkers_en_ik_ruby_oliv_(book)
15_jungs_4_frsche_und_1_kuss_ruby_oliver_1_(book)
15_kV_AC_railway_electrification
15_kV_and_2528_kV_class_terminations
15_km_kemerovo_oblast
15_love_(book)
15_lyncis
15_maiden_lane
15_march_2024_odesa_missile_strikes
15_may_organization
15_mil_dibujos
15_million_degrees_a_journey_to_the_centre_of_the_sun_(book)
15_minute_cover_letter_(book)
15_minute_diabetic_meals_(book)
15_minute_everyday_pilates_(book)
15_minute_gentle_yoga_(book)
15_minute_japanese_(book)
15_minute_low_carb_recipes_instant_recipes_for_dinners_desserts_and_more_(book)
15_minute_tai_chi_strong_body_still_mind_(book)
15_minute_vegetarian_recipes_200_quick_easy_and_delicious_recipes_the_whole_family_will_love_(book)
15_minute_yoga_(book)
15_minute_yoga_health_well_being_and_happiness_through_daily_practice_(book)
15_minuten_wahrheit
15_minutes_(book)
15_minutes_barry_manilow_album
15_minutes_before_we_really_date
15_minutes_of_fame
15_minutes_of_fame_becoming_a_star_in_the_youtube_revolution_(book)
15_minutes_of_play_improvisational_quilts_made_fabric_piecing_traditional_blocks_scrap_challe_(book)
15_minutes_of_shame
15_minutes_rodney_atkins_song
15_minutes_the_rewind_agency_1_(book)
15_minutes_to_fit_the_simple_30_day_guide_to_total_fitness_15_minutes_at_a_time_(book)
15_minutes_with_bing_crosby
15_miodowa_street_tenement
15_mm_caliber
15_months_of_winter_my_year_in_north_dakota_(book)
15_october_2011_global_protests
15_october_stadium
15_of_the_best
15_orionis
15_poems_(book)
15_point_Programme_for_minorities
15_psychological_operations_group
15_puzzle
15_reception_depot
15_sagittarii
15_scaffolds_for_a_murderer
15_seconds_(book)
15_secrets_every_network_marketer_must_know_essential_elements_and_skills_required_to_achieve_(book)
15_secrets_for_personal_financial_success_a_simple_step_by_step_plan_for_financial_freedom_(book)
15_serial_killers_docufictions_(book)
15_simple_steps_to_losing_your_salvation_(book)
15_south_african_infantry_battalion
15_step
15_temmuz_istanbul_metro
15_thank_you_too
15_things_not_to_do_with_a_baby_(book)
15_things_not_to_do_with_a_baby_picture_book
15_things_not_to_do_with_a_grandma_(book)
15_things_you_should_give_up_to_be_happy_an_inspiring_guide_to_discovering_effortless_joy_(book)
15_till_midnight
15_trianguli
15_union_square_west
15_verses_to_pray_for_your_husband_(book)
15_views_of_orlando_(book)
15_vulpeculae
15_ways_to_grow_your_business_in_every_economy_(book)
15_ways_to_make_love_impossible_(book)
15_westferry_circus
15_william
15_wisdom_success_(book)
15_year_killing_spree
15_years_and_one_day
15_years_on_death_row
15cm_krupp_schwere_positionhaubitze_model_1905
15min
15q_overgrowth_syndrome
15th%2f19th_The_King's_Royal_Hussars
15th/19th_The_King's_Royal_Hussars
15th_(Imperial_Service)_Cavalry_Brigade
15th_(Scottish)_Infantry_Division
15th_Academy_Awards
15th_Andhra_Pradesh_Assembly
15th_Annual_Grammy_Awards
15th_Army_(Wehrmacht)
15th_Army_Group
15th_Asian_Film_Awards
15th_BRICS_summit
15th_Bomber_Aviation_Division
15th_British_Academy_Games_Awards
15th_Cortes_Generales
15th_Golden_Raspberry_Awards
15th_Government_of_Slovenia
15th_Gujarat_Assembly
15th_Independent_Special_Forces_Brigade
15th_Infantry_Regiment_(United_States)
15th_Karnataka_Assembly
15th_Kerala_Assembly
15th_Lok_Sabha
15th_Madhya_Pradesh_Assembly
15th_Marine_Expeditionary_Unit
15th_Panzergrenadier_Division
15th_Rajasthan_Assembly
15th_Screen_Actors_Guild_Awards
15th_Separate_Guards_Motor_Rifle_Brigade
15th_Tamil_Nadu_Assembly
15th_The_King's_Hussars
15th_Waffen_Grenadier_Division_of_the_SS_(1st_Latvian)
15th_Wing
15th_aarp_movies_for_grownups_awards
15th_academy_of_country_music_awards
15th_actra_awards
15th_aerospace_forces_army
15th_affair_womens_murder_club_15_novel
15th_air_army
15th_air_defense_division
15th_air_transport_squadron
15th_airlift_squadron
15th_alabama_infantry_regiment
15th_alberta_legislature
15th_anniversary_album
15th_anniversary_best_live_history_dvd_book
15th_annual_interactive_achievement_awards
15th_anti_aircraft_brigade_united_kingdom
15th_antiaircraft_artillery_battalion
15th_arabian_gulf_cup
15th_ariel_awards
15th_arizona_state_legislature
15th_arizona_territorial_legislature
15th_armoured_regiment_india
15th_army_corps_russian_empire
15th_army_corps_ukraine
15th_army_rsfsr
15th_army_soviet_union
15th_arrondissement_of_Paris
15th_arrondissement_of_marseille
15th_asia_pacific_screen_awards
15th_attack_squadron
15th_avenue_and_taraval_station
15th_avn_awards
15th_bangladesh_national_film_awards
15th_battalion_48th_highlanders_of_canada_cef
15th_battalion_australia
15th_beijing_international_film_festival
15th_bombardment_operational_training_wing
15th_brigade_japan
15th_brigade_support_battalion_united_states
15th_canadian_comedy_awards
15th_canadian_light_horse
15th_canadian_ministry
15th_canadian_parliament
15th_carrier_air_group
15th_cavalry_regiment
15th_century
15th_century_BC
15th_century_in_literature
15th_century_in_philosophy
15th_century_in_south_africa
15th_century_in_wales
15th_chunwon
15th_cinema_eye_honors
15th_coast_artillery_united_states
15th_composite_anti_aircraft_regiment_royal_new_zealand_artillery
15th_congress_of_deputies
15th_congress_of_the_all_union_communist_party_bolsheviks
15th_congress_of_the_philippines
15th_connecticut_infantry_regiment
15th_cook_islands_parliament
15th_costume_designers_guild_awards
15th_cruiser_squadron
15th_delaware_general_assembly
15th_destroyer_flotilla
15th_directors_guild_of_america_awards
15th_district_of_budapest
15th_division_german_empire
15th_division_imperial_japanese_army
15th_division_north_korea
15th_division_yugoslav_partisans
15th_edition_of_mawazine_festival
15th_empire_awards
15th_ensor_awards
15th_european_film_awards
15th_fai_world_precision_flying_championship
15th_federal_electoral_district_of_jalisco
15th_federal_electoral_district_of_mexico_city
15th_federal_electoral_district_of_puebla
15th_federal_electoral_district_of_the_state_of_mexico
15th_federal_electoral_district_of_veracruz
15th_field_artillery_regiment_canada
15th_fighter_aviation_division
15th_filmfare_awards
15th_filmfare_awards_south
15th_g_15_summit
15th_gcc_club_championship
15th_general_assembly_of_newfoundland
15th_general_assembly_of_nova_scotia
15th_general_assembly_of_prince_edward_island
15th_genie_awards
15th_georgia_infantry_regiment
15th_golden_horse_awards
15th_golden_rooster_awards
15th_government_of_turkey
15th_goya_awards
15th_greater_poland_light_artillery_regiment
15th_grey_cup
15th_guards_motor_rifle_regiment
15th_guards_rifle_division
15th_guards_tank_division
15th_guldbagge_awards
15th_hawaii_territorial_legislature
15th_helpmann_awards
15th_iifa_awards
15th_illinois_cavalry_regiment
15th_illinois_infantry_regiment
15th_independent_battery_indiana_light_artillery
15th_independent_spirit_awards
15th_indian_infantry_brigade
15th_infantry_division_belgium
15th_infantry_division_france
15th_infantry_division_greece
15th_infantry_division_india
15th_infantry_division_iraq
15th_infantry_division_philippines
15th_infantry_division_poland
15th_infantry_division_russian_empire
15th_infantry_division_south_korea
15th_infantry_division_thailand
15th_infantry_division_wehrmacht
15th_infantry_regiment_greece
15th_infantry_regiment_portugal
15th_international_emmy_awards
15th_international_film_festival_of_india
15th_japan_record_awards
15th_jogja_netpac_asian_film_festival
15th_jutra_awards
15th_kansas_cavalry_regiment
15th_kansas_militia_infantry_regiment
15th_karmapa_khakyab_dorje
15th_kentucky_cavalry_regiment
15th_kentucky_infantry_regiment
15th_lancers
15th_landwehr_division_german_empire
15th_legislative_assembly_of_puerto_rico
15th_legislature_of_antigua_and_barbuda
15th_legislature_of_the_third_portuguese_republic
15th_lg_cup
15th_light_horse_regiment_australia
15th_louisiana_infantry_regiment
15th_lux_style_awards
15th_manitoba_legislature
15th_marine_regiment
15th_massachusetts_battery
15th_massachusetts_infantry_regiment
15th_massachusetts_regiment
15th_mechanized_brigade_romania
15th_medical_battalion_german_army
15th_meridian_east
15th_meril_prothom_alo_awards
15th_metro_fm_music_awards
15th_michigan_infantry_regiment
15th_military_division_vichy_france
15th_military_police_brigade
15th_mississippi_infantry_regiment
15th_missouri_infantry_regiment
15th_national_assembly_of_vietnam
15th_national_congress_of_the_kuomintang
15th_national_film_awards
15th_national_geographic_bee
15th_national_guard_battalion_ukraine
15th_national_hockey_league_all_star_game
15th_national_television_awards
15th_new_brunswick_legislature
15th_new_hampshire_infantry_regiment
15th_new_jersey_infantry_regiment
15th_new_york_battery_light_artillery
15th_new_york_engineer_regiment
15th_new_york_state_legislature
15th_new_zealand_parliament
15th_niue_assembly
15th_northwest_arkansas_infantry_regiment
15th_northwest_territories_legislative_assembly
15th_ohio_independent_light_artillery_battery
15th_ohio_infantry_regiment
15th_oklahoma_legislature
15th_open_russian_festival_of_animated_film
15th_operational_brigade_ukraine
15th_operations_group
15th_panzer_division
15th_parliament_of_british_columbia
15th_parliament_of_lower_canada
15th_parliament_of_ontario
15th_parliament_of_singapore
15th_parliament_of_turkey
15th_pmpc_star_awards_for_television
15th_politburo_standing_committee_of_the_chinese_communist_party
15th_producers_guild_of_america_awards
15th_punjab_assembly
15th_punjab_regiment
15th_quebec_legislature
15th_reserve_division_german_empire
15th_rifle_corps
15th_rome_quadriennale
15th_santosham_film_awards
15th_sarasaviya_awards
15th_saskatchewan_legislature
15th_satellite_awards
15th_saturn_awards
15th_scottish_division
15th_scottish_reconnaissance_regiment
15th_scottish_volunteer_parachute_battalion
15th_scripps_national_spelling_bee
15th_secretariat_of_the_chinese_communist_party
15th_seiyu_awards
15th_service_battalion_royal_welsh_fusiliers_1st_london_welsh
15th_service_battalion_sherwood_foresters_nottingham
15th_south_carolina_infantry_regiment
15th_space_surveillance_squadron
15th_special_forces_division
15th_ss_police_regiment
15th_streetcity_hall_station
15th_strike_wing_philippine_air_force
15th_tennessee_infantry_regiment
15th_test_and_evaluation_squadron
15th_texas_cavalry_regiment
15th_texas_infantry_regiment
15th_texas_legislature
15th_transport_aviation_brigade
15th_tvynovelas_awards
15th_united_states_colored_infantry_regiment
15th_united_states_congress
15th_utah_territorial_legislature
15th_vermont_infantry_regiment
15th_vietnam_film_festival
15th_virginia_cavalry_regiment
15th_virginia_infantry_regiment
15th_virginia_regiment
15th_visual_effects_society_awards
15th_ward_syracuse_new_york
15th_west_virginia_infantry_regiment
15th_wisconsin_infantry_regiment
15th_wisconsin_legislature
15th_wolves_infantry_regiment_poland
15th_world_science_fiction_convention
15th_world_scout_jamboree
15th_world_scout_jamboree_cancelled
15th_yokohama_film_festival
15th_yukon_territorial_council
15x5u_live_at_yokohama_arena
16-Love
16-bit_computing
16-cell
16-inch/45-caliber_Mark_6_gun
16-inch/50-caliber_M1919_gun
16-inch/50-caliber_Mark_2_gun
16-inch/50-caliber_Mark_7_gun
16-inch_howitzer_M1920
16-inch_softball
16-line_message_format
160-meter_band
1600
1600-glenarm-place
1600_Penn
1600_Pennsylvania_Avenue_(musical)
1600_broadway
1600_glenarm_place
1600_meters
1600_positive_things_to_say_to_someone_else_can_you_find_i_spy_games_inside
1600_series_telephone_prefix
1600_smith_street
1600_vyssotsky
1600s_(decade)
1600s_BC_(decade)
1600s_in_England
1600s_in_south_africa
1600th_air_transport_group
1600–1650_in_Western_fashion
1601
160100005
160100035
160100038
160100050
160100078
160100082
160100102
160100134
160100148
160100193
160100215
160100218
160100258
160100276
160100283
160100300
160100311
160100336
160100345
160100348
160100365
160100424
160100450
160100456
160100461
160100475
160100515
160100530
160100548
160100587
160100600
160100609
160100642
160100694
160100697
160100699
160100715
160100772
160100819
160100886
160100888
160100896
160100901
160100903
160100910
160100917
160100933
160100935
160100945
160100982
160100994
160100996
160101032
160101042
160101046
160101164
160101168
160101172
160101178
160101210
160101214
160101246
160101267
160101314
160101334
160101352
160101384
160101430
160101434
160101439
160101440
160101451
160101512
160101534
160101536
160101551
160101553
160101573
160101640
160101653
160101654
160101683
160101686
160101734
160101745
160101764
160101787
160101788
160101859
160101906
160101912
160101921
160101932
160101951
160101964
160101978
160102026
160102069
160102070
160102118
160102129
160102177
160102182
160102188
160102195
160102198
160102203
160102212
160102213
160102216
160102229
160102245
160102293
160102302
160102350
160102388
160102429
160102458
160102486
160102513
160102519
160102522
160102540
160102557
160102563
160102613
160102623
160102664
160102705
160102721
160102736
160102752
160102793
160102832
160102837
160102842
160102849
160102894
160102936
160102944
160102953
160103011
160103042
160103048
160103050
160103060
160103099
160103114
160103146
160103192
160103195
160103220
160103248
160103262
160103324
160103356
160103412
160103426
160103462
160103518
160103529
160103542
160103543
160103545
160103550
160103626
160103629
160103642
160103652
160103655
160103685
160103716
160103735
160103740
160103753
160103755
160103764
160103769
160103780
160103799
160103804
160103842
160103860
160103895
160103912
160103984
160104014
160104026
160104038
160104042
160104061
160104062
160104072
160104074
160104086
160104123
160104144
160104154
160104199
160104218
160104227
160104228
160104264
160104329
160104337
160104362
160104409
160104421
160104436
160104466
160104500
160104504
160104525
160104548
160104557
160104566
160104604
160104622
160104704
160104734
160104774
160104794
160104796
160104838
160104844
160104865
160104867
160104868
160104874
160104894
160104901
160104913
160104917
160104947
160104969
160104985
160104998
160105098
160105141
160105198
160105204
160105224
160105258
160105295
160105304
160105309
160105325
160105447
160105466
160105585
160105611
160105623
160105643
160105645
160105706
160105785
160105830
160105847
160105853
160105858
160105868
160105872
160105891
160105926
160105997
160106001
160106054
160106067
160106106
160106133
160106151
160106166
160106246
160106259
160106330
160106359
160106422
160106456
160106469
160106480
160106506
160106518
160106524
160106573
160106680
160106687
160106696
160106724
160106734
160106740
160106743
160106752
160106756
160106759
160106785
160106801
160106813
160106893
160106939
160106957
160106978
160106984
160106988
160107007
160107028
160107037
160107114
160107141
160107142
160107144
160107208
160107217
160107230
160107250
160107261
160107268
160107276
160107278
160107291
160107305
160107307
160107448
160107450
160107468
160107469
160107490
160107541
160107549
160107571
160107600
160107610
160107628
160107664
160107694
160107702
160107707
160107789
160107817
160107824
160107834
160107843
160107863
160107894
160107895
160107916
160107921
160107944
160107988
160107989
160108010
160108020
160108030
160108031
160108035
160108066
160108083
160108091
160108130
160108162
160108205
160108214
160108216
160108241
160108242
1601_(Mark_Twain)
1601_conversation_as_it_was_by_the_social_fireside_in_the_time_of_the_tudors_(book)
1601_in_germany
1601_to_1700_in_sports
1602
160200030
160200064
160200111
160200130
160200149
160200163
160200174
160200176
160200189
160200256
160200262
160200266
160200275
160200288
160200292
160200309
160200344
160200373
160200380
160200388
160200415
160200485
160200537
160200544
160200546
160200566
160200581
160200588
160200593
160200607
160200626
160200628
160200639
160200668
160200681
160200747
160200898
160200907
160200924
160200942
160200950
160200959
160200960
160200978
160200990
160200998
160200999
160201008
160201012
160201020
160201045
160201052
160201084
160201086
160201091
160201102
160201108
160201127
160201129
160201153
160201187
160201193
160201216
160201255
160201286
160201313
160201318
160201329
160201361
160201382
160201418
160201419
160201423
160201427
160201463
160201478
160201502
160201515
160201517
160201528
160201565
160201575
160201600
160201639
160201643
160201670
160201682
160201734
160201764
160201768
160201771
160201781
160201831
160201834
160201839
160201862
160201913
160201940
160201945
160202003
160202020
160202025
160202030
160202040
160202045
160202052
160202077
160202087
160202090
160202095
160202101
160202203
160202204
160202207
160202212
160202231
160202240
160202247
160202251
160202254
160202257
160202287
160202309
160202318
160202338
160202343
160202356
160202370
160202372
160202397
160202432
160202435
160202438
160202440
160202464
160202490
160202530
160202591
160202601
160202608
160202622
160202689
160202729
160202749
160202765
160202858
160202872
160202889
160202894
160202926
160202939
160202969
160202975
160202978
160202992
160203010
160203011
160203044
160203057
160203065
160203075
160203108
160203118
160203144
160203169
160203210
160203213
160203221
160203266
160203295
160203357
160203364
160203383
160203387
160203406
160203415
160203481
160203521
160203527
160203533
160203545
160203547
160203579
160203612
160203689
160203691
160203751
160203764
160203781
160203794
160203815
160203817
160203841
160203866
160203868
160203876
160203899
160203902
160203907
160203908
160203930
160203944
160203948
160203950
160203953
160203955
160203959
160203962
160204037
160204041
160204053
160204064
160204074
160204090
160204102
160204128
160204137
160204152
160204157
160204159
160204181
160204185
160204211
160204217
160204218
160204272
160204286
160204294
160204298
160204434
160204440
160204450
160204470
160204489
160204503
160204555
160204600
160204655
160204678
160204702
160204780
160204795
160204807
160204822
160204845
160204872
160204877
160204888
160204903
160204922
160204946
160204975
160204986
160204988
160205003
160205010
160205040
160205065
160205082
160205086
160205103
160205133
160205146
160205147
160205167
160205179
160205198
160205277
160205293
160205364
160205370
160205375
160205382
160205385
160205418
160205430
160205481
160205518
160205546
160205571
160205598
160205603
160205614
160205635
160205655
160205664
160205719
160205740
160205746
160205763
160205790
160205827
160205830
160205836
160205845
160205884
160205937
160205957
160205975
160205983
160205988
160205992
160206014
160206017
160206038
160206040
160206052
160206060
160206071
160206083
160206085
160206100
160206107
160206109
160206156
160206164
160206182
160206204
160206310
160206340
160206342
160206363
160206410
160206421
160206440
160206487
160206491
160206509
160206515
160206522
160206550
160206578
160206582
160206594
160206618
160206624
160206672
160206728
160206746
160206779
160206786
160206787
160206793
160206878
160206915
160206931
160206935
160206956
160206963
160206967
160207020
160207032
160207036
160207062
160207081
160207088
160207162
160207167
160207182
160207192
160207210
160207260
160207265
160207281
160207284
160207296
160207317
160207333
160207335
160207344
160207362
160207370
160207385
160207386
160207408
160207410
160207427
160207454
160207504
160207526
160207531
160207537
160207558
160207575
160207597
160207638
160207674
160207722
160207744
160207752
160207796
160207871
160207876
160207879
160207887
160207889
160207909
160207928
160207942
160207949
160207973
160207990
160208003
160208007
160208018
160208023
160208081
160208094
160208105
160208110
160208130
160208160
160208187
160208257
160208326
160208328
160208360
160208390
160208402
160208412
160208421
160208455
160208465
160208545
160208551
160208567
160208569
160208605
160208611
160208612
160208660
160208670
160208742
160208785
160208787
160208799
160208821
160208841
160208843
160208844
160208850
160208851
160208863
160208884
160208886
160208905
160208927
160208930
160208942
160208999
160209001
160209052
160209092
160209104
160209109
1602_indiana
1602_witch_hunter_angela_(book)
1603
160300035
160300044
160300047
160300048
160300050
160300064
160300078
160300098
160300105
160300114
160300134
160300190
160300191
160300219
160300222
160300231
160300243
160300247
160300262
160300270
160300285
160300295
160300322
160300331
160300343
160300361
160300367
160300408
160300424
160300455
160300456
160300475
160300479
160300514
160300540
160300541
160300557
160300563
160300578
160300596
160300606
160300638
160300643
160300670
160300673
160300737
160300742
160300761
160300789
160300881
160300890
160300899
160300934
160300972
160301002
160301067
160301108
160301115
160301162
160301188
160301194
160301195
160301210
160301213
160301220
160301241
160301252
160301362
160301411
160301440
160301460
160301468
160301472
160301492
160301527
160301541
160301560
160301564
160301611
160301624
160301629
160301692
160301698
160301729
160301736
160301794
160301842
160301877
160301886
160301898
160301950
160301951
160301952
160301965
160301982
160302021
160302057
160302073
160302076
160302097
160302154
160302165
160302171
160302254
160302267
160302289
160302330
160302331
160302336
160302345
160302381
160302444
160302451
160302464
160302479
160302504
160302510
160302516
160302529
160302550
160302566
160302568
160302618
160302648
160302653
160302680
160302690
160302700
160302706
160302722
160302736
160302738
160302752
160302813
160302816
160302828
160302838
160302847
160302854
160302872
160302882
160302897
160302921
160302966
160302980
160302986
160303026
160303067
160303069
160303082
160303095
160303100
160303114
160303117
160303143
160303183
160303205
160303234
160303255
160303260
160303274
160303277
160303284
160303314
160303322
160303340
160303387
160303401
160303415
160303441
160303449
160303455
160303475
160303478
160303512
160303528
160303601
160303627
160303676
160303685
160303692
160303695
160303774
160303788
160303811
160303831
160303868
160303890
160303942
160304018
160304036
160304064
160304167
160304183
160304210
160304216
160304224
160304249
160304253
160304260
160304271
160304275
160304289
160304358
160304451
160304455
160304500
160304504
160304538
160304556
160304557
160304567
160304572
160304587
160304598
160304601
160304612
160304660
160304701
160304707
160304725
160304732
160304733
160304745
160304751
160304752
160304781
160304791
160304821
160304825
160304836
160304853
160304872
160304897
160304929
160304941
160304956
160304991
160304998
160305004
160305060
160305083
160305104
160305129
160305158
160305171
160305202
160305267
160305284
160305302
160305371
160305406
160305452
160305455
160305468
160305473
160305477
160305509
160305523
160305540
160305545
160305567
160305604
160305611
160305624
160305633
160305706
160305748
160305752
160305772
160305773
160305787
160305792
160305803
160305822
160305836
160305884
160305904
160305917
160305935
160305971
160305974
160305988
160306102
160306197
160306236
160306245
160306276
160306280
160306291
160306300
160306329
160306339
160306360
160306369
160306386
160306399
160306422
160306446
160306488
160306491
160306500
160306691
160306701
160306728
160306774
160306791
160306799
160306827
160306847
160306862
160306886
160306912
160306944
160306955
160306967
160307015
160307016
160307021
160307030
160307082
160307095
160307103
160307138
160307183
160307198
160307234
160307253
160307271
160307282
160307311
160307314
160307346
160307354
160307361
160307438
160307462
160307503
160307519
160307532
160307541
160307559
160307617
160307659
160307674
160307677
160307681
160307698
160307753
160307755
160307795
160307815
160307820
160307825
160307854
160307860
160307914
160307945
160307986
160307998
160308018
160308026
160308073
160308102
160308104
160308153
160308164
160308166
160308178
160308185
160308220
160308302
160308306
160308321
160308341
160308345
160308385
160308392
160308403
160308455
160308462
160308469
160308470
160308508
160308521
160308526
160308548
160308584
160308589
160308600
160308679
160308681
160308692
160308705
160308739
160308740
160308754
160308758
160308800
160308820
160308826
160308876
160308882
160308883
160308898
160308946
160308967
160308971
160308984
160309103
160309116
160309128
160309136
160309137
160309147
160309188
160309245
160309268
160309289
160309317
160309330
160309355
160309362
160309364
160309395
160309436
160309441
160309463
160309515
160309527
160309540
160309552
160309565
160309592
160309663
160309678
160309705
160309741
1603_in_germany
1603_london_plague
1604
160400035
160400069
160400094
160400105
160400117
160400122
160400135
160400137
160400150
160400202
160400206
160400208
160400220
160400233
160400241
160400294
160400308
160400322
160400339
160400355
160400409
160400420
160400423
160400425
160400432
160400438
160400456
160400475
160400487
160400555
160400586
160400590
160400615
160400638
160400646
160400683
160400691
160400698
160400701
160400712
160400847
160400849
160400889
160400912
160400918
160400934
160400954
160400997
160400999
160401012
160401018
160401059
160401086
160401121
160401130
160401140
160401227
160401232
160401267
160401273
160401287
160401297
160401364
160401404
160401455
160401488
160401489
160401495
160401508
160401513
160401520
160401557
160401647
160401668
160401729
160401782
160401848
160401862
160401879
160401937
160401973
160402048
160402059
160402082
160402101
160402102
160402129
160402139
160402144
160402153
160402228
160402286
160402302
160402356
160402381
160402448
160402460
160402495
160402506
160402511
160402515
160402532
160402602
160402687
160402693
160402724
160402785
160402792
160402822
160402840
160402859
160402911
160402938
160402940
160403014
160403019
160403052
160403057
160403064
160403065
160403071
160403115
160403129
160403147
160403154
160403176
160403201
160403261
160403271
160403280
160403282
160403331
160403335
160403352
160403394
160403423
160403435
160403447
160403479
160403484
160403497
160403515
160403552
160403554
160403567
160403575
160403597
160403599
160403612
160403663
160403729
160403735
160403757
160403767
160403775
160403780
160403794
160403837
160403858
160403870
160403890
160403895
160403899
160403909
160403944
160403969
160403973
160404063
160404064
160404088
160404102
160404110
160404126
160404141
160404156
160404226
160404264
160404358
160404401
160404417
160404455
160404466
160404471
160404485
160404496
160404502
160404518
160404569
160404578
160404601
160404609
160404616
160404639
160404646
160404709
160404714
160404731
160404763
160404824
160404843
160404857
160404860
160404865
160404878
160404881
160404904
160404905
160404912
160404943
160405007
160405052
160405070
160405078
160405079
160405092
160405108
160405110
160405197
160405198
160405217
160405224
160405227
160405256
160405262
160405274
160405284
160405290
160405296
160405309
160405321
160405327
160405331
160405333
160405342
160405349
160405399
160405426
160405438
160405463
160405466
160405467
160405477
160405512
160405546
160405587
160405593
160405619
160405648
160405654
160405682
160405714
160405724
160405743
160405754
160405795
160405830
160405857
160405881
160405891
160405897
160405940
160405969
160406026
160406030
160406046
160406055
160406076
160406097
160406105
160406111
160406112
160406133
160406145
160406194
160406202
160406293
160406324
160406328
160406336
160406420
160406426
160406431
160406448
160406450
160406452
160406494
160406500
160406509
160406513
160406517
160406560
160406564
160406566
160406570
160406618
160406644
160406669
160406692
160406698
160406706
160406725
160406745
160406752
160406765
160406777
160406793
160406849
160406863
160406872
160406912
160406913
160406937
160406949
160406973
160406982
160406986
160406997
160406998
160406999
160407005
160407017
160407028
160407043
160407051
160407060
160407112
160407120
160407132
160407136
160407141
160407153
160407169
160407211
160407280
160407285
160407290
160407322
160407324
160407356
160407397
160407403
160407437
160407449
160407464
160407497
160407543
160407555
160407564
160407588
160407607
160407642
160407645
160407653
160407655
160407681
160407685
160407691
160407706
160407711
160407726
160407758
160407811
160407838
160407873
160407879
160407881
160407886
160407933
160407942
160407954
160408037
160408045
160408068
160408109
160408127
160408129
160408131
160408135
160408151
160408227
160408241
160408321
160408401
160408446
160408461
160408489
160408495
160408509
160408525
160408554
160408564
160408582
160408587
160408613
160408635
160408637
160408646
160408676
160408683
160408696
160408706
160408738
160408743
160408782
160408803
160408815
160408826
160408842
160408845
160408876
160408885
160408929
1604_arica_earthquake
1604_tombaugh
1605
160500004
160500009
160500018
160500020
160500051
160500052
160500062
160500115
160500117
160500155
160500167
160500171
160500189
160500197
160500211
160500212
160500223
160500225
160500241
160500256
160500260
160500266
160500303
160500331
160500345
160500355
160500358
160500363
160500368
160500370
160500384
160500427
160500433
160500438
160500462
160500485
160500514
160500559
160500571
160500572
160500621
160500632
160500675
160500696
160500717
160500752
160500779
160500850
160500867
160500912
160500919
160500958
160500970
160500982
160501004
160501016
160501058
160501066
160501069
160501100
160501143
160501179
160501191
160501193
160501214
160501223
160501244
160501254
160501263
160501311
160501358
160501368
160501385
160501408
160501443
160501446
160501466
160501566
160501567
160501583
160501592
160501600
160501637
160501642
160501678
160501681
160501689
160501696
160501722
160501739
160501756
160501819
160501841
160501847
160501868
160501877
160501888
160501889
160501912
160501926
160502006
160502009
160502023
160502024
160502051
160502058
160502075
160502110
160502124
160502134
160502135
160502193
160502207
160502237
160502292
160502303
160502304
160502334
160502341
160502367
160502439
160502452
160502525
160502528
160502537
160502543
160502590
160502613
160502654
160502685
160502758
160502760
160502805
160502833
160502845
160502908
160502912
160502929
160502930
160502982
160502994
160503002
160503006
160503026
160503055
160503062
160503098
160503114
160503153
160503162
160503165
160503170
160503176
160503190
160503194
160503227
160503262
160503271
160503297
160503303
160503308
160503327
160503387
160503393
160503458
160503462
160503465
160503472
160503480
160503481
160503504
160503541
160503568
160503579
160503598
160503607
160503612
160503621
160503633
160503640
160503657
160503659
160503666
160503705
160503708
160503729
160503815
160503823
160503831
160503930
160503938
160503946
160503955
160503966
160504026
160504047
160504100
160504108
160504122
160504136
160504139
160504155
160504169
160504170
160504204
160504209
160504212
160504230
160504250
160504252
160504286
160504290
160504303
160504333
160504356
160504365
160504377
160504379
160504389
160504408
160504414
160504494
160504496
160504520
160504526
160504564
160504612
160504666
160504685
160504686
160504746
160504812
160504832
160504837
160504868
160504887
160504966
160504977
160504979
160505014
160505020
160505041
160505050
160505067
160505110
160505149
160505184
160505225
160505243
160505302
160505332
160505366
160505376
160505388
160505471
160505496
160505503
160505531
160505534
160505570
160505604
160505611
160505667
160505677
160505723
160505745
160505753
160505754
160505765
160505824
160505828
160505838
160505881
160505896
160505932
160505965
160506011
160506022
160506024
160506058
160506104
160506105
160506126
160506131
160506142
160506162
160506189
160506246
160506258
160506291
160506323
160506332
160506374
160506381
160506412
160506416
160506481
160506490
160506511
160506528
160506547
160506578
160506580
160506582
160506587
160506603
160506630
160506648
160506704
160506716
160506728
160506735
160506782
160506800
160506826
160506843
160506863
160506887
160506946
160506951
160506992
160507040
160507052
160507058
160507064
160507091
160507116
160507118
160507124
160507132
160507188
160507200
160507217
160507218
160507248
160507252
160507284
160507328
160507352
160507354
160507373
160507410
160507421
160507425
160507447
160507452
160507454
160507465
160507500
160507536
160507545
160507590
160507593
160507635
160507636
160507645
160507670
160507675
160507722
160507729
160507778
160507791
160507792
160507836
160507844
160507846
160507865
160507891
160507934
160507946
160508012
160508033
160508035
160508060
160508081
160508169
160508190
160508223
160508229
160508232
160508253
160508258
160508353
160508362
160508369
160508439
160508449
160508459
160508460
160508482
160508487
160508533
160508545
160508566
160508613
160508627
160508636
160508657
160508663
160508698
160508757
160508764
160508807
160508820
160508836
160508876
160508952
160508989
160509001
160509015
160509046
160509052
160509064
160509082
160509112
160509136
160509145
160509194
160509222
160509223
160509250
160509333
160509350
160509358
160509387
160509389
160509394
160509408
160509409
160509456
160509478
160509492
160509525
160509537
160509545
160509587
160509589
160509591
160509598
160509599
160509630
160509640
160509662
160509687
160509690
160509732
160509742
160509762
160509763
160509774
160509783
160509786
1605_guangdong_earthquake
1605_milankovitch
1605_record_label
1606
160600005
160600007
160600012
160600013
160600062
160600067
160600082
160600090
160600102
160600113
160600140
160600174
160600181
160600189
160600194
160600198
160600202
160600205
160600237
160600239
160600258
160600282
160600373
160600396
160600404
160600454
160600465
160600510
160600512
160600552
160600600
160600605
160600610
160600622
160600647
160600674
160600725
160600742
160600792
160600808
160600829
160600833
160600847
160600860
160600861
160600871
160600918
160600944
160600997
160601024
160601026
160601035
160601060
160601083
160601104
160601118
160601123
160601130
160601196
160601234
160601264
160601345
160601350
160601361
160601405
160601406
160601415
160601422
160601431
160601445
160601487
160601507
160601516
160601519
160601566
160601578
160601585
160601647
160601649
160601651
160601657
160601697
160601831
160601847
160601857
160601877
160601921
160601971
160601989
160602019
160602043
160602050
160602059
160602080
160602105
160602117
160602128
160602144
160602149
160602187
160602211
160602224
160602254
160602264
160602291
160602318
160602377
160602413
160602416
160602429
160602433
160602437
160602443
160602457
160602467
160602514
160602548
160602574
160602588
160602591
160602601
160602631
160602632
160602638
160602642
160602672
160602721
160602727
160602780
160602781
160602873
160602878
160602928
160602929
160602932
160602945
160602956
160602980
160602982
160602985
160602999
160603010
160603017
160603040
160603059
160603092
160603117
160603138
160603158
160603165
160603173
160603207
160603214
160603222
160603274
160603310
160603423
160603424
160603446
160603472
160603476
160603477
160603514
160603528
160603535
160603549
160603552
160603586
160603596
160603599
160603606
160603631
160603654
160603668
160603678
160603685
160603792
160603809
160603815
160603821
160603823
160603858
160603877
160603888
160603906
160603909
160603917
160603922
160603937
160603980
160604021
160604031
160604048
160604072
160604075
160604096
160604097
160604105
160604131
160604213
160604235
160604260
160604264
160604304
160604307
160604361
160604374
160604381
160604388
160604393
160604401
160604408
160604444
160604483
160604496
160604499
160604511
160604520
160604528
160604532
160604594
160604628
160604649
160604656
160604665
160604702
160604716
160604724
160604737
160604779
160604783
160604793
160604826
160604841
160604847
160604889
160604897
160604981
160604993
160605026
160605033
160605041
160605050
160605051
160605054
160605061
160605072
160605080
160605153
160605178
160605180
160605226
160605319
160605339
160605348
160605374
160605387
160605428
160605477
160605487
160605542
160605551
160605568
160605573
160605574
160605578
160605614
160605630
160605643
160605655
160605702
160605761
160605762
160605783
160605797
160605884
160605910
160605930
160605943
160605979
160605997
160606066
160606093
160606100
160606144
160606162
160606170
160606175
160606198
160606211
160606214
160606277
160606295
160606302
160606336
160606411
160606425
160606445
160606456
160606457
160606465
160606508
160606538
160606566
160606568
160606592
160606620
160606628
160606638
160606641
160606651
160606659
160606662
160606676
160606695
160606711
160606737
160606740
160606742
160606756
160606784
160606794
160606854
160606859
160606888
160606894
160606902
160606918
160606919
160606949
160606953
160606961
160606990
160606994
160607002
160607013
160607036
160607048
160607057
160607082
160607085
160607112
160607147
160607152
160607171
160607228
160607247
160607249
160607351
160607359
160607386
160607401
160607402
160607418
160607425
160607428
160607438
160607457
160607475
160607480
160607510
160607528
160607557
160607569
160607595
160607636
160607684
160607700
160607702
160607712
160607755
160607793
160607814
160607841
160607880
160607900
160607901
160607922
160607923
160607941
160607986
160608006
160608018
160608036
160608042
160608054
160608056
160608062
160608074
160608123
160608138
160608201
160608215
160608234
160608242
160608266
160608267
160608269
160608279
160608289
160608298
160608314
160608371
160608418
160608431
160608485
160608532
160608533
160608555
160608618
160608624
160608649
160608661
160608663
160608678
160608703
160608750
160608769
160608779
160608800
160608809
160608814
160608830
160608831
160608896
160608902
160608915
160608919
160608922
160608998
160609018
160609019
160609026
160609060
160609076
160609107
160609163
160609179
160609191
160609197
160609243
160609263
160609306
160609307
160609326
160609327
160609360
160609372
160609453
160609519
160609546
160609588
160609597
160609599
160609636
1607
160700006
160700043
160700045
160700061
160700086
160700103
160700127
160700129
160700143
160700218
160700249
160700260
160700264
160700283
160700312
160700314
160700341
160700353
160700400
160700401
160700414
160700417
160700436
160700486
160700494
160700542
160700547
160700552
160700649
160700655
160700676
160700678
160700679
160700702
160700706
160700738
160700739
160700787
160700788
160700809
160700843
160700854
160700880
160700888
160700902
160700927
160700942
160701003
160701022
160701024
160701042
160701048
160701061
160701068
160701116
160701117
160701149
160701154
160701171
160701172
160701193
160701194
160701197
160701199
160701276
160701290
160701303
160701326
160701333
160701357
160701366
160701394
160701465
160701547
160701601
160701603
160701608
160701636
160701688
160701698
160701705
160701708
160701714
160701733
160701746
160701802
160701838
160701840
160701850
160701852
160701866
160701932
160701980
160702033
160702048
160702052
160702097
160702104
160702136
160702149
160702172
160702190
160702214
160702305
160702313
160702346
160702375
160702386
160702402
160702435
160702472
160702493
160702494
160702542
160702591
160702605
160702616
160702624
160702671
160702685
160702710
160702716
160702760
160702780
160702781
160702788
160702794
160702815
160702846
160702862
160702896
160702975
160702989
160703008
160703059
160703068
160703077
160703102
160703113
160703120
160703125
160703128
160703134
160703181
160703189
160703202
160703253
160703263
160703336
160703380
160703386
160703454
160703493
160703497
160703505
160703559
160703563
160703569
160703604
160703706
160703778
160703800
160703817
160703869
160703885
160703893
160703904
160703938
160703967
160703969
160703992
160704011
160704035
160704099
160704290
160704296
160704298
160704304
160704330
160704333
160704353
160704365
160704378
160704382
160704384
160704436
160704442
160704471
160704473
160704489
160704507
160704517
160704557
160704586
160704616
160704621
160704643
160704670
160704710
160704739
160704753
160704772
160704789
160704830
160704855
160704878
160704883
160704941
160704947
160704953
160704963
160705063
160705097
160705142
160705146
160705161
160705166
160705180
160705192
160705196
160705221
160705251
160705260
160705287
160705301
160705307
160705315
160705327
160705342
160705348
160705359
160705361
160705370
160705392
160705424
160705453
160705499
160705514
160705550
160705553
160705573
160705585
160705608
160705627
160705641
160705644
160705670
160705671
160705676
160705724
160705729
160705730
160705743
160705745
160705749
160705762
160705780
160705792
160705804
160705813
160705836
160705847
160705859
160705877
160705884
160705888
160705905
160705911
160705924
160705942
160705959
160705980
160705992
160706004
160706043
160706088
160706111
160706135
160706145
160706175
160706177
160706181
160706185
160706195
160706199
160706223
160706277
160706299
160706308
160706385
160706395
160706398
160706421
160706428
160706429
160706449
160706479
160706496
160706542
160706550
160706586
160706598
160706600
160706612
160706616
160706680
160706687
160706694
160706717
160706736
160706743
160706744
160706774
160706787
160706861
160706875
160706879
160706889
160706898
160706927
160706936
160706976
160706991
160707009
160707047
160707049
160707104
160707110
160707200
160707211
160707235
160707236
160707259
160707319
160707324
160707372
160707405
160707441
160707496
160707548
160707570
160707585
160707589
160707596
160707612
160707620
160707629
160707645
160707669
160707680
160707703
160707716
160707756
160707778
160707783
160707809
160707818
160707828
160707840
160707899
160707902
160707919
160707974
160708015
160708024
160708029
160708059
160708070
160708092
160708094
160708110
160708113
160708156
160708194
160708248
160708253
160708282
160708296
160708372
160708405
160708411
160708421
160708475
160708490
160708492
160708497
160708500
160708505
160708530
160708612
160708642
160708652
160708657
160708679
160708685
160708696
160708705
160708763
160708770
160708771
160708787
160708816
160708821
160708896
16070_charops
1607_Bristol_Channel_floods
1607_in_music
1607th_air_transport_wing
1608
160800007
160800016
160800032
160800100
160800133
160800147
160800152
160800193
160800206
160800336
160800377
160800379
160800391
160800399
160800404
160800409
160800413
160800436
160800471
160800506
160800530
160800556
160800575
160800597
160800614
160800642
160800690
160800706
160800715
160800719
160800734
160800835
160800885
160800986
160800987
160800989
160801006
160801010
160801030
160801051
160801056
160801061
160801076
160801094
160801110
160801119
160801140
160801142
160801162
160801171
160801213
160801220
160801227
160801257
160801414
160801450
160801498
160801502
160801509
160801522
160801582
160801640
160801643
160801680
160801743
160801757
160801859
160801896
160801926
160801950
160801961
160801963
160801990
160801997
160802007
160802019
160802046
160802047
160802055
160802071
160802081
160802113
160802123
160802131
160802165
160802167
160802180
160802184
160802295
160802319
160802363
160802407
160802410
160802422
160802439
160802479
160802496
160802545
160802565
160802573
160802574
160802581
160802599
160802620
160802641
160802694
160802702
160802731
160802732
160802775
160802781
160802830
160802844
160802850
160802887
160802905
160802910
160802914
160802917
160802933
160802944
160802972
160803072
160803079
160803096
160803126
160803153
160803181
160803197
160803212
160803223
160803226
160803237
160803369
160803380
160803392
160803411
160803419
160803444
160803485
160803487
160803498
160803563
160803567
160803579
160803642
160803655
160803658
160803707
160803711
160803732
160803764
160803788
160803804
160803822
160803836
160803844
160803849
160803850
160803861
160803866
160803885
160803896
160803903
160803940
160804002
160804003
160804007
160804010
160804050
160804104
160804133
160804242
160804255
160804267
160804270
160804292
160804323
160804365
160804376
160804392
160804399
160804425
160804427
160804437
160804501
160804514
160804560
160804570
160804581
160804602
160804658
160804679
160804705
160804729
160804753
160804779
160804787
160804788
160804815
160804867
160804926
160804955
160804956
160804963
160804982
160805002
160805010
160805111
160805115
160805123
160805141
160805178
160805188
160805195
160805207
160805229
160805241
160805364
160805367
160805388
160805412
160805432
160805468
160805471
160805473
160805530
160805537
160805548
160805566
160805601
160805603
160805607
160805610
160805626
160805632
160805671
160805676
160805680
160805681
160805683
160805703
160805704
160805725
160805728
160805731
160805737
160805784
160805816
160805817
160805831
160805964
160805996
160806007
160806014
160806038
160806044
160806057
160806072
160806093
160806113
160806134
160806157
160806167
160806168
160806178
160806186
160806205
160806242
160806269
160806270
160806288
160806294
160806295
160806311
160806314
160806376
160806378
160806399
160806411
160806520
160806523
160806524
160806563
160806572
160806604
160806617
160806628
160806664
160806702
160806732
160806759
160806787
160806795
160806808
160806844
160806845
160806867
160806905
160806913
160806917
160806936
160807050
160807085
160807128
160807154
160807188
160807206
160807217
160807222
160807228
160807256
160807289
160807381
160807391
160807413
160807430
160807432
160807436
160807442
160807445
160807478
160807489
160807502
160807515
160807568
160807576
160807614
160807674
160807726
160807728
160807745
160807813
160807841
160807872
160807933
160807941
160807953
160807970
160807973
160808026
160808060
160808096
160808126
160808160
160808183
160808191
160808198
160808222
160808229
160808231
160808242
160808256
160808259
160808265
160808328
160808337
160808364
160808382
160808402
160808423
160808453
160808473
160808545
160808564
160808574
160808578
160808581
160808603
160808605
160808612
160808627
160808638
160808643
160808644
160808648
160808666
160808717
160808747
160808781
160808787
160808788
160808789
160808817
160808831
160808845
160808862
160808881
160808918
160808974
1608_in_quebec
1609
160900012
160900015
160900048
160900069
160900102
160900107
160900128
160900134
160900182
160900184
160900186
160900237
160900248
160900251
160900259
160900270
160900282
160900292
160900305
160900325
160900340
160900364
160900376
160900399
160900419
160900428
160900452
160900461
160900462
160900509
160900512
160900542
160900589
160900594
160900654
160900667
160900679
160900694
160900735
160900749
160900759
160900772
160900779
160900782
160900837
160900839
160900858
160900859
160900862
160900883
160900899
160900906
160900936
160901002
160901015
160901049
160901052
160901060
160901082
160901085
160901105
160901114
160901134
160901153
160901165
160901194
160901204
160901212
160901237
160901241
160901280
160901311
160901378
160901414
160901418
160901470
160901567
160901595
160901635
160901675
160901697
160901713
160901714
160901786
160901791
160901841
160901845
160901862
160901865
160901913
160901928
160901954
160901976
160902010
160902052
160902061
160902094
160902097
160902103
160902112
160902131
160902168
160902174
160902181
160902182
160902204
160902207
160902213
160902221
160902237
160902263
160902281
160902319
160902379
160902436
160902445
160902449
160902465
160902478
160902489
160902518
160902522
160902535
160902536
160902540
160902581
160902591
160902604
160902627
160902693
160902694
160902695
160902715
160902718
160902735
160902739
160902744
160902754
160902759
160902763
160902773
160902777
160902783
160902861
160902898
160902911
160902926
160902935
160902940
160902981
160902990
160903010
160903017
160903026
160903069
160903071
160903084
160903094
160903116
160903117
160903148
160903169
160903239
160903260
160903276
160903302
160903332
160903348
160903368
160903373
160903377
160903380
160903387
160903416
160903424
160903473
160903496
160903510
160903554
160903575
160903580
160903623
160903634
160903664
160903665
160903670
160903671
160903709
160903739
160903766
160903768
160903774
160903785
160903789
160903892
160903929
160903932
160903946
160903947
160903948
160903999
160904007
160904040
160904042
160904048
160904137
160904139
160904160
160904166
160904179
160904181
160904220
160904229
160904251
160904253
160904272
160904273
160904318
160904319
160904331
160904345
160904347
160904359
160904454
160904458
160904460
160904470
160904484
160904503
160904508
160904523
160904568
160904587
160904593
160904623
160904658
160904694
160904695
160904729
160904750
160904762
160904779
160904856
160904892
160904902
160904914
160904927
160904938
160904947
160904956
160904984
160905004
160905018
160905021
160905022
160905046
160905054
160905082
160905188
160905223
160905242
160905285
160905296
160905312
160905347
160905373
160905389
160905417
160905446
160905456
160905477
160905493
160905508
160905520
160905524
160905556
160905582
160905608
160905670
160905730
160905738
160905748
160905754
160905824
160905825
160905827
160905835
160905844
160905911
160905970
160906003
160906006
160906019
160906025
160906064
160906152
160906157
160906163
160906167
160906169
160906192
160906195
160906228
160906236
160906265
160906298
160906308
160906310
160906313
160906317
160906366
160906370
160906386
160906401
160906497
160906535
160906571
160906603
160906606
160906636
160906637
160906674
160906705
160906708
160906729
160906796
160906821
160906837
160906869
160906931
160906952
160906955
160906999
160907010
160907025
160907036
160907037
160907075
160907102
160907182
160907214
160907235
160907299
160907300
160907308
160907384
160907386
160907419
160907424
160907426
160907455
160907456
160907464
160907500
160907533
160907562
160907568
160907633
160907695
160907783
160907790
160907822
160907841
160907843
160907860
160907873
160907878
160907884
160907945
160907950
160907973
160907977
160907995
160908002
160908020
160908033
160908039
160908043
160908052
160908093
160908135
160908144
160908169
160908194
160908223
160908224
160908228
160908273
160908287
160908288
160908310
160908317
160908318
160908379
160908388
160908413
160908420
160908421
160908444
160908448
160908461
160908503
160908541
160908558
160908570
160908595
160908606
160908626
160908634
160908657
160908658
160908678
160908682
160908707
160908708
160908752
160908758
160908812
160908830
160908861
160908966
160909007
160909018
160909046
160909051
160909082
160909143
160909234
160909241
160909269
160909288
160909289
160909307
160909344
160909349
160909376
160909379
160909397
160909402
160909403
160909438
160909450
160909460
160909474
160909475
160909489
160909508
160909553
160909563
160909573
160909575
160909597
160909692
160909705
160909709
160909732
160909749
160909781
160909788
160909848
160909853
160909855
1609_brenda
1609_in_quebec
1609_venice_haggadah
160_(number)
160_Size_Package_Shipping_Issues
160_ann_street_brisbane
160_minute_solar_cycle
160_mm_mortar_m1943
160_squadron_israel
160_tooley_street
160_transport_regiment_rlc
160_una
160plinear
160th_Infantry_Regiment_(United_States)
160th_Special_Operations_Aviation_Regiment_(Airborne)
160th_air_refueling_group
160th_anti_aircraft_missile_brigade_ukraine
160th_bruce_battalion_cef
160th_field_artillery_regiment_united_states
160th_fighter_squadron
160th_infantry_division_wehrmacht
160th_new_york_infantry_regiment
160th_new_york_state_legislature
160th_ohio_infantry_regiment
160th_regiment_royal_armoured_corps
160th_rifle_division_1940_formation
160th_rifle_division_1941_formation
160th_signal_brigade_united_states
160th_street_station
160v0
1610
161000011
161000069
161000082
161000092
161000093
161000101
161000120
161000141
161000152
161000154
161000156
161000181
161000184
161000197
161000199
161000200
161000210
161000218
161000236
161000313
161000314
161000315
161000330
161000333
161000339
161000355
161000416
161000425
161000462
161000464
161000524
161000556
161000569
161000581
161000585
161000621
161000635
161000685
161000703
161000756
161000762
161000768
161000780
161000839
161000883
161000901
161000904
161000908
161000939
161000953
161000960
161000971
161000976
161000990
161001029
161001054
161001056
161001141
161001182
161001188
161001189
161001204
161001224
161001235
161001328
161001336
161001370
161001394
161001398
161001413
161001417
161001422
161001423
161001429
161001456
161001462
161001463
161001533
161001547
161001556
161001579
161001595
161001624
161001635
161001641
161001648
161001653
161001717
161001738
161001747
161001783
161001787
161001816
161001830
161001831
161001832
161001849
161001860
161001882
161001890
161001898
161001934
161001945
161001965
161002017
161002037
161002044
161002047
161002050
161002089
161002096
161002102
161002113
161002121
161002132
161002134
161002150
161002182
161002186
161002196
161002233
161002279
161002299
161002307
161002414
161002448
161002466
161002474
161002546
161002597
161002607
161002656
161002672
161002697
161002746
161002792
161002817
161002820
161002826
161002836
161002851
161002860
161002878
161002884
161002885
161002913
161002919
161002924
161002929
161002952
161002958
161002970
161003004
161003007
161003008
161003010
161003040
161003092
161003098
161003108
161003149
161003200
161003235
161003250
161003253
161003264
161003295
161003307
161003312
161003319
161003346
161003399
161003403
161003434
161003436
161003439
161003446
161003457
161003478
161003493
161003514
161003572
161003641
161003661
161003666
161003695
161003701
161003725
161003735
161003770
161003781
161003793
161003828
161003850
161003862
161003873
161003881
161003883
161003925
161003931
161003940
161003943
161003953
161003982
161004007
161004009
161004012
161004033
161004085
161004102
161004119
161004141
161004159
161004161
161004163
161004168
161004181
161004194
161004252
161004278
161004330
161004363
161004386
161004391
161004407
161004426
161004440
161004498
161004499
161004515
161004522
161004532
161004540
161004546
161004597
161004612
161004670
161004705
161004708
161004737
161004752
161004771
161004779
161004787
161004807
161004822
161004840
161004862
161004885
161004921
161004925
161004966
161004984
161005008
161005023
161005036
161005042
161005093
161005165
161005181
161005183
161005192
161005204
161005246
161005250
161005258
161005270
161005296
161005298
161005369
161005391
161005441
161005444
161005470
161005475
161005506
161005513
161005532
161005592
161005647
161005687
161005707
161005722
161005723
161005737
161005762
161005786
161005823
161005874
161006026
161006072
161006088
161006103
161006107
161006131
161006133
161006135
161006141
161006151
161006153
161006188
161006260
161006307
161006354
161006356
161006364
161006387
161006411
161006417
161006427
161006463
161006473
161006477
161006485
161006531
161006554
161006559
161006568
161006589
161006605
161006642
161006650
161006712
161006753
161006800
161006805
161006821
161006828
161006843
161006851
161006868
161006919
161006956
161007070
161007073
161007087
161007089
161007136
161007156
161007173
161007198
161007210
161007222
161007303
161007310
161007314
161007328
161007343
161007364
161007373
161007377
161007393
161007436
161007442
161007455
161007457
161007506
161007508
161007531
161007540
161007556
161007561
161007562
161007568
161007578
161007592
161007611
161007663
161007668
161007738
161007756
161007765
161007823
161007845
161007847
161007862
161007874
161007878
161007879
161007880
161007887
161007916
161007942
161007951
161007965
161007983
161007998
161008015
161008031
161008053
161008076
161008100
161008102
161008134
161008138
161008190
161008207
161008211
161008212
161008220
161008229
161008246
161008282
161008304
161008315
161008318
161008329
161008336
161008338
161008343
161008361
161008363
161008386
161008408
161008466
161008478
161008487
161008492
161008514
161008531
161008539
161008540
161008564
161008585
161008607
161008623
161008628
161008660
161008678
161008698
161008719
161008760
161008761
161008762
161008766
161008804
161008807
161008811
161008838
161008840
161008861
161008925
161008927
161008934
161008975
161008986
161009013
161009022
161009047
161009066
161009077
161009084
161009102
161009112
161009133
161009138
161009187
161009190
161009192
161009218
161009225
161009235
161009239
161009302
161009346
161009370
161009415
161009434
161009468
161009476
161009478
161009498
161009520
161009521
161009522
161009566
161009575
161009629
161009655
161009677
161009684
161009694
161009725
161009774
161009779
161009781
161009797
161009804
161009809
161009833
161009836
161009846
161009847
161009887
161009913
161009914
161009928
161009977
161009998
161010021
161010065
161010067
161010076
161010090
1610_in_italy
1610_in_quebec
1610s_in_piracy
1610s_in_south_africa
1611
161100025
161100032
161100059
161100062
161100085
161100089
161100108
161100132
161100137
161100157
161100231
161100251
161100253
161100274
161100285
161100323
161100393
161100395
161100407
161100418
161100424
161100443
161100457
161100504
161100505
161100532
161100539
161100545
161100576
161100585
161100586
161100599
161100604
161100627
161100643
161100663
161100676
161100694
161100704
161100706
161100714
161100731
161100764
161100785
161100792
161100794
161100817
161100819
161100855
161100904
161100910
161100951
161100955
161100968
161100976
161100982
161100988
161101055
161101080
161101098
161101145
161101154
161101159
161101171
161101185
161101191
161101196
161101256
161101289
161101315
161101316
161101331
161101372
161101419
161101436
161101441
161101446
161101464
161101474
161101496
161101522
161101523
161101526
161101551
161101581
161101584
161101590
161101599
161101615
161101621
161101644
161101677
161101685
161101704
161101738
161101800
161101805
161101806
161101809
161101840
161101844
161101847
161101905
161101955
161101976
161102001
161102013
161102038
161102098
161102137
161102143
161102199
161102202
161102220
161102232
161102237
161102283
161102327
161102339
161102344
161102378
161102382
161102387
161102414
161102420
161102421
161102440
161102473
161102502
161102564
161102574
161102582
161102584
161102594
161102597
161102627
161102631
161102637
161102673
161102685
161102784
161102790
161102891
161102900
161102953
161102980
161102983
161103031
161103065
161103069
161103083
161103100
161103131
161103144
161103146
161103152
161103154
161103160
161103225
161103227
161103247
161103256
161103263
161103269
161103289
161103313
161103342
161103344
161103359
161103369
161103404
161103419
161103439
161103479
161103496
161103542
161103544
161103642
161103651
161103654
161103673
161103678
161103684
161103703
161103712
161103718
161103727
161103757
161103773
161103784
161103812
161103835
161103846
161103957
161103970
161103981
161104028
161104029
161104031
161104048
161104053
161104082
161104084
161104110
161104117
161104185
161104200
161104224
161104237
161104270
161104278
161104312
161104366
161104379
161104392
161104396
161104421
161104431
161104434
161104439
161104479
161104490
161104521
161104528
161104529
161104552
161104563
161104598
161104623
161104687
161104694
161104736
161104766
161104785
161104813
161104827
161104862
161104865
161104941
161104948
161104950
161104970
161105003
161105007
161105016
161105035
161105056
161105071
161105088
161105100
161105115
161105121
161105126
161105136
161105191
161105192
161105206
161105230
161105259
161105270
161105341
161105379
161105406
161105414
161105448
161105450
161105457
161105489
161105496
161105531
161105536
161105550
161105608
161105660
161105662
161105687
161105712
161105760
161105794
161105800
161105833
161105843
161105845
161105869
161105873
161105880
161105898
161105942
161105946
161105975
161106023
161106033
161106099
161106111
161106155
161106175
161106180
161106190
161106217
161106225
161106226
161106238
161106245
161106285
161106298
161106303
161106312
161106333
161106366
161106391
161106392
161106397
161106408
161106479
161106534
161106540
161106580
161106620
161106636
161106643
161106661
161106687
161106731
161106766
161106784
161106797
161106823
161106838
161106851
161106868
161106870
161106878
161106901
161106939
161106961
161106988
161106993
161107047
161107057
161107074
161107116
161107130
161107148
161107273
161107309
161107320
161107365
161107375
161107414
161107480
161107535
161107550
161107571
161107639
161107689
161107701
161107725
161107736
161107750
161107790
161107807
161107815
161107823
161107825
161107853
161107864
161107913
161107922
161107950
161107960
161107988
161108002
161108004
161108005
161108056
161108070
161108078
161108101
161108120
161108161
161108176
161108200
161108224
161108230
161108254
161108273
161108285
161108359
161108368
161108424
161108441
161108453
161108493
161108497
161108544
161108558
161108559
161108565
161108566
161108567
161108574
161108598
161108600
161108608
161108616
161108663
161108664
161108676
161108690
161108694
161108699
161108726
161108737
161108740
161108747
161108792
161108804
161108832
161108836
161108855
161108908
161108925
161108946
161108960
161108984
161108989
161109002
161109005
161109011
161109056
161109071
161109127
161109141
161109142
161109159
161109186
161109197
161109238
161109240
161109243
161109273
161109322
161109328
161109344
161109356
161109380
161109384
161109395
161109473
161109499
161109514
161109541
161109543
161109625
161109733
161109752
161109776
161109794
161109802
161109876
161109893
161109945
161109981
161110001
161110010
161110022
161110054
161110073
161110077
161110084
161110091
161110163
161110164
161110211
161110217
161110248
161110267
161110359
161110361
1611_aizu_earthquake
1611_beyer
1611_in_quebec
1611_sanriku_earthquake
1611th_air_transport_wing
1612
161200008
161200026
161200037
161200038
161200074
161200080
161200095
161200114
161200162
161200203
161200239
161200253
161200318
161200358
161200365
161200402
161200408
161200457
161200459
161200461
161200479
161200503
161200604
161200735
161200747
161200759
161200769
161200783
161200806
161200819
161200834
161200845
161200873
161200891
161200910
161200918
161200944
161200957
161200978
161200997
161201018
161201033
161201036
161201046
161201062
161201079
161201083
161201088
161201089
161201097
161201103
161201111
161201140
161201193
161201208
161201218
161201225
161201226
161201241
161201242
161201267
161201268
161201303
161201325
161201351
161201366
161201371
161201381
161201397
161201408
161201444
161201452
161201470
161201471
161201499
161201547
161201551
161201561
161201589
161201661
161201666
161201678
161201693
161201696
161201734
161201745
161201795
161201811
161201830
161201833
161201839
161201855
161201894
161201899
161201934
161201963
161202001
161202041
161202050
161202056
161202079
161202145
161202262
161202296
161202311
161202344
161202352
161202359
161202410
161202412
161202420
161202440
161202448
161202451
161202455
161202461
161202509
161202537
161202590
161202605
161202675
161202687
161202715
161202757
161202768
161202776
161202852
161202871
161202903
161202957
161202973
161202985
161202987
161202990
161203003
161203011
161203070
161203075
161203085
161203118
161203135
161203143
161203149
161203154
161203159
161203200
161203213
161203217
161203237
161203271
161203279
161203299
161203307
161203311
161203353
161203373
161203379
161203403
161203428
161203442
161203452
161203521
161203522
161203524
161203585
161203607
161203631
161203637
161203659
161203734
161203749
161203756
161203823
161203832
161203834
161203849
161203852
161203856
161203868
161203900
161203913
161203917
161203924
161203926
161203969
161204009
161204028
161204034
161204036
161204039
161204045
161204066
161204070
161204095
161204104
161204171
161204189
161204231
161204258
161204264
161204279
161204281
161204315
161204327
161204335
161204381
161204418
161204433
161204442
161204482
161204485
161204492
161204544
161204552
161204570
161204575
161204598
161204625
161204627
161204650
161204656
161204668
161204704
161204709
161204739
161204747
161204752
161204760
161204803
161204808
161204820
161204821
161204822
161204826
161204861
161204873
161204882
161204904
161204916
161204919
161204942
161204961
161204977
161205041
161205061
161205067
161205084
161205099
161205102
161205105
161205126
161205127
161205132
161205135
161205149
161205167
161205212
161205230
161205254
161205278
161205294
161205298
161205299
161205332
161205337
161205351
161205360
161205399
161205408
161205410
161205420
161205422
161205428
161205442
161205473
161205479
161205488
161205504
161205509
161205512
161205522
161205540
161205548
161205572
161205578
161205594
161205610
161205664
161205670
161205687
161205704
161205722
161205738
161205748
161205760
161205784
161205833
161205838
161205850
161205897
161205952
161205957
161205979
161206000
161206013
161206044
161206056
161206060
161206090
161206092
161206096
161206118
161206144
161206203
161206209
161206294
161206297
161206334
161206338
161206346
161206374
161206377
161206400
161206424
161206443
161206444
161206445
161206450
161206471
161206516
161206527
161206537
161206560
161206574
161206584
161206617
161206632
161206638
161206659
161206707
161206708
161206738
161206755
161206818
161206842
161206848
161206852
161206853
161206867
161206895
161206903
161206943
161206944
161206947
161206965
161206993
161207035
161207077
161207098
161207145
161207166
161207172
161207191
161207253
161207265
161207299
161207319
161207327
161207330
161207406
161207421
161207443
161207444
161207451
161207483
161207493
161207505
161207531
161207558
161207618
161207640
161207658
161207673
161207674
161207675
161207694
161207729
161207744
161207752
161207765
161207837
161207848
161207862
161207866
161207868
161207871
161207880
161207884
161207892
161207895
161207926
161207939
161207986
161208005
161208034
161208082
161208096
161208122
161208135
161208178
161208222
161208225
161208258
161208293
161208300
161208316
161208367
161208369
161208373
161208389
161208393
161208402
161208416
161208426
161208439
161208464
161208480
161208498
161208501
161208511
161208535
161208574
161208661
161208666
161208676
161208679
161208713
161208841
161208853
161208861
161208864
161208881
161208912
161208916
161208924
161208953
161208954
161208961
161208969
161208989
161208996
161209015
161209046
161209069
161209087
161209138
161209187
161209200
161209241
161209283
161209287
161209306
161209320
161209322
161209332
161209354
161209421
161209422
161209425
161209444
161209456
161209472
161209490
161209533
161209571
161209587
161209598
1612_(film)
1612_imperial_election
1612_in_india
1612_in_quebec
1613_in_quebec
1614_in_quebec
1614_low_german_bible
1615_bardwell
1615_in_quebec
1615_poydras
1616
1616_in_italy
1616_russian_brideshow
1616_walnut_street_building
1617_alschmitt
1617_in_quebec
1618
1618_in_quebec
1619
161989_cacus
1619_imperial_election
1619_ueta
1619_west_poplar
161PHartleyIRAS
161_(number)
161_Maiden_Lane
161_bc
161_lavender_street
161_squadron_israel
161_sussex_street_sydney
161_water_street
161_west_93rd_street
161st_Street–Yankee_Stadium_station
161st_huron_battalion_cef
161st_independent_reconnaissance_flight_australia
161st_indian_infantry_brigade
161st_infantry_division_wehrmacht
161st_intelligence_squadron
161st_mechanized_brigade_ukraine
161st_new_york_infantry_regiment
161st_new_york_state_legislature
161st_ohio_infantry_regiment
161st_street_bronx
161st_street_station_irt_third_avenue_line
1620
1620_l_street
1620_robben_island_earthquake
1620s_in_England
1620s_in_piracy
1620s_in_south_africa
1621
162173_Ryugu
1621_conclave
1621_druzhba
1622
1622_in_taiwan
1623
1623_conclave
1623_in_italy
1623_vivian
1624
1624_fez_earthquake
1624_in_italy
1625
1625_el_salvador_earthquake
1625_eye_street
1625_in_italy
1625_the_norc
1626_Kalinago–European_conflict
1626_girifalco_earthquake
1626_in_denmark
1626_in_italy
1626_in_spain
1626_influenza_pandemic
1626_lingqiu_earthquake
1626_university_of_cambridge_chancellor_election
1628_camarines_earthquake
1628_strobel
1628_tv_series
1629
1629_banda_sea_earthquake
1629_in_spain
1629–1631_Italian_plague
162_(number)
162_0_a_mets_perfect_season_(book)
162_0_a_phillies_perfect_season_(book)
162_Candles
162_bc
162_laurentia
162_medium_regiment_india
162d_depot_brigade_united_states
162nd_Division_(Israel)
162nd_Turkestan_Division
162nd_Virginia_General_Assembly
162nd_Wing
162nd_attack_squadron
162nd_combat_communications_group
162nd_fighter_aviation_regiment
162nd_infantry_brigade_united_states
162nd_infantry_division_wehrmacht
162nd_new_york_infantry_regiment
162nd_new_york_state_legislature
162nd_ohio_infantry_regiment
162nd_parry_sound_battalion_cef
162nd_rifle_division
162psiding_spring
1630
1630s_in_piracy
1630s_in_south_africa
1631_eruption_of_Mount_Vesuvius
1631_in_belgium
1631_kopff
1632_(novel)
1632_in_spain
1632_series
16330_khajoor_road
1633_chimay
1633_in_spain
1634_The_Galileo_Affair
1634_the_baltic_war
1634_the_bavarian_crisis
1634_the_ram_rebellion
1634_valletta_explosion
1635
1635_bohrmann
1635_the_cannon_law
1635_the_dreeson_incident
1635_the_eastern_front
1635_the_papal_stakes
1635_the_tangled_web
163693_atira
1636_imperial_election
1636_in_spain
1636_seas_of_fortune
1636_the_kremlin_games
1636_the_saxon_uprising
1637
1637_group
1637_swings
1638
1638_in_japan
1638_new_hampshire_earthquake
1638_ottoman_expedition_against_kelmendi
1639_amatrice_earthquake
1639_in_spain
1639_transit_of_Venus
163_(number)
163_medium_regiment_india
163_north_street_brighton
163d_aero_squadron
163pneat
163rd_Attack_Wing
163rd_Infantry_Division_(Wehrmacht)
163rd_battalion_french_canadian_cef
163rd_fighter_squadron
163rd_military_intelligence_battalion_united_states
163rd_mixed_heavy_anti_aircraft_regiment_royal_artillery
163rd_new_york_infantry_regiment
163rd_new_york_state_legislature
163rd_ohio_infantry_regiment
163rd_regiment_royal_armoured_corps
163rd_rifle_division
1640
1640s_in_piracy
1640s_in_south_africa
1641_caracas_earthquake
1641_in_portugal
1641_tabriz_earthquake
1642
164207_cardea
1642_yellow_river_flood
1644
1644_conclave
1644_in_portugal
1644_rafita
1645_luzon_earthquake
1646_in_china
1646_in_denmark
1646_programme_group
1646_rosseland
1647
1647_in_china
1647_menelaus
1647_north_american_influenza_epidemic
1647_programme_group
1647_santiago_earthquake
1648
1648_in_spain
1648_shajna
1649
1649_programme_group
164_(number)
164_bc
164_eva
164_scale
164pchristensen
164th_Regiment_(United_States)
164th_air_defense_artillery_brigade_united_states
164th_airlift_squadron
164th_aviation_group
164th_battalion_halton_and_dufferin_cef
164th_infantry_division_wehrmacht
164th_new_york_infantry_regiment
164th_new_york_state_legislature
164th_north_lancashire_brigade
164th_ohio_infantry_regiment
164th_radio_technical_brigade_ukraine
164th_rifle_division
1650
1650_heckmann
1650_programme_group
1650_uhr_ab_paddington_(book)
1650s
1650s_in_south_africa
1650–1700_in_Western_fashion
1651_behrens
1651_in_music
1651_programme_group
16525_shumarinaiko
1652_articles_of_peace_and_friendship
1653_imperial_election
1654_in_south_africa
1654_tianshui_earthquake
1655
16550_UART
1655_conclave
1655_in_south_africa
1656-papal-states-census
16560_daitor
1656_in_philosophy
1656_in_south_africa
1657
1657_in_south_africa
1657_ottoman_campaign_in_palestine
1657_roemera
1658_imperial_election
1658_in_philosophy
1658_in_south_africa
1659_calabria_earthquake
1659_in_china
1659_in_portugal
1659_in_south_africa
1659_punkaharju
165_(number)
165_bc
165_halsey_street
165_loreley
165_medium_regiment_india
165_port_and_maritime_regiment_rlc
165_series
165_squadron_republic_of_singapore_air_force
165_university_avenue
165_west_57th_street
165plinear
165th_air_support_operations_squadron
165th_airlift_squadron
165th_battalion_acadiens_cef
165th_infantry_brigade_united_states
165th_liverpool_brigade
165th_new_york_state_legislature
165th_ohio_infantry_regiment
165th_rifle_division
165th_street_bus_terminal
1660
1660_destruction_of_Safed
1660_destruction_of_tiberias
1660_in_japan
1660_in_south_africa
1660_state_of_emergency_in_denmark
1660_wood
1660s_in_piracy
1660s_in_south_africa
1661
1661_english_general_election
1661_in_south_africa
1662_in_china
1662_in_south_africa
1662_kanbun_earthquake
1663_in_china
1663_in_south_africa
1663_van_den_bos
1664
1664_(beer)
1664_in_china
1664_in_south_africa
1665
1665_celestial_phenomenon_over_stralsund
1665_gaby
1665_in_china
1665_in_music
1666
1666_in_china
1667_Dubrovnik_earthquake
1667_conclave
1667_shamakhi_earthquake
1668
1668_North_Anatolia_earthquake
1668_in_china
1668_shandong_earthquake
1669
1669_dagmar
1669_eruption_of_Mount_Etna
1669_in_china
166_(number)
166_bc
166_rhodope
166_squadron_israel
166pneat
166th_aero_squadron
166th_air_refueling_squadron
166th_aviation_brigade_united_states
166th_infantry_division_wehrmacht
166th_infantry_regiment_united_states
166th_newfoundland_field_artillery_regiment
166th_rifle_division
166th_south_lancashire_brigade
166th_street_station
1670
1670_(TV_series)
1670_broadway
1670_in_china
1670s_in_piracy
1670s_in_south_africa
1671_in_china
1672
1672_gezelle
1672_in_south_africa
1673_in_china
1674_ambon_earthquake_and_megatsunami
1674_in_china
1675_in_china
1675_in_japan
1675_simonida
16765_agnesi
1676_conclave
1676_in_china
1676_in_poetry
1677_construction_programme
1677_in_china
1677_tycho_brahe
1678-in-art
1678_in_china
1679_armenia_earthquake
1679_in_china
1679_sanhe_pinggu_earthquake
167_(number)
167_bc
167_regiment_rlc
167_series
167_urda
167pcineos
167th_1st_london_brigade
167th_Street_station_(IRT_Jerome_Avenue_Line)
167th_airlift_squadron
167th_airlift_wing
167th_infantry_regiment_united_states
167th_new_york_state_legislature
167th_ohio_infantry_regiment
167th_street_station_ind_concourse_line
167th_support_battalion_united_states
167th_theater_sustainment_command
167th_volksgrenadier_division
168
1680
16807
1680_in_china
1680_per_brahe
1680s_in_piracy
1681_english_general_election
1681_in_china
1681_steinmetz
1681_trondheim_fire
1682_in_china
1682_in_south_africa
1682_karel
1683
1683_castafiore
1683_in_japan
1683_in_taiwan
1683_trent_flood
1684_in_china
1685
1685_English_general_election
1685_in_china
1685_in_japan
1685_toro
1686_in_china
1686_in_italy
1686_in_portugal
1686_in_scotland
1686_makassar_revolt
16879_campai
1687_glarona
1687_in_china
1687_in_scotland
1687_peru_earthquake
1688
1688_Germantown_Quaker_Petition_Against_Slavery
1688_in_china
1688_in_scotland
1688_sannio_earthquake
1688_smyrna_earthquake
1688_wilkens
1689
1689_Boston_revolt
1689_conclave
1689_english_general_election
1689_in_china
168_(number)
168_Market
168_bc
168_books_to_change_your_life_(book)
168_field_regiment_india
168_film_project
168_hours_you_have_more_time_than_you_think_(book)
168_intermittent_fasting
168_stairs
168th_2nd_london_brigade
168th_Street_station_(New_York_City_Subway)
168th_aero_squadron
168th_air_refueling_squadron
168th_aviation_regiment_united_states
168th_battalion_oxfords_cef
168th_brigade_support_battalion
168th_field_artillery_regiment
168th_infantry_division_wehrmacht
168th_infantry_regiment_united_states
168th_military_police_battalion
168th_new_york_infantry_regiment
168th_new_york_state_legislature
168th_ohio_infantry_regiment
168th_rifle_division
168th_street_station_bmt_jamaica_line
168th_wing
1690
1690_english_general_election
1690_imperial_election
1690_in_china
1690_in_italy
1690s_in_south_africa
1691_conclave
1691_in_china
1691_in_italy
1691_in_piracy
1691_oort
1692
1692_Jamaica_earthquake
1692_in_china
1692_in_music
1692_in_piracy
1692_northwestern_europe_earthquake
1692_salta_earthquake
1692_subbotina
1693
1693_Sicily_earthquake
1693_hertzsprung
1693_in_china
1693_in_piracy
1693_programme_group
1694_in_china
1694_in_piracy
1694_kaiser
1694_programme_group
1695_english_general_election
1695_essex_witch_trial
1695_in_china
1695_in_italy
1695_in_piracy
1696
1696_in_piracy
1696_jacobite_assassination_plot
1696_nurmela
1697
16974_iphthime
1697_hertfordshire_hailstorm
1698_ambato_earthquake
1698_english_general_election
1699
1699_in_music
1699_java_earthquake
169_(number)
169_album
169_aspect_ratio
169_bc
169_km
169_mary_street_brisbane
169_medium_regiment_india
169_series
169_zelia
169th_3rd_london_brigade
169th_airlift_squadron
169th_aviation_regiment_united_states
169th_battalion_109th_regiment_cef
169th_field_artillery_brigade
169th_fighter_wing
169th_infantry_division_wehrmacht
169th_military_police_company
169th_new_york_state_legislature
169th_ohio_infantry_regiment
169th_rifle_division_soviet_union
169th_street_station_ind_queens_boulevard_line
169th_street_station_irt_third_avenue_line
16K_resolution
16PF_Questionnaire
16S_ribosomal_RNA
16_(magazine)
16_(number)
16_07_41_(book)
16_Biggest_Hits_(Johnny_Cash_album)
16_Biggest_Hits_(Johnny_Cash_and_June_Carter_Cash_album)
16_Blocks
16_Candles_(song)
16_Days_of_Activism_against_Gender-based_Violence
16_December_(film)
16_Divisions
16_GB_RAM_for_gaming
16_Greatest_Hits
16_Horsepower
16_January_2026_Baltic_Sea_Be-200_interception
16_Lovers_Lane
16_Martyrs_of_Japan
16_May_1877_crisis
16_May_Notification
16_Million_Brentwood_House
16_Most_Requested_Songs_(Johnny_Mathis_album)
16_Psyche
16_Vayathinile
16_Wishes
16_Years_of_Alcohol
16_acres
16_all_time_greatest_hits
16_alpha_hydroxyprogesterone_dehydratase
16_alpha_hydroxysteroid_dehydrogenase
16_altamont_terrace
16_and_Pregnant
16_aquarii
16_article_code
16_august_2012_iraq_attacks
16_aurigae
16_avenue_n
16_biggest_hits_alabama_album
16_biggest_hits_alan_jackson_album
16_biggest_hits_charlie_daniels_album
16_biggest_hits_clint_black_album
16_biggest_hits_diamond_rio_album
16_biggest_hits_george_jones_album
16_biggest_hits_john_denver_album
16_biggest_hits_merle_haggard_album
16_biggest_hits_ricky_van_shelton_album
16_biggest_hits_roy_orbison_album
16_biggest_hits_waylon_jennings_album
16_biggest_hits_willie_nelson_album
16_camelopardalis
16_carat_gold_tournament
16_carat_gold_tournament_2025
16_carriages
16_cell_honeycomb
16_cell_honeycomb_honeycomb
16_cephei
16_collyer_quay
16_cook_street
16_cygni
16_cygni_bb
16_days_in_afghanistan
16_days_of_glory
16_days_song
16_december_1989_boulevard
16_dehydropregnenolone_acetate
16_fantasy
16_fathoms_deep
16_handles
16_horsepower_ep
16_hudson
16_hydroxysteroid_epimerase
16_in_webster_groves
16_inch45_caliber_gun
16_inches_on_center_(book)
16_isnt_always_sweet_(book)
16_jours_a_vivre_(book)
16_june_2013_iraq_attacks
16_ketoestradiol
16_ketoestrone
16_lacertae
16_librae
16_lighthouse_road_(book)
16_lighthouse_road_cedar_cove_1_(book)
16_lunes_chroniques_des_enchanteurs_1_(book)
16_march_2022_chernihiv_breadline_attack
16_marsden_place_(book)
16_mistakes_singles_make_vol_1_a_guide_to_successful_dating_and_courtship_that_leads_to_bliss_(book)
16_mm_film
16_mm_scale
16_most_requested_songs_jo_stafford_album
16_mtamorphoses_dovide_(book)
16_novel
16_o_methylcafestol
16_persei
16_prince_street_peterhead
16_puppis
16_reception_depot
16_regina_field_ambulance
16_robin_album
16_sagittarii
16_serpentis
16_shots
16_sierra_mrt_station
16_sneaky_sound_system_song
16_squadron_saaf
16_stones
16_stones_raising_the_level_of_your_leadership_one_stone_at_a_time_(book)
16_tarinaa_toivosta_(book)
16_the_quest_for_dragon_mountain_(book)
16_things_i_thought_were_true_(book)
16_to_life
16_tv_series
16_uhr_50_ab_paddington_miss_marple_8_(book)
16_vayathinile_soundtrack
16_virginis
16_vulpeculae
16_ways_to_break_a_heart_(book)
16_ways_to_love_your_lover_(book)
16_wit_dre
16_wit_dre_vol_2
16_wives
16_word_guideline
16b
16bit_Sensation
16bit_band
16bo133
16ft_skiff
16m_Brentwood_Bungalow
16p112_deletion_syndrome
16p112_duplication_syndrome
16pbrooks
16s_rrna_cytosine1402_n4_methyltransferase
16s_rrna_cytosine1407_c5_methyltransferase
16s_rrna_cytosine967_c5_methyltransferase
16s_rrna_guanine1207_n2_methyltransferase
16s_rrna_guanine1405_n7_methyltransferase
16s_rrna_guanine527_n7_methyltransferase
16s_rrna_uracil1498_n3_methyltransferase
16th_(Irish)_Division
16th_Academy_Awards
16th_Annual_Grammy_Awards
16th_Armored_Division_(United_States)
16th_Army_(Wehrmacht)
16th_Asian_Film_Awards
16th_Aviation_Brigade_(Australia)
16th_BRICS_Summit
16th_British_Academy_Games_Awards
16th_Combat_Aviation_Brigade_(United_States)
16th_Congress_of_the_Polisario_Front
16th_Golden_Raspberry_Awards
16th_Infantry_Division_(Wehrmacht)
16th_Infantry_Regiment_(United_States)
16th_Karnataka_Assembly
16th_Lok_Sabha
16th_Mechanised_Division_(Poland)
16th_Military_Police_Brigade_(United_States)
16th_Parliament_of_Sri_Lanka
16th_Punjab_Assembly
16th_Rajasthan_Assembly
16th_Regiment_Royal_Artillery
16th_SS_Panzergrenadier_Division_Reichsführer-SS
16th_Sabah_State_Legislative_Assembly
16th_Screen_Actors_Guild_Awards
16th_Seiyu_Awards
16th_Special_Operations_Squadron
16th_Street_Baptist_Church
16th_Street_Baptist_Church_bombing
16th_Street_Mall
16th_Street_NW
16th_Street_station_(Oakland)
16th_Tamil_Nadu_Assembly
16th_The_Queen's_Lancers
16th_United_States_Congress
16th_Uttar_Pradesh_Assembly
16th_aarp_movies_for_grownups_awards
16th_academy_of_country_music_awards
16th_actors_and_actresses_union_awards
16th_africa_movie_academy_awards
16th_air_army
16th_air_expeditionary_wing
16th_air_squadron_indonesia
16th_air_support_operations_squadron
16th_airborne_division
16th_airlift_squadron
16th_alberta_legislature
16th_and_25th_consolidated_louisiana_infantry_regiment
16th_and_L_Streets_crash
16th_annual_dice_awards
16th_annual_latin_grammy_awards
16th_antalya_golden_orange_film_festival
16th_antiaircraft_artillery_battalion
16th_arabian_gulf_cup
16th_ariel_awards
16th_arizona_state_legislature
16th_arizona_territorial_legislature
16th_arkansas_infantry_regiment
16th_armoured_division_iran
16th_army_aviation_brigade_ukraine
16th_army_corps_france
16th_army_corps_russian_empire
16th_army_corps_ukraine
16th_army_rsfsr
16th_army_soviet_union
16th_arrondissement_of_Paris
16th_artillery_brigade_ukraine
16th_artillery_division
16th_asia_pacific_screen_awards
16th_asianet_film_awards
16th_attack_squadron_philippine_air_force
16th_avenue_bailey_bridge
16th_avenue_records
16th_avenue_song
16th_avenue_tiled_steps
16th_avn_awards
16th_bangladesh_national_film_awards
16th_battalion_canadian_scottish_cef
16th_berlin_international_film_festival
16th_bombardment_group
16th_bombardment_operational_training_wing
16th_brigade_australia
16th_california_and_16th_stout_stations
16th_canadian_comedy_awards
16th_canadian_film_awards
16th_canadian_light_horse
16th_canadian_ministry
16th_canadian_parliament
16th_cavalry_division_russian_empire
16th_cavalry_regiment
16th_central_commission_for_discipline_inspection
16th_central_committee_of_the_chinese_communist_party
16th_century
16th_century_BC
16th_century_basque_literature
16th_century_in_literature
16th_century_in_north_american_history
16th_century_russian_wedding
16th_coast_artillery_united_states
16th_congress_of_the_all_union_communist_party_bolsheviks
16th_congress_of_the_philippines
16th_connecticut_infantry_regiment
16th_cook_islands_parliament
16th_delaware_general_assembly
16th_directors_guild_of_america_awards
16th_district_of_budapest
16th_division_german_empire
16th_division_imperial_japanese_army
16th_division_spain
16th_division_united_states
16th_division_yugoslav_partisans
16th_electromagnetic_warfare_squadron
16th_empire_awards
16th_engineer_battalion_united_states
16th_engineer_brigade_united_states
16th_european_film_awards
16th_fai_world_precision_flying_championship
16th_fajr_international_film_festival
16th_federal_electoral_district_of_jalisco
16th_federal_electoral_district_of_mexico_city
16th_federal_electoral_district_of_the_state_of_mexico
16th_federal_electoral_district_of_veracruz
16th_field_artillery_regiment
16th_field_battery_royal_australian_artillery
16th_filmfare_awards
16th_filmfare_awards_south
16th_g7_summit
16th_gcc_club_championship
16th_general_assembly_of_newfoundland
16th_genie_awards
16th_gma_dove_awards
16th_golden_horse_awards
16th_golden_rooster_awards
16th_greater_poland_uhlan_regiment
16th_grey_cup
16th_gs_caltex_cup
16th_guards_fighter_aviation_division
16th_guards_rifle_division
16th_guards_spetsnaz_brigade
16th_hawaii_territorial_legislature
16th_helpmann_awards
16th_hong_kong_film_awards
16th_illinois_infantry_regiment
16th_independent_armoured_brigade
16th_independent_battery_indiana_light_artillery
16th_independent_spirit_awards
16th_indian_division
16th_indiana_infantry_regiment
16th_infantry_brigade_israel
16th_infantry_brigade_united_kingdom
16th_infantry_division_belgium
16th_infantry_division_france
16th_infantry_division_russian_empire
16th_international_emmy_awards
16th_iowa_infantry_regiment
16th_irish_film_television_awards
16th_japan_film_professional_awards
16th_japan_record_awards
16th_jogja_netpac_asian_film_festival
16th_kansas_cavalry_regiment
16th_kansas_militia_infantry_regiment
16th_karmapa_rangjung_rigpe_dorje
16th_kentucky_cavalry_regiment
16th_kentucky_infantry_regiment
16th_krajina_motorized_brigade
16th_land_of_tarnow_infantry_regiment
16th_legislature_of_the_French_Fifth_Republic
16th_legislature_of_the_third_portuguese_republic
16th_light_cavalry
16th_locarno_film_festival
16th_london_turkish_film_festival
16th_louisiana_infantry_regiment
16th_maine_infantry_regiment
16th_manitoba_legislature
16th_massachusetts_battery
16th_massachusetts_infantry_regiment
16th_massachusetts_regiment
16th_mechanized_infantry_division_greece
16th_meril_prothom_alo_awards
16th_minesweeping_squadron_australia
16th_mississippi_infantry_regiment
16th_missouri_infantry_regiment
16th_moscow_international_film_festival
16th_motor_rifle_division_bulgaria
16th_national_congress_of_the_kuomintang
16th_national_film_awards
16th_national_geographic_bee
16th_national_television_awards
16th_new_brunswick_legislature
16th_new_hampshire_infantry_regiment
16th_new_york_cavalry_regiment
16th_new_york_heavy_artillery_regiment
16th_new_york_infantry_regiment
16th_new_zealand_parliament
16th_niue_assembly
16th_northwest_territories_legislative_assembly
16th_ohio_independent_light_artillery_battery
16th_ohio_infantry_regiment
16th_oklahoma_legislature
16th_oto_awards
16th_panzer_division
16th_parachute_brigade_united_kingdom
16th_parachute_field_ambulance
16th_parliament_of_british_columbia
16th_parliament_of_ontario
16th_parliament_of_turkey
16th_pennsylvania_cavalry_regiment
16th_photographic_squadron
16th_politburo_of_the_chinese_communist_party
16th_politburo_standing_committee_of_the_chinese_communist_party
16th_producers_guild_of_america_awards
16th_psychological_and_information_warfare_center_ukraine
16th_punjab_regiment
16th_quebec_legislature
16th_rajputs_the_lucknow_regiment
16th_regiment_royal_australian_artillery
16th_reserve_division_german_empire
16th_rifle_corps
16th_rifle_division
16th_satellite_awards
16th_saturn_awards
16th_scripps_national_spelling_bee
16th_secretariat_of_the_chinese_communist_party
16th_seduction_womens_murder_club_16_(book)
16th_seduction_womens_murder_club_16_novel
16th_senegalese_tirailleurs_regiment
16th_seoul_international_drama_awards
16th_september_painting
16th_service_battalion_rifle_brigade_st_pancras
16th_service_battalion_sherwood_foresters_chatsworth_rifles
16th_special_troops_battalion
16th_ss_police_regiment
16th_staffords_parachute_battalion
16th_street_bridge_washington_dc
16th_street_express
16th_street_line
16th_street_mission_station
16th_street_park
16th_street_station_bmt_fifth_avenue_line
16th_support_regiment_ukraine
16th_tank_division_soviet_union
16th_texas_legislature
16th_tvynovelas_awards
16th_united_states_colored_infantry_regiment
16th_utah_territorial_legislature
16th_vanier_cup
16th_venice_international_film_festival
16th_vermont_infantry_regiment
16th_vietnam_film_festival
16th_virginia_cavalry_regiment
16th_virginia_infantry_regiment
16th_visual_effects_society_awards
16th_volksgrenadier_division
16th_ward_of_new_orleans
16th_weapons_squadron
16th_wisconsin_infantry_regiment
16th_wisconsin_legislature
16th_world_economic_forum_on_africa
16th_world_scout_jamboree
16th_writers_guild_of_america_awards
16th_yokohama_film_festival
16th_yukon_territorial_council
16thingsithoughtweretrue_(book)
16v0
16volt
16vsb
16–25_Railcard
17-11-70
17-4_stainless_steel
17-Hydroxyprogesterone
17-Mile_Drive
17-animal_inheritance_puzzle
17-meter-band
17-sai.
170
1700
17000_feet_a_story_of_rebirth_(book)
17000_feet_a_story_of_rebirth_novel
1700_Cascadia_earthquake
1700_conclave
1700_east_56th_street
1700_in_japan
1700_in_philosophy
1700_market
1700_naval_air_squadron
1700_scale
1700_scenes_from_london_life_(book)
1700_tv_series
1700_zvezdara
1700s_(decade)
1700s_in_south_africa
1700th_air_transport_group
1700–1750_in_Western_fashion
1701
170100020
170100050
170100062
170100069
170100121
170100146
170100150
170100208
170100213
170100215
170100237
170100246
170100259
170100271
170100290
170100296
170100349
170100352
170100354
170100386
170100410
170100421
170100443
170100451
170100506
170100510
170100546
170100582
170100657
170100666
170100702
170100723
170100783
170100789
170100833
170100857
170100864
170100882
170100887
170100891
170100947
170100956
170100989
170100999
170101009
170101017
170101035
170101041
170101046
170101049
170101051
170101110
170101116
170101156
170101165
170101177
170101229
170101257
170101294
170101313
170101329
170101361
170101381
170101426
170101430
170101453
170101473
170101497
170101503
170101509
170101547
170101563
170101643
170101660
170101679
170101683
170101729
170101756
170101760
170101781
170101784
170101785
170101791
170101796
170101831
170101834
170101850
170101855
170101858
170101873
170101879
170101882
170101895
170101898
170101914
170101924
170101927
170101938
170101960
170101962
170101971
170101973
170101974
170102016
170102046
170102051
170102081
170102084
170102089
170102096
170102127
170102151
170102163
170102166
170102188
170102194
170102204
170102209
170102244
170102253
170102265
170102291
170102300
170102311
170102370
170102376
170102387
170102398
170102420
170102429
170102430
170102508
170102524
170102533
170102547
170102550
170102594
170102609
170102681
170102696
170102719
170102731
170102738
170102804
170102831
170102834
170102853
170102862
170102872
170102880
170102883
170102896
170102915
170102922
170102945
170102953
170102960
170102977
170102993
170103009
170103011
170103013
170103021
170103044
170103047
170103058
170103079
170103088
170103094
170103097
170103163
170103191
170103196
170103212
170103223
170103249
170103262
170103263
170103269
170103278
170103285
170103299
170103308
170103316
170103381
170103398
170103417
170103425
170103441
170103443
170103493
170103526
170103536
170103547
170103557
170103574
170103576
170103580
170103590
170103611
170103630
170103631
170103638
170103642
170103674
170103699
170103714
170103718
170103722
170103728
170103734
170103749
170103780
170103783
170103786
170103792
170103908
170103925
170103960
170103994
170104015
170104032
170104037
170104072
170104075
170104097
170104118
170104134
170104135
170104148
170104174
170104184
170104201
170104202
170104243
170104288
170104305
170104322
170104338
170104341
170104354
170104361
170104395
170104407
170104409
170104472
170104480
170104481
170104497
170104499
170104505
170104537
170104615
170104638
170104646
170104652
170104654
170104688
170104698
170104703
170104706
170104818
170104824
170104829
170104840
170104887
170104890
170104908
170104916
170104921
170104925
170105039
170105083
170105104
170105131
170105132
170105146
170105170
170105189
170105225
170105312
170105331
170105345
170105357
170105402
170105408
170105425
170105431
170105488
170105497
170105499
170105513
170105544
170105553
170105641
170105656
170105696
170105699
170105702
170105716
170105732
170105746
170105797
170105801
170105815
170105819
170105878
170105894
170105907
170105925
170105938
170105956
170105969
170105980
170105989
170106064
170106118
170106130
170106134
170106135
170106199
170106201
170106216
170106224
170106228
170106241
170106274
170106337
170106344
170106361
170106399
170106411
170106424
170106432
170106449
170106478
170106500
170106529
170106544
170106547
170106550
170106555
170106578
170106590
170106639
170106647
170106655
170106660
170106687
170106697
170106729
170106735
170106743
170106772
170106834
170106839
170106865
170106872
170106905
170106929
170106941
170106952
170106974
170106979
170107003
170107017
170107078
170107080
170107084
170107092
170107153
170107162
170107221
170107260
170107273
170107279
170107309
170107330
170107403
170107433
170107465
170107478
170107499
170107516
170107519
170107524
170107563
170107581
170107591
170107595
170107630
170107651
170107653
170107663
170107708
170107730
170107734
170107749
170107755
170107836
170107892
170107902
170107916
170107920
170107939
170107966
170107968
170107991
170108000
170108010
170108014
170108027
170108074
170108098
170108106
170108119
170108127
170108133
170108140
170108143
170108164
170108173
170108174
170108182
170108203
170108220
170108234
170108246
170108255
170108278
170108287
170108313
170108376
170108395
170108423
170108444
170108450
170108462
170108474
170108484
170108487
170108511
170108554
170108556
170108582
170108617
170108657
170108663
170108681
170108718
170108732
170108738
170108752
170108766
170108797
170108818
170108852
170108875
170108909
170108955
170108959
170109046
170109047
170109062
170109099
170109115
170109121
1701_naval_air_squadron
1701_pennsylvania_avenue
1701_taunton_by_election
1701_to_1725_in_sports
1701st_air_transport_wing
1702
170200039
170200045
170200060
170200085
170200115
170200161
170200178
170200199
170200202
170200219
170200222
170200231
170200256
170200281
170200294
170200313
170200332
170200343
170200348
170200381
170200433
170200468
170200519
170200540
170200555
170200556
170200573
170200599
170200615
170200618
170200662
170200666
170200669
170200671
170200679
170200690
170200711
170200731
170200749
170200755
170200766
170200784
170200787
170200811
170200833
170200838
170200841
170200855
170200883
170200904
170200938
170200952
170200959
170200961
170200984
170201010
170201023
170201043
170201046
170201123
170201135
170201146
170201173
170201219
170201229
170201300
170201368
170201396
170201407
170201432
170201438
170201556
170201561
170201611
170201670
170201710
170201758
170201768
170201782
170201810
170201835
170201842
170201847
170201868
170201870
170201952
170201970
170201971
170201992
170202002
170202027
170202093
170202159
170202197
170202198
170202200
170202211
170202222
170202248
170202279
170202325
170202356
170202357
170202409
170202438
170202492
170202497
170202576
170202585
170202591
170202617
170202618
170202626
170202632
170202638
170202651
170202717
170202723
170202764
170202813
170202824
170202825
170202843
170202861
170202871
170202889
170202899
170202905
170202911
170202919
170202939
170202941
170202949
170202971
170202995
170203012
170203039
170203052
170203134
170203137
170203138
170203145
170203158
170203163
170203258
170203291
170203310
170203322
170203336
170203365
170203392
170203409
170203410
170203437
170203443
170203467
170203500
170203539
170203598
170203601
170203650
170203678
170203685
170203689
170203703
170203704
170203722
170203733
170203748
170203777
170203883
170203890
170203931
170203963
170203970
170204021
170204022
170204039
170204054
170204145
170204154
170204166
170204270
170204273
170204285
170204346
170204354
170204364
170204389
170204398
170204404
170204407
170204453
170204457
170204464
170204474
170204490
170204491
170204494
170204527
170204546
170204558
170204561
170204593
170204603
170204628
170204629
170204662
170204663
170204665
170204678
170204700
170204713
170204728
170204735
170204740
170204752
170204770
170204776
170204799
170204869
170204880
170204887
170204911
170204917
170204926
170204932
170204947
170204953
170204985
170204987
170204992
170205004
170205031
170205045
170205053
170205055
170205062
170205111
170205130
170205152
170205190
170205254
170205277
170205290
170205308
170205334
170205389
170205397
170205414
170205428
170205456
170205470
170205479
170205489
170205491
170205539
170205545
170205575
170205609
170205613
170205621
170205623
170205627
170205635
170205639
170205648
170205663
170205666
170205668
170205671
170205719
170205756
170205771
170205774
170205785
170205799
170205802
170205804
170205827
170205865
170205898
170205902
170205913
170205940
170205945
170205953
170205958
170205972
170205983
170206072
170206150
170206268
170206292
170206315
170206347
170206357
170206391
170206396
170206408
170206425
170206454
170206471
170206472
170206555
170206583
170206596
170206621
170206643
170206694
170206712
170206822
170206838
170206878
170206888
170206920
170206942
170206989
170206994
170206999
170207039
170207043
170207078
170207096
170207098
170207123
170207161
170207205
170207230
170207254
170207257
170207260
170207268
170207315
170207331
170207337
170207338
170207347
170207414
170207418
170207446
170207454
170207465
170207494
170207530
170207641
170207660
170207679
170207743
170207751
170207758
170207762
170207779
170207794
170207855
170207859
170207874
170207885
170207920
170207924
170207998
170208011
170208022
170208024
170208042
170208056
170208072
170208079
170208097
170208116
170208118
170208119
170208155
170208177
170208189
170208207
170208237
170208242
170208277
170208339
170208348
170208362
170208398
170208412
170208457
170208488
170208530
170208531
170208549
170208594
170208623
170208638
170208639
170208677
170208700
170208730
170208763
170208771
170208797
170208823
170208861
170208871
170208876
170208891
1702_english_general_election
1702_scottish_general_election
1703
170300032
170300053
170300084
170300094
170300095
170300144
170300207
170300262
170300279
170300299
170300346
170300348
170300387
170300420
170300432
170300443
170300453
170300459
170300461
170300463
170300471
170300503
170300515
170300537
170300571
170300580
170300584
170300597
170300731
170300786
170300845
170300860
170300877
170300878
170300887
170300932
170300940
170300948
170300951
170301001
170301013
170301041
170301045
170301079
170301086
170301140
170301153
170301163
170301245
170301268
170301276
170301291
170301330
170301366
170301373
170301409
170301412
170301456
170301457
170301475
170301476
170301498
170301574
170301594
170301604
170301613
170301702
170301774
170301781
170301823
170301883
170301923
170301948
170301951
170301973
170301974
170301983
170302028
170302070
170302080
170302081
170302092
170302126
170302162
170302170
170302186
170302193
170302198
170302199
170302216
170302253
170302269
170302290
170302296
170302325
170302363
170302368
170302395
170302396
170302411
170302418
170302421
170302435
170302436
170302481
170302489
170302499
170302507
170302548
170302550
170302559
170302568
170302581
170302614
170302644
170302676
170302687
170302712
170302722
170302723
170302738
170302756
170302758
170302865
170302878
170302896
170302972
170303040
170303042
170303071
170303099
170303100
170303104
170303145
170303154
170303184
170303247
170303263
170303281
170303298
170303330
170303345
170303377
170303393
170303406
170303410
170303452
170303453
170303454
170303517
170303532
170303543
170303590
170303621
170303633
170303645
170303664
170303672
170303683
170303698
170303720
170303755
170303763
170303795
170303796
170303819
170303851
170303853
170303870
170303871
170303909
170303932
170303936
170303986
170303991
170304020
170304024
170304033
170304070
170304080
170304131
170304133
170304152
170304159
170304161
170304164
170304193
170304220
170304283
170304284
170304285
170304291
170304294
170304297
170304308
170304347
170304354
170304359
170304366
170304421
170304443
170304448
170304536
170304589
170304628
170304761
170304798
170304803
170304810
170304815
170304856
170304875
170304884
170304913
170304974
170304979
170305013
170305038
170305040
170305126
170305139
170305150
170305182
170305186
170305219
170305237
170305307
170305351
170305359
170305364
170305366
170305378
170305405
170305417
170305435
170305438
170305490
170305503
170305517
170305532
170305538
170305574
170305588
170305593
170305606
170305630
170305637
170305691
170305787
170305800
170305806
170305825
170305846
170305859
170305864
170305868
170305897
170305918
170305921
170305930
170305932
170305933
170305954
170305983
170305995
170306004
170306032
170306053
170306058
170306061
170306109
170306123
170306170
170306201
170306232
170306238
170306261
170306314
170306360
170306396
170306484
170306543
170306554
170306564
170306580
170306609
170306617
170306630
170306639
170306659
170306666
170306695
170306705
170306707
170306712
170306723
170306775
170306779
170306803
170306821
170306921
170306942
170306955
170306956
170307107
170307121
170307125
170307138
170307193
170307197
170307214
170307222
170307238
170307244
170307252
170307292
170307294
170307295
170307324
170307334
170307335
170307350
170307353
170307379
170307394
170307400
170307404
170307415
170307522
170307527
170307534
170307613
170307626
170307633
170307689
170307718
170307721
170307754
170307758
170307776
170307780
170307830
170307834
170307848
170307881
170307885
170307890
170307897
170307914
170307922
170307929
170307936
170307979
170307989
170308009
170308029
170308034
170308038
170308054
170308068
170308082
170308086
170308151
170308162
170308170
170308191
170308194
170308228
170308270
170308280
170308309
170308330
170308374
170308415
170308438
170308449
170308470
170308517
170308551
170308561
170308587
170308604
170308624
170308626
170308628
170308654
170308665
170308668
170308692
170308714
170308718
170308728
170308739
170308746
170308760
170308782
170308799
170308803
170308813
170308855
170308867
170308887
170308893
170308907
170308912
170308914
170308925
170308946
170309024
170309063
170309066
170309122
170309141
170309162
170309175
170309187
170309190
170309212
170309217
170309230
170309249
170309264
170309285
170309286
170309304
170309311
170309327
170309340
170309395
170309410
170309435
170309508
170309509
170309525
170309527
170309558
170309563
170309575
170309712
170309731
170309737
170309770
170309783
170309786
170309805
170309808
170309853
170309871
170309882
170309976
170309979
170310042
170310072
170310109
170310123
170310124
170310126
170310131
170310133
170310135
170310152
170310180
170310206
170310213
170310221
170310225
170310227
170310241
170310269
170310300
170310334
170310335
170310352
170310419
170310427
170310440
170310443
170310458
170310463
170310467
170310480
170310486
170310500
170310508
170310526
170310527
170310566
170310576
170310584
170310670
170310704
170310711
170310733
170310736
170310745
170310755
170310764
170310791
170310801
170310834
170310844
170310865
170310889
170310899
170310920
170310941
170310993
170311004
1703_barry
1703_icelandic_census
1703_in_japan
1703_in_piracy
1703_naval_air_squadron
1703rd_air_transport_group
1704
170400014
170400031
170400058
170400078
170400099
170400129
170400140
170400152
170400177
170400227
170400228
170400235
170400261
170400302
170400433
170400535
170400541
170400543
170400600
170400652
170400680
170400699
170400703
170400727
170400732
170400832
170400850
170400854
170400875
170400896
170400907
170400909
170400914
170400918
170400935
170400957
170400968
170400979
170400986
170400998
170401039
170401053
170401066
170401077
170401095
170401112
170401132
170401156
170401170
170401245
170401247
170401260
170401265
170401279
170401289
170401301
170401318
170401321
170401336
170401362
170401464
170401478
170401491
170401518
170401519
170401547
170401551
170401554
170401586
170401593
170401613
170401645
170401655
170401682
170401691
170401694
170401697
170401714
170401719
170401758
170401782
170401800
170401803
170401828
170401865
170401872
170401902
170401913
170401921
170401922
170401934
170401954
170402022
170402033
170402036
170402062
170402063
170402065
170402067
170402072
170402080
170402099
170402104
170402128
170402250
170402264
170402285
170402335
170402384
170402415
170402454
170402506
170402530
170402553
170402559
170402610
170402757
170402765
170402777
170402785
170402846
170402888
170402907
170402911
170402922
170402929
170402959
170402977
170402985
170403045
170403070
170403071
170403164
170403224
170403226
170403234
170403256
170403274
170403284
170403337
170403348
170403356
170403371
170403372
170403400
170403401
170403408
170403428
170403432
170403444
170403467
170403540
170403543
170403546
170403559
170403562
170403569
170403583
170403616
170403622
170403628
170403643
170403658
170403666
170403864
170403909
170403940
170404057
170404063
170404118
170404125
170404148
170404151
170404176
170404292
170404314
170404342
170404348
170404363
170404367
170404380
170404382
170404453
170404463
170404502
170404511
170404525
170404539
170404577
170404594
170404605
170404646
170404682
170404686
170404701
170404729
170404768
170404769
170404816
170404818
170404842
170404863
170404878
170404880
170404911
170404913
170404914
170404915
170404939
170404948
170404960
170404986
170404993
170405007
170405055
170405065
170405075
170405077
170405081
170405088
170405093
170405094
170405112
170405127
170405140
170405196
170405200
170405219
170405272
170405325
170405370
170405372
170405395
170405415
170405423
170405428
170405490
170405498
170405563
170405570
170405593
170405607
170405616
170405619
170405622
170405624
170405644
170405660
170405670
170405701
170405774
170405784
170405795
170405798
170405852
170405864
170405900
170405925
170405930
170405939
170405978
170405996
170406060
170406062
170406076
170406128
170406154
170406159
170406238
170406279
170406284
170406319
170406327
170406334
170406338
170406347
170406351
170406395
170406404
170406495
170406526
170406530
170406555
170406571
170406579
170406612
170406636
170406691
170406746
170406755
170406756
170406759
170406776
170406786
170406789
170406847
170406848
170406850
170406857
170406862
170406886
170406905
170406909
170406913
170406923
170406936
170406955
170406959
170406969
170406972
170406983
170407006
170407013
170407025
170407102
170407131
170407144
170407164
170407170
170407179
170407203
170407240
170407241
170407255
170407284
170407288
170407311
170407318
170407372
170407374
170407381
170407384
170407404
170407481
170407501
170407526
170407589
170407593
170407599
170407610
170407611
170407639
170407660
170407668
170407693
170407710
170407727
170407738
170407772
170407780
170407797
170407808
170407812
170407852
170407860
170407880
170407884
170407902
170407918
170407961
170407964
170407988
170407999
170408030
170408031
170408050
170408058
170408060
170408070
170408078
170408089
170408094
170408105
170408201
170408206
170408218
170408222
170408243
170408244
170408272
170408331
170408337
170408345
170408371
170408373
170408374
170408435
170408454
170408516
170408528
170408578
170408581
170408599
170408611
170408614
170408624
170408637
170408666
170408686
170408701
170408715
170408718
170408721
170408731
170408806
170408833
170408897
170408912
170408919
170408935
170408937
170408983
170409008
170409012
170409017
1704_wachmann
170500012
170500028
170500034
170500053
170500059
170500060
170500071
170500076
170500080
170500088
170500122
170500131
170500156
170500184
170500220
170500286
170500288
170500318
170500336
170500355
170500358
170500366
170500373
170500404
170500419
170500422
170500423
170500424
170500529
170500535
170500558
170500566
170500615
170500647
170500700
170500704
170500709
170500722
170500740
170500764
170500773
170500774
170500786
170500797
170500817
170500824
170500848
170500883
170500885
170500901
170500928
170500932
170500938
170500944
170500986
170500991
170500993
170501006
170501088
170501112
170501113
170501135
170501158
170501178
170501199
170501211
170501316
170501332
170501343
170501375
170501431
170501438
170501454
170501465
170501466
170501515
170501537
170501568
170501571
170501574
170501588
170501619
170501712
170501729
170501733
170501752
170501807
170501816
170501852
170501865
170501883
170501886
170501904
170501957
170501958
170501973
170502003
170502045
170502174
170502190
170502277
170502287
170502314
170502345
170502391
170502402
170502483
170502490
170502535
170502549
170502556
170502592
170502638
170502679
170502685
170502701
170502708
170502758
170502790
170502807
170502815
170502844
170502895
170502902
170502913
170502928
170502940
170502950
170502955
170502967
170502983
170503001
170503029
170503061
170503068
170503083
170503098
170503123
170503182
170503184
170503187
170503219
170503260
170503268
170503298
170503302
170503384
170503391
170503406
170503414
170503421
170503443
170503461
170503462
170503470
170503489
170503517
170503592
170503615
170503628
170503644
170503666
170503677
170503688
170503710
170503727
170503738
170503739
170503771
170503773
170503790
170503843
170503850
170503865
170503899
170503920
170503935
170503951
170503988
170504008
170504041
170504059
170504087
170504113
170504146
170504159
170504164
170504169
170504205
170504223
170504233
170504292
170504301
170504302
170504304
170504333
170504348
170504359
170504376
170504389
170504411
170504492
170504508
170504522
170504532
170504549
170504570
170504613
170504636
170504637
170504639
170504646
170504675
170504687
170504706
170504709
170504731
170504741
170504750
170504758
170504776
170504789
170504794
170504804
170504821
170504858
170504902
170504910
170504990
170505003
170505063
170505068
170505070
170505072
170505110
170505111
170505112
170505135
170505149
170505150
170505191
170505205
170505215
170505256
170505274
170505278
170505297
170505306
170505319
170505322
170505327
170505330
170505360
170505380
170505387
170505397
170505402
170505431
170505458
170505476
170505477
170505511
170505528
170505542
170505565
170505585
170505621
170505640
170505643
170505652
170505660
170505665
170505753
170505769
170505771
170505794
170505809
170505823
170505976
170505986
170505990
170505999
170506012
170506013
170506025
170506033
170506045
170506073
170506091
170506112
170506143
170506169
170506194
170506229
170506235
170506251
170506257
170506274
170506286
170506295
170506300
170506311
170506391
170506435
170506437
170506444
170506460
170506494
170506518
170506545
170506547
170506590
170506596
170506618
170506637
170506668
170506674
170506709
170506712
170506786
170506841
170506867
170506901
170506948
170506985
170506987
170507013
170507058
170507077
170507081
170507110
170507118
170507168
170507210
170507236
170507320
170507367
170507372
170507383
170507393
170507400
170507437
170507464
170507518
170507519
170507528
170507561
170507602
170507626
170507650
170507782
170507825
170507826
170507847
170507849
170507856
170507878
170507944
170507957
170507971
170507997
170508004
170508013
170508031
170508038
170508039
170508134
170508156
170508157
170508176
170508191
170508198
170508201
170508208
170508266
170508300
170508327
170508345
170508366
170508381
170508382
170508398
170508406
170508408
170508419
170508425
170508440
170508444
170508459
170508472
170508485
170508505
170508511
170508526
170508564
170508607
170508639
170508656
170508679
170508692
170508721
170508760
170508764
170508769
170508773
170508778
170508837
170508841
170508844
170508868
170508875
170508915
170508916
170508918
170508921
170508955
170508958
170508980
170509003
170509043
170509080
170509082
170509083
170509088
170509125
170509136
170509168
170509177
170509192
170509243
170509260
170509279
170509287
170509299
170509305
170509309
170509341
170509426
170509461
170509465
170509489
170509515
170509524
170509532
170509548
170509564
170509574
170509575
170509602
170509625
170509630
170509642
170509659
170509673
170509717
170509722
170509733
170509777
170509793
170509825
170509833
170509858
170509870
170509890
170509892
170509904
170509926
170509998
17050_Chatsworth_Street_hospice_investigation
170510051
170510069
170510097
170510111
170510134
170510135
170510141
170510143
170510149
170510156
170510206
170510211
170510213
170510250
170510257
170510271
170510287
170510309
170510318
170510339
170510363
170510365
170510372
170510387
170510416
170510475
170510500
170510524
170510525
170510535
170510687
170510744
170510763
170510787
170510789
170510799
170510808
170510813
170510827
170510829
170510835
170510863
170510868
170510962
170510976
170511000
170511007
170511008
170511023
170511042
170511057
170511085
170511108
170511133
170511165
170511167
170511170
1705_English_general_election
1705_in_wales
1705th_air_transport_group
170600017
170600029
170600079
170600098
170600138
170600142
170600166
170600203
170600225
170600241
170600249
170600256
170600311
170600344
170600348
170600373
170600383
170600412
170600435
170600443
170600471
170600486
170600496
170600502
170600506
170600508
170600509
170600529
170600546
170600564
170600583
170600626
170600642
170600652
170600659
170600699
170600702
170600705
170600755
170600766
170600797
170600841
170600848
170600859
170600911
170600942
170600972
170601017
170601054
170601087
170601109
170601113
170601122
170601165
170601217
170601246
170601307
170601311
170601312
170601317
170601339
170601344
170601366
170601400
170601433
170601475
170601492
170601501
170601524
170601603
170601647
170601652
170601685
170601687
170601701
170601708
170601719
170601732
170601758
170601779
170601798
170601830
170601834
170601835
170601839
170601843
170601846
170601852
170601853
170601861
170601899
170601917
170601957
170601964
170601988
170601991
170601997
170602023
170602044
170602064
170602078
170602124
170602165
170602176
170602177
170602205
170602302
170602317
170602326
170602327
170602377
170602413
170602424
170602434
170602450
170602454
170602468
170602489
170602505
170602516
170602530
170602566
170602574
170602585
170602601
170602620
170602627
170602672
170602708
170602730
170602741
170602743
170602748
170602750
170602754
170602755
170602806
170602812
170602816
170602849
170602861
170602868
170602901
170602914
170602928
170602932
170602936
170602968
170602997
170603003
170603007
170603042
170603058
170603067
170603094
170603114
170603117
170603130
170603131
170603147
170603156
170603189
170603230
170603243
170603299
170603301
170603308
170603329
170603357
170603362
170603365
170603387
170603396
170603400
170603419
170603431
170603479
170603486
170603501
170603525
170603574
170603584
170603601
170603605
170603618
170603641
170603653
170603683
170603692
170603702
170603714
170603721
170603725
170603746
170603761
170603765
170603786
170603805
170603820
170603903
170603954
170603956
170603966
170603996
170604048
170604056
170604141
170604166
170604194
170604241
170604247
170604257
170604276
170604293
170604315
170604365
170604411
170604443
170604459
170604464
170604469
170604498
170604500
170604509
170604511
170604512
170604561
170604571
170604574
170604580
170604589
170604595
170604628
170604638
170604661
170604698
170604699
170604715
170604758
170604767
170604779
170604902
170604930
170604944
170604945
170604966
170604969
170604982
170604991
170604996
170605001
170605048
170605069
170605084
170605091
170605094
170605095
170605101
170605102
170605103
170605105
170605128
170605145
170605202
170605209
170605215
170605226
170605286
170605320
170605329
170605331
170605366
170605369
170605375
170605378
170605389
170605390
170605438
170605464
170605509
170605525
170605537
170605538
170605557
170605565
170605574
170605612
170605625
170605661
170605677
170605691
170605729
170605744
170605746
170605770
170605799
170605855
170605857
170605870
170605883
170605929
170605945
170605982
170605986
170605999
170606009
170606019
170606038
170606068
170606087
170606119
170606126
170606198
170606203
170606257
170606301
170606318
170606323
170606330
170606358
170606377
170606386
170606387
170606405
170606427
170606441
170606447
170606454
170606476
170606491
170606516
170606545
170606563
170606600
170606602
170606641
170606648
170606663
170606667
170606693
170606714
170606729
170606759
170606787
170606850
170606854
170606857
170606871
170606927
170606950
170606973
170606984
170607018
170607022
170607070
170607075
170607098
170607108
170607135
170607159
170607183
170607189
170607190
170607215
170607253
170607257
170607261
170607275
170607321
170607349
170607359
170607366
170607375
170607386
170607391
170607395
170607441
170607481
170607482
170607527
170607549
170607567
170607584
170607595
170607612
170607677
170607688
170607696
170607721
170607741
170607780
170607793
170607815
170607864
170607866
170607867
170607878
170607880
170607889
170607904
170607941
170607947
170607948
170607958
170607959
170607974
170608017
170608046
170608049
170608064
170608074
170608090
170608100
170608101
170608128
170608143
170608149
170608170
170608188
170608229
170608245
170608246
170608262
170608264
170608305
170608356
170608414
170608415
170608422
170608424
170608434
170608471
170608505
170608528
170608532
170608545
170608554
170608596
170608614
170608638
170608662
170608679
170608710
170608746
170608785
170608800
170608817
170608895
170608897
170608899
170608916
170608923
170608964
170608980
170608993
170609010
170609020
170609033
170609073
170609106
170609112
170609113
170609117
170609132
170609138
170609149
170609154
170609170
170609176
170609186
170609188
170609202
170609207
170609217
170609288
170609301
170609310
170609349
170609388
170609399
170609410
170609428
170609500
170609528
170609553
170609555
170609569
170609575
170609614
170609636
170609685
170609719
170609723
170609738
170609768
170609799
170609837
170609892
170609909
170610002
170610011
170610046
170610052
170610061
170610109
170610110
170610112
170610140
170610146
170610159
170610171
170610196
170610271
170610284
170610285
1706_abruzzo_earthquake
1706_in_piracy
1706_in_wales
1706_rittenhouse
1707
170700022
170700065
170700072
170700083
170700126
170700141
170700165
170700170
170700248
170700312
170700339
170700372
170700397
170700408
170700415
170700432
170700459
170700475
170700490
170700497
170700498
170700510
170700532
170700564
170700575
170700585
170700592
170700596
170700622
170700656
170700743
170700799
170700818
170700865
170700878
170700914
170700919
170700922
170700989
170701007
170701014
170701020
170701023
170701111
170701121
170701145
170701152
170701175
170701193
170701203
170701244
170701264
170701268
170701269
170701366
170701377
170701379
170701392
170701412
170701438
170701440
170701452
170701470
170701503
170701530
170701538
170701560
170701649
170701652
170701675
170701704
170701705
170701747
170701766
170701782
170701802
170701809
170701810
170701867
170701919
170701946
170701948
170701966
170701978
170702002
170702008
170702043
170702076
170702077
170702124
170702141
170702171
170702178
170702189
170702196
170702206
170702225
170702229
170702338
170702373
170702404
170702444
170702464
170702469
170702485
170702489
170702538
170702547
170702560
170702596
170702638
170702673
170702719
170702799
170702840
170702937
170702970
170702974
170702988
170703006
170703059
170703071
170703106
170703110
170703114
170703135
170703145
170703186
170703210
170703211
170703216
170703229
170703314
170703335
170703355
170703361
170703363
170703406
170703431
170703440
170703442
170703443
170703481
170703507
170703522
170703547
170703557
170703559
170703565
170703594
170703658
170703685
170703686
170703687
170703704
170703714
170703728
170703730
170703760
170703793
170703811
170703814
170703821
170703825
170703882
170703885
170703919
170703921
170703944
170703982
170703983
170704010
170704011
170704020
170704037
170704042
170704122
170704126
170704132
170704133
170704177
170704188
170704198
170704207
170704217
170704230
170704267
170704310
170704320
170704343
170704381
170704454
170704456
170704463
170704477
170704502
170704531
170704554
170704559
170704560
170704563
170704644
170704661
170704678
170704719
170704727
170704729
170704732
170704827
170704887
170704911
170704924
170704968
170704999
170705003
170705007
170705014
170705034
170705040
170705049
170705121
170705122
170705192
170705229
170705246
170705261
170705289
170705294
170705338
170705351
170705363
170705372
170705405
170705410
170705411
170705447
170705506
170705515
170705586
170705608
170705627
170705642
170705649
170705660
170705695
170705706
170705712
170705816
170705848
170705873
170705875
170705888
170705911
170705932
170705951
170705967
170705993
170706034
170706069
170706081
170706091
170706103
170706114
170706170
170706230
170706241
170706260
170706276
170706284
170706293
170706302
170706330
170706338
170706353
170706354
170706363
170706383
170706417
170706421
170706430
170706457
170706521
170706548
170706549
170706656
170706682
170706699
170706700
170706728
170706734
170706745
170706753
170706773
170706784
170706815
170706821
170706835
170706849
170706871
170706880
170706889
170706900
170706901
170706949
170706956
170706978
170706989
170707001
170707013
170707017
170707053
170707106
170707127
170707129
170707203
170707216
170707225
170707235
170707295
170707303
170707312
170707326
170707381
170707382
170707399
170707402
170707404
170707405
170707423
170707488
170707493
170707563
170707648
170707654
170707684
170707689
170707690
170707710
170707713
170707717
170707730
170707767
170707799
170707830
170707859
170707872
170707896
170707911
170707931
170707955
170707980
170708009
170708029
170708048
170708054
170708108
170708132
170708149
170708206
170708220
170708225
170708274
170708283
170708304
170708322
170708323
170708328
170708341
170708354
170708378
170708424
170708444
170708461
170708463
170708515
170708532
170708534
170708560
170708569
170708601
170708614
170708623
170708632
170708637
170708638
170708683
170708732
170708742
170708744
170708759
170708787
170708863
170708865
170708923
170708976
170709005
170709043
170709058
170709087
170709109
170709123
170709129
170709165
170709180
170709188
170709189
170709198
170709236
170709248
170709250
170709251
170709262
170709265
170709342
170709379
170709385
170709414
170709442
170709465
170709485
170709501
170709507
170709546
170709548
170709553
170709559
170709564
170709568
170709588
170709592
170709628
170709642
170709695
170709696
170709724
170709746
170709759
170709793
170709830
170709842
170709852
170709885
170709911
170709953
1707_Hōei_earthquake
1707_in_piracy
1707th_air_transport_wing
1708
170800034
170800053
170800065
170800083
170800104
170800141
170800156
170800179
170800190
170800226
170800289
170800298
170800340
170800341
170800348
170800357
170800385
170800395
170800402
170800403
170800408
170800424
170800427
170800430
170800467
170800500
170800518
170800520
170800543
170800583
170800615
170800627
170800634
170800697
170800731
170800756
170800786
170800800
170800802
170800803
170800824
170800828
170800829
170800841
170800873
170800875
170800939
170800950
170800955
170800965
170800982
170800990
170800998
170801000
170801004
170801038
170801102
170801111
170801183
170801207
170801216
170801321
170801368
170801398
170801419
170801420
170801438
170801456
170801460
170801469
170801476
170801488
170801493
170801529
170801536
170801564
170801575
170801581
170801585
170801615
170801641
170801650
170801655
170801671
170801679
170801691
170801721
170801805
170801816
170801818
170801826
170801846
170801854
170801877
170801891
170801892
170801898
170801909
170801936
170801969
170802004
170802043
170802074
170802136
170802200
170802203
170802206
170802249
170802267
170802269
170802305
170802317
170802354
170802414
170802416
170802433
170802449
170802452
170802456
170802543
170802583
170802594
170802610
170802631
170802632
170802642
170802647
170802664
170802702
170802707
170802714
170802717
170802762
170802766
170802780
170802789
170802835
170802839
170802859
170802867
170802873
170802892
170802904
170802910
170802920
170802938
170802943
170802949
170802959
170802993
170803005
170803006
170803015
170803016
170803022
170803032
170803049
170803051
170803066
170803073
170803093
170803158
170803160
170803203
170803218
170803236
170803243
170803246
170803322
170803327
170803329
170803338
170803353
170803359
170803397
170803399
170803447
170803499
170803526
170803535
170803567
170803627
170803640
170803685
170803690
170803691
170803695
170803698
170803701
170803707
170803711
170803725
170803738
170803761
170803783
170803786
170803792
170803804
170803814
170803819
170803820
170803821
170803849
170803869
170803882
170803913
170803947
170803953
170803956
170803979
170803995
170804023
170804024
170804035
170804061
170804077
170804090
170804108
170804116
170804177
170804195
170804232
170804250
170804259
170804264
170804265
170804279
170804299
170804326
170804336
170804347
170804372
170804411
170804509
170804538
170804542
170804567
170804570
170804591
170804593
170804619
170804630
170804647
170804660
170804679
170804683
170804722
170804737
170804799
170804839
170804852
170804918
170804923
170804938
170804943
170804953
170804988
170805012
170805016
170805019
170805021
170805048
170805063
170805116
170805133
170805138
170805146
170805168
170805173
170805180
170805192
170805207
170805212
170805218
170805249
170805316
170805320
170805375
170805388
170805406
170805420
170805431
170805440
170805451
170805473
170805518
170805522
170805533
170805535
170805603
170805611
170805641
170805652
170805669
170805679
170805683
170805686
170805696
170805705
170805728
170805787
170805802
170805827
170805849
170805869
170805880
170805883
170805884
170805902
170805915
170805918
170805981
170806066
170806112
170806132
170806161
170806173
170806192
170806206
170806229
170806243
170806259
170806266
170806293
170806312
170806343
170806371
170806381
170806449
170806464
170806476
170806486
170806491
170806524
170806538
170806601
170806657
170806672
170806674
170806680
170806705
170806710
170806753
170806771
170806785
170806801
170806812
170806821
170806822
170806859
170806864
170806931
170806933
170806952
170806970
170806988
170806990
170806997
170807027
170807065
170807084
170807124
170807130
170807178
170807180
170807198
170807223
170807242
170807290
170807299
170807310
170807322
170807324
170807368
170807463
170807482
170807502
170807508
170807569
170807592
170807601
170807609
170807616
170807621
170807653
170807684
170807701
170807720
170807728
170807733
170807762
170807769
170807822
170807832
170807835
170807839
170807851
170807872
170807902
170807923
170807945
170807948
170807953
170807968
170807990
170807994
170808023
170808053
170808069
170808079
170808137
170808153
170808165
170808170
170808206
170808243
170808251
170808269
170808276
170808296
170808321
170808328
170808334
170808348
170808349
170808382
170808435
170808448
170808460
170808481
170808534
170808583
170808630
170808643
170808683
170808686
170808713
170808721
170808728
170808760
170808771
170808799
170808819
170808834
170808869
170808880
170808900
170808905
170808933
170808973
170808983
170809006
170809007
170809072
170809145
170809153
170809183
170809193
170809224
170809233
170809246
170809258
170809261
170809269
170809305
170809323
170809328
170809350
170809395
170809440
170809461
170809516
170809567
170809589
170809608
170809672
170809696
170809714
170809720
170809723
170809734
170809758
170809778
170809786
170809795
170809832
1708_British_general_election
1708_in_music
1708_in_piracy
1709
170900013
170900027
170900055
170900082
170900085
170900123
170900132
170900142
170900144
170900156
170900183
170900212
170900255
170900276
170900282
170900339
170900355
170900370
170900422
170900430
170900439
170900475
170900484
170900489
170900492
170900508
170900519
170900523
170900534
170900561
170900573
170900592
170900603
170900619
170900632
170900639
170900663
170900672
170900697
170900717
170900722
170900748
170900750
170900816
170900842
170900886
170900891
170900952
170901023
170901050
170901056
170901078
170901133
170901155
170901176
170901187
170901241
170901295
170901344
170901350
170901360
170901374
170901408
170901416
170901417
170901455
170901458
170901471
170901488
170901514
170901517
170901566
170901603
170901634
170901655
170901677
170901707
170901711
170901715
170901727
170901737
170901790
170901857
170901858
170901870
170901876
170901884
170901894
170901896
170901947
170901965
170902034
170902050
170902080
170902087
170902098
170902106
170902111
170902120
170902130
170902138
170902165
170902171
170902197
170902212
170902215
170902250
170902257
170902273
170902321
170902341
170902391
170902420
170902440
170902495
170902503
170902505
170902535
170902541
170902619
170902623
170902674
170902694
170902704
170902736
170902751
170902780
170902788
170902797
170902876
170902886
170902911
170902919
170902939
170902975
170903004
170903020
170903033
170903057
170903074
170903076
170903086
170903090
170903096
170903126
170903151
170903152
170903159
170903190
170903218
170903256
170903325
170903339
170903347
170903386
170903419
170903432
170903435
170903466
170903487
170903520
170903543
170903583
170903611
170903614
170903653
170903682
170903691
170903702
170903709
170903723
170903779
170903783
170903826
170903863
170903878
170903899
170903936
170903939
170903954
170903977
170903998
170904046
170904061
170904081
170904116
170904152
170904171
170904177
170904205
170904231
170904255
170904256
170904260
170904292
170904315
170904329
170904339
170904356
170904358
170904359
170904376
170904419
170904432
170904459
170904480
170904489
170904502
170904515
170904538
170904539
170904541
170904569
170904572
170904579
170904588
170904590
170904671
170904794
170904818
170904883
170904928
170904951
170905011
170905048
170905066
170905073
170905077
170905127
170905132
170905224
170905250
170905289
170905345
170905366
170905384
170905385
170905405
170905420
170905423
170905450
170905453
170905474
170905488
170905490
170905491
170905569
170905580
170905583
170905587
170905638
170905703
170905713
170905838
170905842
170905853
170905860
170905862
170905869
170905935
170905938
170905957
170905969
170906010
170906025
170906101
170906116
170906137
170906142
170906154
170906166
170906188
170906195
170906200
170906201
170906217
170906272
170906281
170906288
170906293
170906321
170906322
170906345
170906348
170906363
170906376
170906381
170906392
170906435
170906518
170906522
170906523
170906548
170906566
170906593
170906643
170906646
170906647
170906706
170906722
170906739
170906779
170906780
170906837
170906845
170906847
170906873
170906895
170906897
170906899
170906912
170906928
170906930
170906938
170906940
170906948
170906953
170906981
170906983
170907005
170907032
170907039
170907043
170907077
170907101
170907123
170907125
170907142
170907144
170907151
170907176
170907185
170907209
170907249
170907258
170907295
170907306
170907374
170907383
170907393
170907409
170907498
170907501
170907532
170907572
170907682
170907721
170907765
170907775
170907802
170907849
170907855
170907864
170907868
170907871
170907891
170907895
170907903
170907906
170907952
170907963
170907997
170908004
170908023
170908028
170908061
170908064
170908094
170908109
170908175
170908190
170908222
170908233
170908234
170908245
170908273
170908287
170908306
170908352
170908378
170908394
170908410
170908420
170908466
170908501
170908505
170908511
170908528
170908552
170908570
170908576
170908611
170908680
170908697
170908700
170908734
170908740
170908761
170908780
170908785
170908792
170908810
170908825
170908832
170908834
170908836
170908844
170908859
170908874
170908880
170908903
170908907
170908926
170908927
170908938
170908955
170908966
170909022
170909063
170909102
170909123
170909130
170909164
170909198
170909215
170909217
170909238
170909265
170909274
170909291
170909294
170909307
170909330
170909338
170909345
170909350
170909362
170909363
170909371
170909375
170909395
170909402
170909407
170909409
170909411
170909417
170909419
170909437
170909452
170909478
170909485
170909511
170909545
170909565
170909605
170909613
170909627
170909659
170909673
170909696
170909702
170909718
170909723
170909733
170909773
170909778
170909806
170909816
170909833
170909879
170909884
170909889
170909909
170909946
170910004
170910018
170910021
170910076
170910087
170910094
170910102
170910125
170910131
170910135
170910157
170910160
170910162
170910166
170910184
170910189
170910197
170910230
170910254
170910311
170910352
170910368
170910379
170910385
170910408
170910483
170910514
1709_in_music
1709_ukraina
1709_zhongwei_earthquake
170_(number)
170_StPO
170_college_avenue
170_infrastructure_support_engineer_group
170_maria
170_street_pedestrian_bridge
170pchristensen
170th_21st_north_lancashire_brigade
170th_air_refueling_squadron
170th_battalion_mississauga_horse_cef
170th_fighter_squadron
170th_group
170th_infantry_brigade_united_states
170th_infantry_division_wehrmacht
170th_infantry_regiment_imperial_japanese_army
170th_new_york_infantry_regiment
170th_new_york_state_legislature
170th_ohio_infantry_regiment
170th_rifle_division_soviet_union
170th_street_station_ind_concourse_line
170th_tunnelling_company
170v0
1710
171000016
171000032
171000035
171000039
171000048
171000058
171000078
171000100
171000106
171000126
171000205
171000215
171000231
171000281
171000309
171000345
171000356
171000404
171000421
171000437
171000457
171000484
171000485
171000500
171000524
171000568
171000571
171000575
171000579
171000586
171000594
171000600
171000608
171000632
171000635
171000643
171000652
171000692
171000701
171000705
171000712
171000721
171000725
171000742
171000778
171000822
171000909
171000941
171001018
171001022
171001044
171001104
171001110
171001130
171001157
171001165
171001176
171001215
171001218
171001221
171001231
171001241
171001244
171001281
171001298
171001316
171001318
171001319
171001343
171001356
171001357
171001375
171001429
171001453
171001471
171001475
171001507
171001510
171001534
171001536
171001548
171001553
171001569
171001590
171001606
171001664
171001697
171001809
171001819
171001828
171001833
171001836
171001839
171001850
171001889
171001902
171001906
171001942
171001960
171001972
171001980
171002014
171002042
171002061
171002093
171002094
171002111
171002115
171002116
171002123
171002137
171002162
171002174
171002208
171002270
171002300
171002326
171002334
171002402
171002415
171002433
171002455
171002468
171002470
171002474
171002481
171002485
171002498
171002513
171002517
171002554
171002642
171002675
171002680
171002684
171002685
171002714
171002729
171002736
171002753
171002757
171002773
171002813
171002871
171002893
171002911
171002917
171002940
171002962
171002967
171002994
171003004
171003012
171003067
171003094
171003166
171003173
171003179
171003198
171003208
171003211
171003224
171003240
171003255
171003256
171003266
171003455
171003476
171003512
171003537
171003558
171003575
171003596
171003603
171003669
171003691
171003720
171003730
171003738
171003751
171003783
171003785
171003790
171003806
171003823
171003827
171003843
171003874
171003882
171003941
171003974
171003987
171004052
171004064
171004076
171004077
171004087
171004090
171004091
171004107
171004121
171004127
171004157
171004231
171004256
171004260
171004282
171004288
171004331
171004361
171004399
171004427
171004431
171004453
171004494
171004544
171004548
171004588
171004589
171004592
171004634
171004644
171004661
171004694
171004711
171004716
171004789
171004836
171004855
171004857
171004866
171004885
171004941
171004969
171004988
171005009
171005045
171005062
171005073
171005117
171005142
171005163
171005164
171005170
171005190
171005203
171005208
171005211
171005261
171005266
171005316
171005322
171005327
171005337
171005357
171005365
171005374
171005398
171005403
171005441
171005445
171005454
171005457
171005461
171005494
171005519
171005533
171005553
171005565
171005587
171005589
171005623
171005669
171005675
171005705
171005708
171005731
171005739
171005745
171005779
171005792
171005822
171005830
171005869
171005881
171005894
171005907
171005924
171005949
171005958
171005975
171005985
171005989
171006061
171006068
171006074
171006097
171006104
171006114
171006134
171006181
171006217
171006234
171006255
171006262
171006265
171006273
171006290
171006314
171006364
171006371
171006398
171006401
171006427
171006449
171006490
171006491
171006501
171006502
171006506
171006529
171006543
171006545
171006554
171006557
171006570
171006604
171006608
171006624
171006645
171006672
171006685
171006745
171006748
171006763
171006773
171006776
171006787
171006798
171006807
171006818
171006843
171006846
171006864
171006899
171006959
171006973
171006987
171007027
171007037
171007049
171007070
171007091
171007095
171007100
171007141
171007149
171007160
171007188
171007195
171007210
171007239
171007241
171007289
171007304
171007337
171007351
171007430
171007435
171007445
171007466
171007504
171007518
171007526
171007555
171007570
171007592
171007612
171007621
171007635
171007641
171007649
171007699
171007705
171007707
171007712
171007721
171007748
171007776
171007779
171007791
171007796
171007811
171007834
171007858
171007885
171007891
171007912
171007936
171008005
171008057
171008058
171008139
171008141
171008182
171008222
171008234
171008247
171008252
171008267
171008269
171008275
171008314
171008334
171008359
171008375
171008377
171008393
171008429
171008433
171008439
171008443
171008477
171008514
171008523
171008530
171008562
171008565
171008567
171008576
171008592
171008596
171008625
171008636
171008658
171008659
171008727
171008737
171008738
171008741
171008753
171008760
171008779
171008789
171008798
171008822
171008839
171008893
171008896
171008901
171008907
171008938
171008948
171008952
171008958
171009022
171009047
171009048
171009063
171009065
171009084
171009117
171009127
171009161
171009200
171009204
171009217
171009218
171009228
171009269
171009300
171009306
171009312
171009317
171009335
171009393
171009417
171009437
171009451
171009453
171009478
171009509
171009540
171009556
171009561
171009568
171009575
171009592
171009676
171009694
171009738
171009765
171009775
171009776
171009786
171009792
171009816
171009841
171009845
171009861
171009874
171009907
171010042
171010048
171010084
171010092
171010100
171010124
171010169
171010215
171010237
171010258
171010292
171010302
171010310
171010317
171010324
171010347
171010412
171010431
171010504
171010553
171010557
171010570
171010598
171010613
171010637
171010638
171010639
171010693
171010707
171010710
171010722
171010737
171010772
171010781
171010871
171010888
171010890
171010900
171010919
171010946
171010960
171010970
171011025
171011070
171011072
171011075
171011087
171011092
171011131
171011143
171011144
171011151
171011171
171011201
171011223
171011226
171011229
171011241
171011247
171011254
171011263
171011290
171011305
171011388
171011398
171011400
171011401
171011422
171011424
171011431
171011474
171011481
171011487
171011516
171011517
171011518
171011519
171011575
171011589
171011592
17102_begzhigitova
1710_British_general_election
1710_crack_flag_baccano_15_(book)
1710_in_japan
1710_naval_air_squadron
1710s_in_south_africa
171100011
171100102
171100116
171100119
171100143
171100154
171100162
171100173
171100251
171100303
171100305
171100311
171100339
171100354
171100358
171100367
171100374
171100377
171100388
171100465
171100484
171100491
171100525
171100530
171100532
171100537
171100569
171100628
171100701
171100712
171100751
171100770
171100778
171100805
171100812
171100825
171100828
171100854
171100864
171100882
171100945
171100983
171101047
171101082
171101084
171101091
171101098
171101141
171101152
171101160
171101197
171101218
171101252
171101270
171101274
171101278
171101285
171101296
171101376
171101416
171101428
171101429
171101460
171101517
171101541
171101552
171101555
171101619
171101642
171101665
171101674
171101694
171101735
171101743
171101804
171101837
171101868
171101877
171101880
171101888
171101907
171101960
171101991
171102026
171102030
171102040
171102086
171102212
171102227
171102241
171102247
171102296
171102305
171102316
171102345
171102377
171102387
171102404
171102414
171102441
171102484
171102534
171102551
171102584
171102607
171102629
171102660
171102661
171102699
171102730
171102768
171102776
171102802
171102866
171102870
171102872
171102926
171102949
171102951
171102954
171102958
171102966
171102992
171103012
171103050
171103075
171103092
171103093
171103096
171103119
171103122
171103129
171103136
171103160
171103164
171103173
171103193
171103201
171103204
171103205
171103216
171103244
171103281
171103314
171103319
171103353
171103355
171103402
171103433
171103453
171103459
171103492
171103493
171103507
171103520
171103573
171103579
171103646
171103724
171103731
171103750
171103778
171103831
171103833
171103844
171103855
171103873
171103891
171103898
171103902
171104000
171104012
171104039
171104080
171104097
171104117
171104135
171104150
171104161
171104194
171104205
171104227
171104238
171104266
171104299
171104310
171104321
171104323
171104329
171104338
171104348
171104371
171104402
171104415
171104426
171104429
171104438
171104478
171104480
171104485
171104523
171104524
171104528
171104530
171104541
171104611
171104623
171104629
171104632
171104651
171104659
171104674
171104680
171104705
171104721
171104760
171104762
171104775
171104794
171104899
171104911
171104986
171105016
171105032
171105049
171105085
171105093
171105100
171105124
171105128
171105136
171105137
171105156
171105163
171105170
171105187
171105199
171105204
171105205
171105225
171105268
171105273
171105280
171105300
171105308
171105353
171105373
171105382
171105388
171105397
171105430
171105502
171105508
171105513
171105530
171105531
171105535
171105547
171105582
171105616
171105649
171105697
171105713
171105745
171105770
171105800
171105847
171105873
171105878
171105882
171105926
171105934
171105940
171106025
171106060
171106104
171106125
171106132
171106166
171106192
171106226
171106264
171106304
171106313
171106327
171106351
171106366
171106367
171106384
171106409
171106446
171106496
171106520
171106545
171106666
171106667
171106690
171106711
171106721
171106733
171106734
171106738
171106747
171106835
171106844
171106850
171106914
171106924
171106928
171106967
171106978
171106989
171107025
171107037
171107069
171107072
171107080
171107090
171107142
171107168
171107196
171107197
171107210
171107223
171107227
171107229
171107237
171107301
171107310
171107320
171107334
171107339
171107383
171107404
171107419
171107429
171107448
171107450
171107464
171107494
171107497
171107503
171107522
171107544
171107562
171107575
171107580
171107599
171107646
171107665
171107683
171107688
171107697
171107720
171107733
171107738
171107773
171107775
171107789
171107794
171107810
171107811
171107812
171107867
171107904
171107935
171107969
171107980
171107985
171107992
171108013
171108026
171108100
171108116
171108120
171108155
171108184
171108191
171108192
171108276
171108291
171108307
171108308
171108349
171108403
171108425
171108436
171108452
171108482
171108493
171108504
171108506
171108512
171108521
171108566
171108567
171108598
171108660
171108684
171108751
171108757
171108948
171108983
171108986
171108992
171109028
171109035
171109141
171109150
171109155
171109158
171109170
171109194
171109197
171109199
171109201
171109238
171109272
171109291
171109298
171109300
171109305
171109324
171109374
171109408
171109429
171109441
171109465
171109472
171109571
171109632
171109634
171109635
171109672
171109687
171109711
171109750
171109762
171109799
171109855
171109930
171109972
171109974
171109992
171110009
171110030
171110040
171110066
171110097
171110124
171110137
171110240
171110267
171110270
171110273
171110302
171110309
171110328
171110342
171110353
171110356
171110368
171110378
171110407
171110411
171110458
171110473
171110515
171110596
171110618
171110626
171110635
171110645
171110648
171110662
171110689
171110704
171110725
171110784
171110794
171110811
171110819
171110827
171110836
171110842
171110848
171110872
171110902
171110907
171110909
171110925
171110968
171110971
171110983
171110984
171111040
171111058
171111080
171111101
171111111
171111131
171111184
171111193
171111201
171111207
171111247
171111250
171111269
171111289
171111346
171111399
171111457
171111488
171111521
171111553
171111558
171111574
17119_alexisrodrz
1711_imperial_election
1711_in_art
1711_in_music
1711_in_piracy
1711_in_russia
1711_in_wales
1711_karamanli_coup
1711_whitesmile_baccano_17_(book)
1712
171200017
171200034
171200041
171200049
171200094
171200151
171200179
171200244
171200249
171200271
171200291
171200300
171200316
171200318
171200349
171200406
171200461
171200471
171200473
171200503
171200526
171200575
171200612
171200619
171200626
171200651
171200677
171200711
171200730
171200744
171200780
171200793
171200825
171200860
171200873
171200902
171200905
171200913
171200919
171200962
171200979
171200984
171201036
171201048
171201057
171201068
171201074
171201107
171201143
171201156
171201167
171201171
171201200
171201208
171201215
171201225
171201233
171201237
171201246
171201247
171201250
171201286
171201302
171201336
171201340
171201420
171201423
171201438
171201466
171201490
171201508
171201529
171201535
171201542
171201548
171201554
171201559
171201573
171201609
171201620
171201638
171201665
171201667
171201690
171201772
171201793
171201834
171201841
171201893
171201903
171201916
171201967
171201970
171201990
171202000
171202014
171202032
171202039
171202061
171202065
171202092
171202113
171202137
171202151
171202206
171202219
171202284
171202289
171202304
171202314
171202337
171202346
171202359
171202389
171202411
171202416
171202437
171202441
171202454
171202475
171202496
171202523
171202581
171202602
171202605
171202629
171202644
171202668
171202680
171202681
171202696
171202708
171202732
171202777
171202782
171202790
171202798
171202804
171202818
171202819
171202832
171202842
171202884
171202936
171202938
171202964
171203056
171203067
171203104
171203107
171203134
171203143
171203161
171203196
