240712878
240712881
240712891
240712912
240712921
240712930
240712987
240712990
240713028
240713032
240713043
240713073
240713093
240713132
240713152
240713169
240713268
240713270
240713280
240713349
240713359
240713375
240713376
240713400
240713406
240713418
240713426
240713438
240713470
240713490
240713491
240713497
240713514
240713518
240713529
240713530
240713587
240713604
240713650
240713666
240713708
240713718
240713723
240713734
240713768
240713773
240713780
240713784
240713813
240713824
240713851
240713860
240713869
240713890
240713905
240713907
240713935
240713939
240713959
240713971
240713985
240714008
240714018
240714021
240714032
240714070
240714071
240714075
240714098
240714110
240714118
240714128
240714129
240714146
240714155
240714176
240714184
240714202
240714208
240714251
240714266
240714274
240714277
240714288
240714290
240714304
240714340
240714372
240714379
240714384
240714406
240714409
240714439
240714468
240714497
240714549
240714569
240714577
240714579
240714621
240714664
240714679
240714697
240714717
240714740
240714749
240714768
240714876
240714891
240714898
240714899
240714916
240714931
240714955
240714960
240714971
240714979
240714996
240715046
240715077
240715095
240715111
240715142
240715189
240715202
240715209
240715268
240715270
240715279
240715314
240715317
240715387
240715390
240715398
240715402
240715411
240715446
240715474
240715496
240715510
240715519
240715525
240715534
240715549
240715556
240715565
240715603
240715635
240715648
240715674
240715679
240715709
240715710
240715716
240715747
240715838
240715855
240715866
240715889
240715934
240715946
240715954
240715967
240715969
240716024
240716036
240716044
240716103
240716116
240716118
240716123
240716139
240716223
240716243
240716245
240716274
240716300
240716311
240716329
240716338
240716392
240716417
240716424
240716480
240716492
240716525
240716533
240716535
240716544
240716600
240716639
240716641
240716649
240716683
240716762
240716774
240716785
240716836
240716850
240716862
240716870
240716874
240716916
240716934
240716937
240716944
240716954
240716955
240716959
240716978
240717037
240717038
240717040
240717067
240717069
240717205
240717230
240717238
240717260
240717285
240717297
240717320
240717334
240717352
240717363
240717376
240717419
240717457
240717500
240717525
240717540
240717552
240717563
240717578
240717582
240717617
240717622
240717661
240717673
240717683
240717706
240717715
240717721
240717726
240717751
240717755
240717775
240717810
240717858
240717884
240717892
240717945
240717977
240718015
240718063
240718073
240718087
240718093
240718124
240718125
240718134
240718170
240718174
240718182
240718196
240718205
240718219
240718225
240718240
240718247
240718250
240718256
240718264
240718275
240718280
240718288
240718290
240718299
240718346
240718415
240718443
240718500
240718501
240718535
240718537
240718540
240718544
240718554
240718556
240718590
240718602
240718607
240718621
240718639
240718649
240718698
240718731
240718737
240718756
240718759
240718808
240718811
240718816
240718826
240718831
240718833
240718847
240718876
240718890
240718933
240718947
240718951
240718969
240718987
240719009
240719052
240719069
240719103
240719113
240719120
240719122
240719140
240719161
240719165
240719236
240719245
240719260
240719271
240719308
240719371
240719410
240719411
240719413
240719440
240719451
240719473
240719477
240719483
240719487
240719488
240719491
240719562
240719598
240719606
240719693
240719697
240719732
240719800
240719809
240719842
240719892
240719910
240720020
240720021
240720025
240720041
240720048
240720061
240720067
240720074
240720101
240720170
240720205
240720251
240720265
240720279
240720303
240720316
240720319
240720335
240720355
240720363
240720392
240720396
240720401
240720458
240720476
240720481
240720482
240720496
240720498
240720524
240720537
240720544
240720569
240720573
240720597
240720598
240720631
240720646
240720660
240720701
240720741
240720745
240720810
240720813
240720965
240720968
240720992
240721022
240721076
240721091
240721095
240721101
240721104
240721117
240721133
240721135
240721144
240721150
240721190
240721236
240721271
240721310
240721311
240721313
240721326
240721335
240721346
240721407
240721432
240721435
240721490
240721562
240721580
240721583
240721600
240721609
240721618
240721621
240721623
240721647
240721661
240721662
240721690
240721703
240721708
240721723
240721736
240721737
240721770
240721783
240800003
240800034
240800065
240800086
240800138
240800188
240800233
240800254
240800260
240800275
240800277
240800296
240800302
240800325
240800342
240800381
240800389
240800446
240800448
240800466
240800526
240800590
240800606
240800644
240800650
240800653
240800669
240800691
240800724
240800740
240800743
240800805
240800822
240800832
240800843
240800844
240800847
240800854
240800858
240800871
240800872
240800878
240800906
240800911
240800924
240800936
240800974
240801052
240801059
240801067
240801098
240801107
240801187
240801199
240801221
240801243
240801249
240801259
240801275
240801318
240801330
240801341
240801395
240801408
240801417
240801439
240801450
240801484
240801489
240801506
240801511
240801529
240801534
240801551
240801563
240801596
240801610
240801643
240801722
240801730
240801771
240801778
240801797
240801808
240801866
240801869
240801870
240801893
240801940
240801988
240801999
240802003
240802018
240802025
240802040
240802077
240802082
240802088
240802176
240802222
240802310
240802329
240802335
240802353
240802363
240802384
240802388
240802415
240802456
240802495
240802497
240802514
240802539
240802550
240802554
240802559
240802580
240802632
240802636
240802646
240802663
240802666
240802671
240802689
240802728
240802737
240802828
240802836
240802851
240802938
240802973
240803034
240803036
240803041
240803049
240803052
240803075
240803093
240803099
240803113
240803120
240803138
240803158
240803163
240803177
240803184
240803199
240803205
240803218
240803278
240803281
240803324
240803357
240803359
240803399
240803426
240803446
240803464
240803476
240803505
240803538
240803545
240803572
240803580
240803582
240803583
240803591
240803620
240803639
240803647
240803679
240803686
240803734
240803774
240803793
240803798
240803808
240803848
240803865
240803883
240803927
240803930
240803941
240803956
240803961
240803964
240803996
240804027
240804051
240804106
240804127
240804149
240804170
240804248
240804313
240804358
240804459
240804469
240804482
240804513
240804517
240804521
240804531
240804533
240804538
240804548
240804591
240804597
240804640
240804662
240804678
240804709
240804719
240804751
240804756
240804777
240804779
240804792
240804805
240804812
240804819
240804824
240804869
240804915
240804931
240804933
240804975
240804980
240804988
240805065
240805118
240805156
240805157
240805158
240805166
240805167
240805192
240805235
240805263
240805269
240805274
240805293
240805311
240805317
240805336
240805342
240805372
240805387
240805407
240805470
240805503
240805545
240805580
240805634
240805635
240805677
240805691
240805692
240805729
240805756
240805763
240805786
240805831
240805835
240805899
240805912
240805921
240805945
240805954
240805964
240805982
240805988
240805994
240806005
240806011
240806047
240806050
240806054
240806070
240806086
240806123
240806147
240806148
240806163
240806184
240806209
240806237
240806238
240806254
240806274
240806277
240806341
240806374
240806393
240806396
240806407
240806410
240806449
240806492
240806508
240806519
240806568
240806571
240806574
240806584
240806605
240806648
240806651
240806655
240806666
240806676
240806678
240806686
240806688
240806700
240806707
240806721
240806722
240806782
240806792
240806810
240806822
240806828
240806832
240806853
240806912
240806971
240806989
240806997
240807023
240807054
240807062
240807091
240807096
240807111
240807112
240807160
240807173
240807183
240807193
240807258
240807273
240807290
240807305
240807307
240807342
240807348
240807370
240807385
240807484
240807488
240807528
240807536
240807583
240807611
240807613
240807615
240807616
240807655
240807670
240807700
240807718
240807720
240807721
240807824
240807833
240807840
240807859
240807860
240807891
240807908
240807917
240807952
240808033
240808035
240808036
240808066
240808082
240808087
240808098
240808160
240808164
240808170
240808216
240808267
240808328
240808353
240808402
240808409
240808413
240808440
240808463
240808466
240808472
240808526
240808564
240808629
240808653
240808663
240808690
240808705
240808711
240808721
240808723
240808742
240808750
240808756
240808775
240808816
240808863
240808866
240808901
240808948
240808952
240808960
240809000
240809007
240809023
240809024
240809026
240809028
240809029
240809032
240809033
240809035
240809085
240809086
240809121
240809147
240809155
240809161
240809223
240809275
240809325
240809351
240809382
240809384
240809435
240809441
240809498
240809517
240809536
240809538
240809544
240809622
240809679
240809695
240809698
240809727
240809815
240809840
240809862
240809878
240809928
240809949
240809963
240810021
240810042
240810087
240810091
240810114
240810124
240810139
240810167
240810305
240810308
240810316
240810317
240810340
240810367
240810434
240810439
240810448
240810457
240810462
240810472
240810479
240810511
240810524
240810530
240810541
240810561
240810570
240810591
240810602
240810640
240810656
240810700
240810713
240810729
240810745
240810754
240810757
240810805
240810806
240810818
240810819
240810842
240810879
240810890
240810892
240810930
240810935
240810955
240810962
240811052
240811059
240811067
240811165
240811173
240811183
240811212
240811276
240811300
240811351
240811385
240811393
240811399
240811421
240811431
240811518
240811540
240811582
240811622
240811625
240811635
240811643
240811670
240811684
240811712
240811767
240811778
240811796
240811799
240811807
240811830
240811845
240811862
240811892
240811907
240811948
240812039
240812044
240812066
240812102
240812113
240812138
240812189
240812193
240812206
240812213
240812221
240812226
240812248
240812251
240812287
240812291
240812294
240812320
240812359
240812390
240812393
240812403
240812454
240812456
240812458
240812474
240812485
240812492
240812551
240812602
240812607
240812620
240812645
240812667
240812703
240812704
240812752
240812762
240812763
240812836
240812841
240812850
240812898
240812903
240812976
240812984
240813014
240813039
240813048
240813060
240813063
240813074
240813085
240813109
240813129
240813145
240813146
240813150
240813153
240813206
240813268
240813306
240813320
240813345
240813368
240813389
240813417
240813423
240813452
240813505
240813541
240813542
240813545
240813552
240813560
240813628
240813645
240813660
240813705
240813720
240813737
240813740
240813745
240813746
240813771
240813825
240813870
240813878
240813899
240813923
240813926
240813947
240813950
240813955
240813981
240814041
240814070
240814071
240814109
240814149
240814151
240814208
240814223
240814227
240814249
240814251
240814257
240814265
240814284
240814289
240814291
240814310
240814323
240814337
240814374
240814406
240814410
240814411
240814418
240814431
240814448
240814474
240814478
240814491
240814502
240814521
240814522
240814529
240814535
240814547
240814551
240814568
240814605
240814642
240814670
240814680
240814686
240814699
240814717
240814727
240814736
240814758
240814760
240814769
240814775
240814776
240814783
240814786
240814797
240814800
240814824
240814828
240814859
240814909
240814926
240814949
240814969
240814976
240815038
240815068
240815085
240815132
240815152
240815157
240815162
240815195
240815232
240815253
240815333
240815347
240815348
240815375
240815394
240815400
240815414
240815428
240815434
240815467
240815497
240815506
240815525
240815556
240815564
240815577
240815590
240815605
240815617
240815630
240815647
240815668
240815753
240815760
240815781
240815809
240815877
240815884
240815885
240815887
240815905
240815910
240815917
240815918
240815942
240815943
240815971
240815974
240815982
240816000
240816006
240816056
240816058
240816076
240816081
240816104
240816105
240816121
240816140
240816151
240816183
240816238
240816257
240816259
240816270
240816278
240816329
240816347
240816401
240816425
240816552
240816570
240816597
240816610
240816667
240816697
240816715
240816758
240816765
240816767
240816800
240816816
240816841
240816867
240816912
240816968
240816981
240816998
240817025
240817028
240817051
240817060
240817071
240817096
240817140
240817161
240817165
240817188
240817191
240817212
240817214
240817215
240817247
240817260
240817269
240817283
240817317
240817360
240817400
240900038
240900052
240900066
240900098
240900141
240900149
240900213
240900248
240900250
240900253
240900271
240900276
240900278
240900299
240900310
240900313
240900316
240900377
240900395
240900414
240900424
240900466
240900498
240900500
240900502
240900525
240900537
240900540
240900629
240900664
240900675
240900690
240900712
240900716
240900725
240900732
240900754
240900822
240900829
240900841
240900904
240900949
240900964
240901021
240901059
240901069
240901106
240901149
240901159
240901164
240901169
240901175
240901185
240901186
240901217
240901290
240901296
240901321
240901339
240901352
240901364
240901378
240901400
240901407
240901434
240901449
240901453
240901487
240901524
240901598
240901646
240901647
240901670
240901701
240901712
240901732
240901736
240901761
240901788
240901833
240901848
240901869
240901880
240901881
240901908
240901993
240902015
240902028
240902029
240902037
240902096
240902107
240902122
240902124
240902154
240902157
240902168
240902192
240902211
240902224
240902247
240902250
240902262
240902271
240902272
240902277
240902281
240902286
240902296
240902341
240902374
240902377
240902381
240902382
240902387
240902420
240902462
240902463
240902466
240902547
240902574
240902599
240902633
240902677
240902703
240902716
240902728
240902729
240902744
240902765
240902797
240902859
240902862
240902873
240902875
240902925
240902971
240902996
240903011
240903015
240903026
240903039
240903060
240903064
240903081
240903100
240903112
240903123
240903128
240903142
240903166
240903213
240903234
240903245
240903248
240903264
240903271
240903317
240903318
240903319
240903323
240903328
240903352
240903353
240903354
240903386
240903401
240903403
240903411
240903421
240903433
240903438
240903450
240903457
240903475
240903477
240903497
240903516
240903517
240903523
240903525
240903591
240903615
240903618
240903625
240903634
240903642
240903658
240903659
240903661
240903679
240903725
240903728
240903732
240903742
240903771
240903786
240903795
240903819
240903847
240903871
240903957
240903996
240904000
240904011
240904013
240904049
240904052
240904096
240904165
240904171
240904181
240904191
240904224
240904239
240904246
240904247
240904252
240904294
240904301
240904348
240904359
240904370
240904418
240904459
240904486
240904521
240904525
240904612
240904615
240904634
240904674
240904678
240904690
240904697
240904700
240904751
240904760
240904774
240904809
240904811
240904831
240904848
240904880
240904890
240904891
240904894
240904923
240904950
240904955
240904967
240904977
240904982
240904987
240905001
240905012
240905044
240905048
240905056
240905092
240905138
240905150
240905161
240905202
240905210
240905231
240905234
240905242
240905244
240905347
240905400
240905417
240905445
240905463
240905553
240905559
240905566
240905575
240905590
240905594
240905608
240905614
240905642
240905707
240905757
240905769
240905781
240905805
240905836
240905856
240905874
240905917
240905942
240905953
240905966
240905978
240906035
240906068
240906084
240906111
240906137
240906158
240906238
240906319
240906334
240906340
240906358
240906364
240906378
240906398
240906427
240906433
240906470
240906585
240906595
240906599
240906681
240906686
240906703
240906739
240906744
240906773
240906786
240906805
240906826
240906830
240906831
240906837
240906845
240906854
240906883
240906947
240906966
240906973
240906976
240907018
240907031
240907073
240907079
240907113
240907125
240907134
240907135
240907144
240907145
240907172
240907175
240907188
240907201
240907231
240907240
240907244
240907245
240907269
240907276
240907304
240907315
240907349
240907360
240907375
240907378
240907404
240907409
240907416
240907420
240907421
240907427
240907431
240907432
240907441
240907446
240907468
240907489
240907502
240907504
240907513
240907522
240907546
240907548
240907550
240907582
240907659
240907691
240907709
240907714
240907731
240907746
240907782
240907787
240907792
240907796
240907803
240907805
240907813
240907840
240907841
240907862
240907872
240907882
240907938
240907944
240907955
240907957
240907970
240907971
240907990
240907997
240908012
240908035
240908108
240908138
240908155
240908160
240908168
240908170
240908173
240908180
240908193
240908257
240908258
240908266
240908271
240908296
240908299
240908302
240908359
240908375
240908396
240908403
240908423
240908434
240908438
240908453
240908484
240908511
240908520
240908572
240908578
240908581
240908604
240908613
240908650
240908659
240908685
240908689
240908690
240908704
240908709
240908768
240908771
240908798
240908801
240908822
240908854
240908866
240908915
240908941
240908955
240908982
240908983
240908998
240909044
240909069
240909144
240909147
240909176
240909217
240909225
240909249
240909282
240909393
240909398
240909401
240909424
240909444
240909446
240909466
240909477
240909502
240909525
240909551
240909573
240909579
240909614
240909630
240909696
240909707
240909720
240909793
240909833
240909834
240909865
240909866
240909869
240909872
240909890
240909899
240909902
240909925
240909942
240909958
240909966
240909967
240910013
240910016
240910037
240910038
240910047
240910066
240910077
240910097
240910124
240910129
240910146
240910194
240910201
240910217
240910221
240910222
240910238
240910241
240910266
240910267
240910275
240910288
240910319
240910346
240910359
240910376
240910389
240910438
240910443
240910446
240910503
240910534
240910567
240910594
240910620
240910655
240910675
240910708
240910714
240910752
240910764
240910767
240910779
240910780
240910842
240910849
240910907
240910943
240910953
240910963
240911021
240911029
240911134
240911138
240911141
240911158
240911160
240911161
240911243
240911244
240911260
240911302
240911304
240911331
240911335
240911337
240911355
240911375
240911386
240911433
240911450
240911459
240911483
240911504
240911517
240911524
240911527
240911568
240911585
240911611
240911628
240911629
240911642
240911644
240911662
240911670
240911681
240911726
240911755
240911765
240911777
240911785
240911808
240911819
240911867
240911876
240911885
240911902
240911916
240911941
240911959
240911961
240911965
240911981
240911982
240911998
240912043
240912071
240912072
240912126
240912133
240912139
240912142
240912158
240912160
240912168
240912200
240912214
240912227
240912235
240912243
240912245
240912249
240912261
240912262
240912277
240912282
240912315
240912317
240912324
240912360
240912361
240912392
240912402
240912418
240912456
240912500
240912517
240912531
240912535
240912568
240912627
240912649
240912650
240912656
240912675
240912680
240912696
240912746
240912751
240912765
240912774
240912790
240912792
240912820
240912849
240912856
240912857
240912880
240912889
240912906
240912928
240912990
240913024
240913029
240913041
240913077
240913093
240913111
240913125
240913138
240913141
240913146
240913198
240913202
240913203
240913240
240913262
240913275
240913288
240913328
240913330
240913344
240913365
240913389
240913404
240913413
240913440
240913445
240913494
240913499
240913522
240913530
240913554
240913565
240913573
240913589
240913599
240913642
240913645
240913681
240913686
240913724
240913746
240913751
240913778
240913806
240913861
240913877
240913914
240913928
240913945
240913946
240913951
240913965
240914005
240914014
240914027
240914029
240914030
240914049
240914126
240914141
240914163
240914166
240914179
240914186
240914202
240914213
240914248
240914251
240914268
240914299
240914321
240914374
240914378
240914446
240914448
240914455
240914465
240914468
240914488
240914509
240914520
240914562
240914597
240914598
240914633
240914695
240914720
240914727
240914734
240914739
240914753
240914768
240914819
240914847
240914852
240914863
240914888
240914920
240914925
240914965
240915023
240915064
240915079
240915083
240915101
240915155
240915193
240915222
240915235
240915248
240915256
240915261
240915314
240915406
240915422
240915441
240915460
240915499
240915510
240915529
240915538
240915554
240915556
240915626
240915648
240915654
240915660
240915666
240915678
240915684
240915701
240915707
240915736
240915791
240915798
240915810
240915848
240915850
240915873
240915899
240915901
240915906
240915913
240915922
240915923
240915930
240915975
240915992
240915997
240916006
240916047
240916052
240916056
240916061
240916071
240916093
240916120
240916145
240916152
240916174
240916207
240916245
240916248
240916259
240916273
240916278
240916300
240916331
240916353
240916369
240916374
240916384
240916462
240916473
240916489
240916524
240916542
240916553
240916613
240916616
240916633
240916643
240916655
240916664
240916700
240916769
240916775
240916777
240916784
240916795
240916825
240916844
240916858
240916885
240916902
240916963
240916976
240917036
240917044
240917073
240917084
240917099
240917100
240917141
240917143
240917153
240917181
240917198
240917221
240917235
240917269
240917353
240917383
240917384
240917395
240917405
240917453
240917475
240917480
240917488
240917492
240917536
240917557
240917560
240917595
240917640
240917662
240917688
240917701
240917775
240917790
240917807
240917823
240917825
240917834
240917838
240917872
240917874
240917934
240917942
240917947
240917963
240918012
240918073
240918076
240918077
240918086
240918088
240918094
240918109
240918206
240918207
240918251
240918254
240918266
240918267
240918298
240918342
240918348
240918396
240918403
240918423
240918438
240918456
240918467
240918476
240918480
240918493
240918556
240918576
240918601
240918619
240918642
240918671
240918706
240918707
240918713
240918727
240918750
240918771
240918778
240918782
240918785
240918813
240918817
240918849
240918851
240918865
240918917
240918919
240918928
240918936
240918942
240918952
240919021
240919044
240919083
240919088
240919091
240919101
240919188
240919196
240919214
240919242
240919248
240919252
240919283
240919302
240919305
240919310
240919341
240919350
240919354
240919355
240919356
240919386
240919391
240919394
240919448
240919452
240919461
240919464
240919487
240919492
240919516
240919614
240919624
240919641
240919648
240919662
240919664
240919737
240919751
240919757
240919795
240919805
240919811
240919824
240919828
240919838
240919854
240919855
240919911
240919916
240919943
240919961
240919964
240919972
240920023
240920032
240920045
240920052
240920054
240920100
240920132
240920168
240920172
240920173
240920195
240920239
240920252
240920261
240920286
240920291
240920330
240920342
240920386
240920404
240920414
240920438
240920445
240920460
240920462
240920503
240920549
240V_Output_from_120V_Generator
240_(number)
240_Centre_Street
240_V_GFCI_receptacle
240_mm_howitzer_M1
240_mm_mortar_M240
240_mm_trench_mortar
240_speaking_topics_with_sample_answers_volume_2_(book)
240_st_georges_terrace
240_vanadis
240_vocabulary_words_kids_need_to_know_grade_2_24_ready_to_reproduce_packets_that_make_vocabu_(book)
240pneat
240th_battalion_cef
240th_cavalry_regiment_united_states
240th_coast_artillery_united_states
240th_infantry_division
240th_rifle_division
240v0
241000056
241000064
241000098
241000126
241000147
241000156
241000157
241000164
241000181
241000208
241000220
241000286
241000299
241000327
241000335
241000400
241000405
241000418
241000427
241000437
241000455
241000490
241000494
241000528
241000548
241000554
241000565
241000633
241000672
241000674
241000709
241000718
241000745
241000754
241000793
241000840
241000867
241000910
241000928
241000929
241000931
241000942
241000953
241000990
241001004
241001005
241001016
241001024
241001047
241001067
241001097
241001118
241001130
241001152
241001182
241001193
241001211
241001215
241001236
241001253
241001292
241001307
241001340
241001382
241001404
241001440
241001460
241001482
241001531
241001545
241001564
241001590
241001609
241001632
241001658
241001659
241001688
241001689
241001690
241001694
241001712
241001733
241001743
241001751
241001788
241001789
241001790
241001802
241001829
241001875
241001885
241001886
241001887
241001889
241001938
241001944
241001945
241002038
241002076
241002144
241002181
241002193
241002252
241002264
241002281
241002306
241002319
241002340
241002357
241002364
241002370
241002373
241002377
241002389
241002434
241002440
241002444
241002461
241002470
241002499
241002503
241002553
241002566
241002583
241002591
241002593
241002604
241002610
241002614
241002713
241002745
241002786
241002832
241002898
241002903
241002921
241002924
241002925
241002953
241003012
241003054
241003060
241003076
241003156
241003172
241003207
241003325
241003329
241003394
241003495
241003537
241003561
241003575
241003606
241003626
241003627
241003648
241003659
241003660
241003715
241003719
241003751
241003789
241003824
241003836
241003854
241003892
241003935
241003936
241003942
241003948
241003960
241004034
241004039
241004049
241004071
241004076
241004079
241004099
241004158
241004171
241004181
241004186
241004192
241004193
241004214
241004218
241004222
241004225
241004258
241004266
241004290
241004315
241004326
241004338
241004350
241004371
241004373
241004384
241004439
241004456
241004461
241004522
241004531
241004574
241004575
241004592
241004641
241004650
241004664
241004681
241004698
241004720
241004736
241004748
241004770
241004843
241004845
241004884
241004914
241004961
241004974
241005009
241005033
241005065
241005067
241005074
241005090
241005092
241005102
241005117
241005187
241005195
241005215
241005258
241005270
241005307
241005372
241005396
241005423
241005442
241005463
241005485
241005504
241005562
241005588
241005622
241005633
241005635
241005639
241005656
241005658
241005689
241005691
241005692
241005750
241005761
241005783
241005817
241005823
241005832
241005857
241005875
241005881
241005889
241005898
241005937
241005954
241005966
241005982
241005997
241006028
241006067
241006069
241006103
241006113
241006115
241006141
241006163
241006190
241006233
241006250
241006265
241006279
241006283
241006295
241006296
241006298
241006352
241006365
241006374
241006388
241006428
241006451
241006456
241006482
241006515
241006519
241006555
241006584
241006604
241006637
241006645
241006689
241006713
241006725
241006728
241006751
241006799
241006837
241006841
241006860
241006863
241006928
241006943
241006968
241006969
241007000
241007007
241007040
241007061
241007081
241007085
241007096
241007115
241007153
241007162
241007189
241007202
241007214
241007248
241007260
241007278
241007297
241007317
241007319
241007322
241007347
241007355
241007378
241007406
241007485
241007486
241007487
241007491
241007507
241007517
241007519
241007525
241007529
241007537
241007641
241007656
241007660
241007666
241007668
241007689
241007710
241007752
241007769
241007783
241007786
241007799
241007853
241007859
241007894
241007912
241007915
241007961
241007969
241007977
241007981
241007985
241008000
241008052
241008077
241008079
241008083
241008112
241008129
241008150
241008152
241008168
241008171
241008181
241008188
241008200
241008224
241008225
241008265
241008280
241008334
241008340
241008354
241008380
241008444
241008446
241008465
241008469
241008478
241008484
241008529
241008530
241008545
241008573
241008595
241008623
241008634
241008661
241008681
241008689
241008715
241008719
241008732
241008741
241008772
241008776
241008848
241008860
241008868
241008886
241008895
241008903
241008947
241008986
241009016
241009018
241009027
241009028
241009039
241009064
241009088
241009115
241009117
241009131
241009138
241009159
241009229
241009236
241009257
241009258
241009279
241009300
241009323
241009361
241009366
241009385
241009416
241009420
241009432
241009436
241009471
241009541
241009550
241009565
241009566
241009577
241009603
241009612
241009629
241009635
241009671
241009677
241009684
241009699
241009715
241009722
241009744
241009753
241009759
241009768
241009793
241009804
241009844
241009859
241009868
241009892
241009905
241009977
241010006
241010027
241010036
241010054
241010057
241010083
241010174
241010179
241010199
241010259
241010267
241010320
241010362
241010367
241010369
241010385
241010404
241010405
241010416
241010418
241010444
241010478
241010508
241010543
241010563
241010624
241010649
241010683
241010706
241010772
241010782
241010786
241010799
241010807
241010815
241010819
241010831
241010832
241010853
241010896
241010945
241010964
241010974
241011034
241011048
241011073
241011074
241011116
241011117
241011123
241011147
241011154
241011192
241011214
241011215
241011233
241011239
241011263
241011270
241011285
241011290
241011294
241011297
241011323
241011331
241011334
241011347
241011384
241011420
241011421
241011433
241011451
241011467
241011502
241011519
241011547
241011589
241011592
241011626
241011723
241011781
241011790
241011795
241011805
241011830
241011844
241011867
241011878
241011963
241011966
241011979
241012002
241012036
241012096
241012121
241012134
241012140
241012143
241012166
241012211
241012230
241012240
241012242
241012298
241012300
241012310
241012335
241012359
241012364
241012398
241012446
241012486
241012529
241012530
241012552
241012563
241012582
241012603
241012648
241012671
241012697
241012733
241012745
241012771
241012772
241012784
241012786
241012797
241012812
241012842
241012872
241012881
241012885
241012911
241012925
241012943
241012976
241013004
241013065
241013106
241013121
241013185
241013195
241013220
241013259
241013279
241013287
241013339
241013372
241013401
241013409
241013455
241013466
241013492
241013499
241013544
241013552
241013556
241013561
241013563
241013570
241013593
241013601
241013608
241013611
241013629
241013660
241013701
241013708
241013710
241013723
241013768
241013778
241013803
241013825
241013826
241013862
241013918
241013953
241013996
241014028
241014030
241014037
241014042
241014045
241014069
241014126
241014132
241014139
241014172
241014208
241014215
241014216
241014245
241014288
241014303
241014314
241014319
241014328
241014349
241014371
241014380
241014383
241014388
241014433
241014438
241014439
241014478
241014485
241014486
241014489
241014497
241014508
241014519
241014536
241014550
241014557
241014595
241014612
241014636
241014667
241014673
241014680
241014722
241014723
241014745
241014769
241014820
241014830
241014857
241014877
241014880
241014934
241014948
241015058
241015062
241015099
241015115
241015136
241015140
241015158
241015220
241015246
241015259
241015289
241015295
241015312
241015327
241015359
241015366
241015402
241015410
241015430
241015441
241015454
241015455
241015460
241015472
241015480
241015489
241015495
241015507
241015508
241015538
241015552
241015558
241015564
241015617
241015630
241015648
241015669
241015682
241015714
241015716
241015719
241015735
241015737
241015749
241015761
241015764
241015853
241015860
241015889
241015895
241015922
241015934
241015945
241015946
241015995
241016003
241016012
241016013
241016020
241016026
241016038
241016051
241016056
241016071
241016164
241016176
241016198
241016211
241016223
241016227
241016235
241016243
241016265
241016313
241016375
241016396
241016411
241016436
241016448
241016450
241016467
241016470
241016476
241016499
241016518
241016525
241016549
241016576
241016583
241016590
241016599
241016613
241016637
241016656
241016686
241016691
241016737
241016758
241016796
241016842
241016888
241016909
241016928
241016942
241016974
241016984
241017004
241017009
241017014
241017033
241017042
241017076
241017126
241017177
241017183
241017235
241017260
241017295
241017319
241017334
241017335
241017385
241017418
241017422
241017429
241017440
241017442
241017448
241017452
241017472
241017497
241017501
241017524
241017529
241017541
241017589
241017591
241017615
241017618
241017643
241017669
241017680
241017798
241017802
241017816
241017844
241017845
241017873
241017890
241017927
241017928
241017951
241017957
241017989
241017994
241018011
241018023
241018040
241018053
241018093
241018123
241018125
241018140
241018168
241018185
241018264
241018274
241018280
241018300
241018340
241018399
241018426
241018440
241018457
241018470
241018478
241018519
241018527
241018532
241018540
241018550
241018551
241018564
241018578
241018603
241018624
241018647
241018660
241018667
241018675
241018698
241018712
241018720
241018755
241018764
241018829
241018859
241018886
241018897
241018901
241018918
241018965
241018967
241019008
241019013
241019094
241019101
241019213
241019232
241019293
241019299
241019353
241019399
241019404
241019415
241019427
241019461
241019462
241019492
241019512
241019513
241019519
241019562
241019585
241019600
241019612
241019628
241019647
241019654
241019660
241019672
241019695
241019698
241019725
241019844
241019868
241019884
241019886
241019906
241019910
241019923
241019945
24101_cassini
241020024
241020049
241020078
241020090
241020098
241020134
241020149
241020158
241020194
241020197
241020212
241020222
241020233
241020258
241020305
241020310
241020312
241020318
241020332
241020349
241020359
241020375
241020376
241020377
241020438
241020448
241020468
241020478
241020500
241020536
241020562
241020563
241020583
241020598
241020603
241020609
241020626
241020632
241020644
241020696
241020711
241020713
241020773
241020775
241020777
241020815
241020840
241020847
241020878
241020899
241020909
241020945
241020946
241021046
241021058
241021060
241021100
241021121
241021125
241021128
241021132
241021149
241021157
241021162
241021171
241021269
241021291
241021295
241021325
241021355
241021400
241021414
241021432
241021445
241021453
241021471
241021490
241021523
241021533
241021576
241021585
241021599
241021602
241021663
241021696
241021720
241021742
241021760
241021777
241021804
241021808
241021810
241021813
241021840
241021922
241021946
241021972
241021979
241021980
241022000
241022027
241022060
241022078
241022099
241022103
241022139
241022145
241022146
241022169
241022173
241022174
241022189
241022194
241022236
241022246
241022259
241022306
241022344
241022363
241022402
241022435
241022457
241022477
241022501
241022512
241022524
241022529
241022547
241022575
241022581
241022590
241022610
241022622
241022631
241022636
241022637
241022648
241022660
241022692
241022700
241022720
241022732
241022746
241022748
241022778
241022831
241022859
241022872
241022888
241022890
241022894
241022910
241022918
241022957
241022965
241022971
241023037
241023057
241023070
241023091
241023097
241023099
241023107
241023111
241023127
241023128
241023158
241023169
241023174
241023191
241023210
241023235
241023265
241023266
241023270
241023278
241023324
241023332
241023365
241023367
241023373
241023391
241023412
241023427
241023454
241023457
241023480
241023520
241023536
241023560
241023625
241023633
241023634
241023636
241023690
241023698
241023702
241023703
241023771
241023781
241023782
241023815
241023839
241023867
241023892
241023907
241023910
241023946
241023955
241023994
241024009
241024011
241024042
241024043
241024077
241024086
241024118
241024181
241024202
241024203
241024216
241024217
241100002
241100015
241100029
241100041
241100074
241100134
241100135
241100189
241100209
241100248
241100277
241100296
241100306
241100322
241100328
241100357
241100358
241100361
241100375
241100446
241100462
241100476
241100489
241100517
241100536
241100618
241100637
241100641
241100655
241100667
241100679
241100705
241100709
241100761
241100775
241100785
241100826
241100853
241100875
241100881
241100888
241100897
241100940
241100946
241100989
241100999
241101048
241101059
241101070
241101097
241101101
241101110
241101118
241101129
241101158
241101173
241101258
241101261
241101281
241101361
241101419
241101423
241101486
241101492
241101512
241101544
241101547
241101551
241101561
241101585
241101613
241101616
241101618
241101746
241101779
241101791
241101810
241101905
241101920
241101925
241101934
241101942
241101983
241101992
241102012
241102034
241102061
241102063
241102064
241102074
241102079
241102100
241102106
241102122
241102162
241102163
241102177
241102227
241102333
241102334
241102342
241102364
241102372
241102386
241102453
241102457
241102458
241102475
241102484
241102516
241102563
241102565
241102603
241102626
241102648
241102664
241102707
241102711
241102722
241102730
241102751
241102824
241102827
241102843
241102870
241102885
241102898
241102908
241102925
241102947
241102994
241103005
241103009
241103076
241103107
241103144
241103152
241103224
241103232
241103246
241103262
241103267
241103286
241103290
241103307
241103314
241103315
241103374
241103408
241103411
241103430
241103455
241103466
241103483
241103487
241103521
241103525
241103531
241103550
241103581
241103590
241103598
241103629
241103635
241103639
241103643
241103647
241103650
241103659
241103685
241103720
241103737
241103742
241103747
241103763
241103853
241103857
241103871
241103872
241103898
241103929
241103940
241103979
241103980
241103988
241104013
241104026
241104068
241104070
241104146
241104167
241104190
241104194
241104218
241104224
241104234
241104246
241104255
241104264
241104274
241104337
241104347
241104393
241104403
241104410
241104414
241104419
241104434
241104454
241104479
241104481
241104492
241104510
241104521
241104532
241104544
241104606
241104648
241104650
241104714
241104740
241104789
241104790
241104807
241104819
241104827
241104857
241104905
241104912
241104921
241104929
241104953
241104995
241105021
241105048
241105049
241105055
241105064
241105072
241105074
241105106
241105116
241105139
241105178
241105240
241105257
241105283
241105289
241105324
241105394
241105412
241105459
241105477
241105489
241105499
241105540
241105551
241105561
241105625
241105642
241105712
241105721
241105725
241105815
241105848
241105855
241105923
241105932
241105954
241105986
241105997
241106012
241106015
241106016
241106020
241106025
241106041
241106137
241106174
241106179
241106212
241106220
241106268
241106274
241106279
241106326
241106344
241106352
241106368
241106384
241106410
241106444
241106452
241106526
241106532
241106540
241106542
241106545
241106556
241106557
241106575
241106576
241106615
241106632
241106649
241106675
241106742
241106746
241106759
241106783
241106799
241106832
241106833
241106854
241106916
241106941
241106993
241107020
241107028
241107030
241107035
241107075
241107105
241107130
241107174
241107215
241107217
241107227
241107240
241107331
241107336
241107395
241107428
241107451
241107460
241107503
241107506
241107525
241107529
241107534
241107548
241107583
241107597
241107648
241107663
241107667
241107694
241107705
241107726
241107745
241107775
241107788
241107852
241107857
241107862
241107867
241107873
241107924
241107926
241107955
241107966
241107999
241108065
241108078
241108125
241108134
241108137
241108158
241108179
241108192
241108207
241108224
241108254
241108358
241108369
241108381
241108394
241108412
241108445
241108478
241108485
241108487
241108508
241108537
241108543
241108555
241108577
241108595
241108603
241108619
241108654
241108715
241108723
241108800
241108848
241108858
241108863
241108870
241108893
241108907
241108945
241108963
241109031
241109053
241109066
241109090
241109114
241109115
241109128
241109136
241109138
241109159
241109172
241109230
241109238
241109241
241109248
241109278
241109293
241109303
241109322
241109364
241109408
241109435
241109458
241109466
241109500
241109505
241109515
241109535
241109550
241109630
241109636
241109641
241109658
241109670
241109685
241109718
241109722
241109792
241109819
241109827
241109830
241109879
241109892
241109898
241109909
241109920
241109923
241109963
241109971
241109982
241109985
241109987
241109989
241109992
241110008
241110026
241110028
241110043
241110065
241110086
241110112
241110113
241110127
241110155
241110163
241110212
241110244
241110272
241110274
241110293
241110326
241110385
241110390
241110420
241110425
241110464
241110491
241110511
241110512
241110591
241110604
241110606
241110659
241110695
241110701
241110703
241110707
241110736
241110781
241110819
241110821
241110826
241110835
241110837
241110845
241110846
241110859
241110872
241110897
241111047
241111049
241111088
241111116
241111144
241111150
241111152
241111169
241111184
241111226
241111257
241111262
241111267
241111339
241111361
241111363
241111371
241111429
241111435
241111442
241111467
241111479
241111488
241111547
241111592
241111622
241111654
241111670
241111694
241111712
241111750
241111764
241111801
241111819
241111878
241111885
241111913
241111916
241111966
241111974
241111990
241111991
241111992
241112036
241112040
241112076
241112092
241112149
241112173
241112176
241112197
241112231
241112235
241112238
241112261
241112310
241112311
241112354
241112368
241112387
241112426
241112473
241112526
241112534
241112550
241112616
241112653
241112654
241112664
241112674
241112678
241112715
241112727
241112801
241112819
241112839
241112854
241112876
241112878
241112887
241112892
241112930
241112977
241112984
241112989
241113016
241113021
241113040
241113090
241113135
241113159
241113195
241113244
241113250
241113256
241113264
241113274
241113283
241113291
241113295
241113331
241113333
241113353
241113376
241113410
241113450
241113459
241113504
241113549
241113581
241113644
241113650
241113657
241113666
241113668
241113672
241113677
241113725
241113757
241113835
241113847
241113851
241113861
241113877
241113888
241113907
241113909
241113914
241113930
241113991
241114001
241114018
241114040
241114075
241114095
241114117
241114196
241114271
241114287
241114299
241114309
241114390
241114430
241114452
241114479
241114497
241114505
241114573
241114583
241114594
241114595
241114617
241114656
241114661
241114701
241114712
241114722
241114725
241114762
241114780
241114812
241114831
241114832
241114833
241114834
241114843
241114855
241114878
241114908
241114923
241114968
241114982
241115006
241115010
241115013
241115081
241115093
241115109
241115143
241115164
241115166
241115266
241115380
241115390
241115395
241115399
241115436
241115446
241115454
241115465
241115483
241115493
241115604
241115627
241115646
241115647
241115679
241115686
241115693
241115711
241115733
241115807
241115822
241115873
241115925
241115934
241115964
241115981
241116003
241116011
241116012
241116052
241116075
241116088
241116096
241116103
241116148
241116168
241116210
241116234
241116246
241116250
241116253
241116256
241116266
241116396
241116438
241116481
241116484
241116503
241116517
241116545
241116546
241116558
241116564
241116567
241116590
241116600
241116654
241116665
241116679
241116707
241116711
241116796
241116855
241116875
241116910
241116932
241116937
241116966
241117024
241117045
241117100
241117129
241117141
241117142
241117174
241117203
241117218
241117227
241117256
241117266
241117307
241117311
241117336
241117414
241117519
241117534
241117551
241117590
241117623
241117634
241117780
241117795
241117811
241117815
241117816
241117820
241117821
241117830
241117886
241117887
241117959
241117962
241117982
241117987
241118047
241118060
241118074
241118149
241118162
241118164
241118169
241118171
241118172
241118205
241118234
241118253
241118285
241118295
241118302
241118307
241118339
241118427
241118428
241118435
241118440
241118511
241118517
241118525
241118529
241118542
241118551
241118556
241118557
241118561
241118566
241118618
241118623
241118764
241118782
241118795
241118804
241118815
241118819
241118835
241118869
241118944
241118959
241119003
241119026
241119052
241119060
241119069
241119112
241119119
241119128
241119132
241119171
241119217
241119222
241119257
241119264
241119280
241119292
241119295
241119301
241119314
241119329
241119361
241119443
241119445
241119472
241119492
241119502
241119503
241119509
241119517
241119522
241119524
241119528
241119554
241119558
241119586
241119605
241119639
241119680
241119708
241119712
241119713
241119764
241119785
241119806
241119844
241119855
241119864
241119876
241119946
241119950
241200021
241200049
241200081
241200103
241200105
241200116
241200124
241200189
241200204
241200219
241200220
241200241
241200246
241200253
241200310
241200315
241200388
241200392
241200402
241200407
241200419
241200422
241200445
241200449
241200502
241200521
241200531
241200541
241200546
241200548
241200565
241200582
241200608
241200648
241200657
241200670
241200671
241200680
241200682
241200683
241200693
241200714
241200741
241200783
241200792
241200793
241200795
241200797
241200798
241200807
241200920
241200943
241200951
241200954
241200997
241201027
241201030
241201043
241201045
241201049
241201052
241201083
241201124
241201178
241201212
241201235
241201248
241201265
241201283
241201289
241201315
241201334
241201336
241201347
241201348
241201369
241201371
241201378
241201465
241201492
241201495
241201508
241201550
241201553
241201594
241201615
241201621
241201642
241201665
241201724
241201730
241201783
241201791
241201792
241201794
241201839
241201859
241201860
241201874
241201887
241201928
241201929
241201931
241201988
241202035
241202052
241202110
241202112
241202115
241202130
241202144
241202165
241202186
241202211
241202237
241202267
241202290
241202296
241202358
241202364
241202373
241202378
241202379
241202393
241202402
241202407
241202415
241202458
241202477
241202509
241202519
241202531
241202557
241202586
241202596
241202613
241202625
241202639
241202651
241202691
241202694
241202700
241202713
241202724
241202768
241202814
241202843
241202860
241202870
241202888
241202907
241202913
241202914
241202915
241202919
241202931
241202940
241202960
241203072
241203077
241203084
241203142
241203150
241203212
241203253
241203266
241203293
241203397
241203413
241203431
241203432
241203461
241203506
241203513
241203534
241203555
241203580
241203584
241203677
241203698
241203702
241203753
241203788
241203816
241203839
241203841
241203887
241203922
241203929
241203955
241203990
241204010
241204016
241204027
241204064
241204074
241204097
241204109
241204113
241204125
241204156
241204164
241204200
241204207
241204221
241204229
241204235
241204240
241204242
241204255
241204256
241204278
241204317
241204321
241204349
241204352
241204367
241204381
241204382
241204383
241204394
241204440
241204452
241204477
241204495
241204532
241204551
241204563
241204606
241204609
241204611
241204659
241204667
241204703
241204719
241204723
241204737
241204829
241204836
241204883
241204887
241204918
241204933
241204962
241204968
241205031
241205043
241205051
241205056
241205075
241205078
241205079
241205120
241205175
241205199
241205212
241205213
241205226
241205241
241205249
241205253
241205273
241205278
241205279
241205313
241205314
241205366
241205372
241205380
241205451
241205454
241205501
241205509
241205530
241205540
241205548
241205552
241205632
241205633
241205644
241205713
241205715
241205735
241205749
241205839
241205840
241205867
241205955
241206010
241206043
241206080
241206117
241206124
241206207
241206211
241206369
241206372
241206389
241206396
241206406
241206435
241206451
241206465
241206493
241206504
241206525
241206531
241206579
241206592
241206602
241206620
241206641
241206696
241206716
241206750
241206769
241206801
241206803
241206806
241206817
241206818
241206819
241206824
241206863
241206867
241206912
241206914
241206916
241206931
241206972
241206990
241206996
241207008
241207017
241207034
241207044
241207068
241207069
241207070
241207089
241207096
241207107
241207121
241207182
241207190
241207194
241207240
241207256
241207270
241207310
241207342
241207374
241207411
241207422
241207426
241207438
241207448
241207516
241207534
241207607
241207628
241207680
241207696
241207704
241207720
241207750
241207758
241207823
241207839
241207844
241207857
241207862
241207867
241207872
241207887
241207905
241207909
241207929
241207999
241208030
241208032
241208041
241208089
241208119
241208164
241208169
241208193
241208194
241208206
241208207
241208232
241208288
241208329
241208414
241208416
241208465
241208469
241208491
241208522
241208527
241208655
241208656
241208670
241208682
241208691
241208710
241208738
241208744
241208770
241208774
241208787
241208792
241208828
241208849
241208885
241208886
241208887
241208919
241208951
241208969
241208992
241209008
241209071
241209082
241209128
241209199
241209266
241209277
241209313
241209319
241209350
241209358
241209371
241209420
241209445
241209472
241209506
241209511
241209549
241209569
241209607
241209612
241209613
241209625
241209647
241209659
241209674
241209701
241209703
241209705
241209714
241209772
241209786
241209802
241209828
241209855
241209862
241209866
241209872
241209911
241209972
241210060
241210079
241210090
241210165
241210176
241210183
241210184
241210199
241210206
241210208
241210229
241210240
241210242
241210262
241210263
241210287
241210308
241210320
241210343
241210350
241210352
241210390
241210434
241210436
241210459
241210481
241210486
241210489
241210501
241210543
241210544
241210547
241210580
241210612
241210624
241210628
241210635
241210637
241210702
241210710
241210726
241210729
241210730
241210739
241210755
241210758
241210792
241210802
241210835
241210840
241210855
241210860
241210870
241210878
241210888
241210941
241210993
241210996
241211007
241211018
241211022
241211031
241211033
241211075
241211102
241211103
241211157
241211163
241211169
241211182
241211185
241211207
241211227
241211252
241211264
241211266
241211267
241211280
241211306
241211357
241211369
241211372
241211373
241211379
241211417
241211422
241211441
241211454
241211455
241211528
241211562
241211595
241211596
241211660
241211681
241211760
241211762
241211768
241211800
241211821
241211874
241211890
241211954
241211974
241212000
241212006
241212030
241212088
241212122
241212143
241212154
241212161
241212182
241212190
241212248
241212249
241212262
241212268
241212270
241212281
241212288
241212302
241212348
241212361
241212370
241212377
241212427
241212434
241212450
241212483
241212493
241212509
241212547
241212557
241212590
241212597
241212626
241212651
241212662
241212690
241212737
241212763
241212798
241212805
241212811
241212829
241212876
241212881
241212918
241212931
241212932
241212957
241212973
241212977
241212988
241213000
241213012
241213032
241213067
241213068
241213096
241213118
241213128
241213214
241213223
241213232
241213249
241213253
241213256
241213309
241213338
241213357
241213393
241213396
241213405
241213409
241213439
241213459
241213464
241213467
241213475
241213496
241213517
241213530
241213570
241213573
241213605
241213637
241213639
241213695
241213704
241213717
241213742
241213764
241213795
241213809
241213822
241213849
241213858
241213913
241213914
241213961
241214020
241214044
241214051
241214067
241214085
241214089
241214147
241214150
241214169
241214177
241214185
241214222
241214259
241214301
241214327
241214403
241214404
241214408
241214439
241214441
241214443
241214467
241214484
241214535
241214542
241214600
241214729
241214751
241214770
241214782
241214795
241214838
241214845
241214861
241214863
241214879
241214888
241214896
241214916
241214921
241214927
241214939
241214944
241215013
241215033
241215037
241215059
241215073
241215077
241215117
241215160
241215170
241215173
241215185
241215187
241215229
241215256
241215280
241215300
241215305
241215309
241215323
241215333
241215368
241215386
241215387
241215404
241215413
241215425
241215443
241215469
241215508
241215512
241215575
241215586
241215616
241215619
241215631
241215634
241215657
241215679
241215688
241215689
241215740
241215748
241215754
241215759
241215760
241215793
241215795
241215829
241215871
241215893
241215895
241215899
241215922
241215956
241215957
241215966
241216049
241216050
241216069
241216076
241216085
241216088
241216123
241216158
241216191
241216210
241216256
241216266
241216268
241216299
241216305
241216353
241216388
241216393
241216394
241216409
241216422
241216427
241216481
241216504
241216527
241216528
241216529
241216569
241216573
241216601
241216621
241216679
241216684
241216692
241216700
241216705
241216710
241216719
241216754
241216773
241216775
241216792
241216806
241216827
241216860
241216888
241216902
241216906
241216915
241216919
241216951
241216966
241216992
241217036
241217041
241217043
241217059
241217076
241217137
241217177
241217222
241217244
241217276
241217293
241217306
241217323
241217334
241217361
241217375
241217381
241217394
241217453
241217458
241217459
241217464
241217487
241217511
241217525
241217526
241217545
241217591
241217596
241217622
241217636
241217642
241217661
241217669
241217683
241217714
241217780
241217788
241217870
241217881
241217892
241217917
241217925
241217943
241217971
241217983
241217999
241218004
241218023
241218024
241218059
241218060
241218070
241218090
241218132
241218220
241218222
241218250
241218255
241218289
241218316
241218371
241218413
241218436
241218452
241218469
241218522
241218557
241218574
241218579
241218581
241218600
241218629
241218655
241218663
241218672
241218698
241218732
241218736
241218758
241218806
241218824
241218831
241218839
241218878
241218907
241218922
241218937
241218965
241219012
241219018
241219021
241219031
241219047
241219098
241219134
241219179
241219192
241219248
241219276
241219310
241219313
241219333
241219343
241219349
241219351
241219422
241219450
241219477
241219514
241219536
241219539
241219585
241219658
241219667
241219671
241219734
241219765
241219799
241219804
241219812
241219816
241219826
241219893
241219941
241219945
241219947
241220016
241220027
241220034
241220036
241220048
241220108
241220126
241220136
241220149
241220163
241220217
241220242
241220244
241220246
241220266
241220283
241220310
241220351
241220366
241220410
241220453
241220465
241220476
241220492
241220504
241220517
241220523
241220559
241220566
241220579
241220615
241220625
241220644
241220648
241220653
241220701
241220707
241220742
241220744
241220831
241220917
241220925
241220962
241220970
241220994
241221045
241221059
241221077
241221082
241221084
241221104
241221138
241221140
241221203
241221205
241_Pizza
241_number
241st_air_traffic_control_squadron
241st_battalion_canadian_scottish_borderers_cef
241st_coast_artillery_united_states
241st_fighter_bomber_squadron
241st_rifle_division
2420_order
2423_ibarruri
2424_north_lincoln_avenue
2425_dihydroxycholecalciferol
2428_EMA_Daily_Setup
242_kriemhild
242_number
242nd_battalion_cef
242nd_brigade_united_kingdom
242nd_coast_artillery_united_states
242nd_infantry_division_wehrmacht
242nd_mixed_brigade
242nd_rifle_division
242nd_training_centre
2430_ad
2433_sootiyo
2436_hatshepsut
243_Ida
243_bc
243_command_fire
243_number
243_seiin_high_school_boys_volleyball_team
243_wessex_multi_role_medical_regiment
243pneat
243rd_air_traffic_control_squadron
243rd_battalion_australia
243rd_battalion_cef
243rd_coast_artillery_united_states
243rd_infantry_division
243rd_rifle_division
243rd_static_infantry_division
2440_educatio
2442_corbett
2443_tomeileen
2449_kenos
244_(number)
244_bc
244_days_a_life_(book)
244_sita
244th_air_defense_artillery_regiment
244th_artillery_brigade_russia
244th_aviation_regiment_united_states
244th_expeditionary_combat_aviation_brigade
244th_infantry_division
244th_rifle_division
245-inch_gaming_monitor
2454-olaus-magnus
2456_palamedes
245_(number)
245_Park_Avenue
245_bc
245_song
245_trichlorophenol
245_trihydroxyamphetamine
245_trihydroxymethamphetamine
245_trimethoxyamphetamine
245_trimethoxyphenethylamine
245_trimethoxypropiophenone
245_vera
245th_aviation_regiment_united_states
245th_battalion_canadian_grenadier_guards_cef
245th_coast_artillery_united_states
245th_fighter_aviation_division
245th_fighter_bomber_aviation_squadron
245th_infantry_division
245th_mixed_brigade
245th_motor_rifle_division
245th_rifle_division
245th_siege_battery_royal_garrison_artillery
246_(book)
246_(number)
246_a_jewish_theater_company
246_a_prescription_for_a_healthier_happier_life
246_aftershocks_stories_from_the_japan_earthquake
246_aftershocks_stories_from_the_japan_earthquake_(book)
246_asporina
246_bc
246_the_power_of_unplugging_one_day_a_week
246_tri_tert_butylphenol
246_tri_tert_butylpyrimidine
246_tribromoaniline
246_tribromoanisole
246_trichloroaniline
246_trichloroanisole
246_trichlorobenzoyl_chloride
246_trihydroxyacetophenone
246_trimethoxyamphetamine
246_trimethylpyridine
246_trinitroaniline
246_trinitrobenzenesulfonic_acid
246_trinitrobenzoic_acid
246_tristrinitromethyl_135_triazine
246pneat
246th_mixed_brigade
246th_rifle_division
246th_transportation_battalion_united_states
246th_volksgrenadier_division
2478_tokai
247Sports
247_(book)
247_3t_song
247_Renewable_Energy
247_bc
247_cherry
247_comedy
247_eukrate
247_gerald_albright_and_norman_brown_album
247_gusgus_album
247_kevon_edmonds_album
247_kevon_edmonds_song
247_living_it_up_and_doubling_down_(book)
247_media
247_meek_mill_song
247_number
247_philippine_tv_series
247_the_passion_of_life
247_the_subs_club_4_(book)
247_theatre_festival
247_trihydroxy_14_benzoxazin_3_one_glucoside_7_o_methyltransferase
247th_Guards_Air_Assault_Regiment
247th_battalion_victoria_haliburton_cef
247th_fighter_bomber_aviation_squadron
247th_rifle_division
247°F
24827_maryphil
2483_guinevere
2489-suvorov
248_(number)
248_bc
248_lameia
248th_aviation_support_battalion
248th_battalion_australia
248th_battalion_cef
248th_coast_artillery_united_states
248th_rifle_division
248th_welwyn_heavy_anti_aircraft_battery_royal_artillery
2490_bussolini
24988_alainmilsztajn
249_(number)
249_HGB
249_bc
249_ilse
249_squadron_israel
249plinear
249th_airlift_squadron
249th_coast_artillery_united_states
249th_engineer_battalion_united_states
249th_rifle_division_soviet_union
249th_saskatchewan_battalion_cef
249th_separate_special_motorized_battalion_south
24G_vs_Bluetooth_51
24H_Series
24Herbs
24K+_(band)
24K_Magic_(album)
24K_Magic_(song)
24K_Magic_World_Tour
24Kitchen
24S
24SIX9
24_(2016_film)
24_(Indian_TV_series)
24_(Kanye_West_song)
24_(TV_series)
24_(number)
24_(puzzle)
24_(soundtrack)
24_1_christmas_tales_butterfly_adventures_in_santas_secret_city_(book)
24_2001_film
24_24_jikan_eigyouchuu_(book)
24_26_lower_fort_street_millers_point
24_7_365_n2deep_album
24_7_365_neal_mccoy_album
24_Caprices_for_Solo_Violin_(Paganini)
24_Carat_Purple
24_Carrots
24_City
24_Commando_Royal_Engineers
24_Digital
24_Frames_(film)
24_Frames_Factory
24_GHz_vs_Bluetooth_in_gaming_headsets
24_Horas_(Spanish_TV_channel)
24_Hour_Fitness
24_Hour_Party_People
24_Hour_Psycho
24_Hour_Revenge_Therapy
24_Hours_(ER)
24_Hours_in_A&E
24_Hours_in_Police_Custody
24_Hours_in_the_Past
24_Hours_of_Daytona
24_Hours_of_Le_Mans
24_Hours_of_Le_Mans_(motorcycle_race)
24_Hours_of_Lemons
24_Hours_to_Live
24_Hrs_(album)
24_Japan
24_Karat_Gold_Tour
24_Kisses
24_Mani_Neram
24_Minutes
24_Nights
24_Oras
24_Parganas
24_Preludes_and_Fugues_(Shostakovich)
24_Sussex_Drive
24_album
24_bc
24_bis4_hydroxybenzylphenol
24_camelopardalis
24_cancri
24_canum_venaticorum
24_caprices_for_violin_rode
24_carat_black
24_carat_bold_(book)
24_carat_bold_the_standard_for_real_thought_leaders_(book)
24_carat_gold_album
24_cell_honeycomb_honeycomb
24_cephei
24_cm_Haubitze_39
24_cm_Kanone_3
24_cm_SK_L/40
24_cm_k_l20
24_cm_k_l35
24_cm_kanone_m_16
24_cm_mrk_l25
24_cm_mrk_l255
24_cm_rk_l22
24_cm_schwerer_ladungswerfer_ehrhardt
24_cm_theodor_bruno_kanone_e
24_cm_theodor_kanone_e
24_comae_berenices
24_conspiracy
24_days_2019_film
24_db
24_de_diciembre
24_de_diciembre_metro_station
24_deadly_sins_of_software_security_programming_flaws_and_how_to_fix_them_(book)
24_decembre
24_deep
24_dehydrocholesterol_reductase
24_di_tert_butylphenol
24_diacetylphloroglucinol
24_diaminobutyric_acid
24_diaminopyrimidine
24_dibromophenol
24_dichloroamphetamine
24_dichloroaniline
24_dichlorobenzoic_acid
24_dichlorophenol
24_dichlorophenol_6_monooxygenase
24_dienoyl_coa_reductase
24_dienoyl_coa_reductase_1
24_dihydroxy_14_benzoxazin_3_one_glucoside_dioxygenase
24_dihydroxybenzaldehyde
24_dihydroxybenzoic_acid
24_dimethoxyamphetamine
24_dimethoxybenzaldehyde
24_dimethoxyphenethylamine
24_dimethyl_6_tert_butylphenol
24_dimethylpentane
24_dinitroaniline
24_dinitroanisole
24_division_sri_lanka
24_epibrassinolide
24_erzincanspor
24_ethyl_coprostanol
24_exposures
24_february_indoor_hall
24_february_stadium
24_flavors
24_for_3_(book)
24_fore_street_plympton
24_gadi_iru
24_games_you_can_play_on_a_checker_board_(book)
24_girls_in_7_days_(book)
24_heures_de_la_vie_dune_femme_(book)
24_heures_sur_24_lagent_212_1_(book)
24_heures_sur_24_lagent_212_1_comic_album
24_heures_switzerland
24_horas_(Chilean_TV_program)
24_horas_colombian_tv_program
24_horas_de_sonho
24_horas_mexican_tv_program
24_horas_na_vida_de_uma_mulher_(book)
24_horas_para_un_rescate_(book)
24_horas_regreso_a_la_tierra_(book)
24_horas_regreso_a_la_tierra_poetry_collection
24_horn_trios_reicha
24_hour_alert
24_hour_baby_quilts_leisure_arts_4796_(book)
24_hour_business_plan_template_how_to_validate_your_startup_ideas_and_plan_your_business_vent_(book)
24_hour_call
24_hour_comics_(book)
24_hour_crochet_projects_(book)
24_hour_diet_recall
24_hour_fort_challenge
24_hour_karate_school
24_hour_mountain_bike_races
24_hour_quilting_projects_(book)
24_hour_quilts_(book)
24_hour_rental
24_hour_restaurant_battle
24_hour_roadside_resistance
24_hour_sewing_projects_(book)
24_hours_1931_film
24_hours_2000_film
24_hours_2002_film
24_hours_a_day_album
24_hours_at_agincourt_(book)
24_hours_changed_me_book_1_kids_of_celebrities_trilogy_(book)
24_hours_in_a_film_studio
24_hours_in_cyberspace
24_hours_in_london
24_hours_in_the_life_of_a_woman_(book)
24_hours_in_the_life_of_a_woman_1931_film
24_hours_in_the_life_of_a_woman_1944_film
24_hours_in_the_life_of_a_woman_2002_film
24_hours_london_2009_(book)
24_hours_newspaper
24_hours_of_barcelona
24_hours_of_foo
24_hours_of_le_mans_virtual
24_hours_of_love
24_hours_of_spa_motorcycle_race
24_hours_of_zolder
24_hours_sunmi_song
24_hours_teeflii_song
24_hours_that_changed_the_world_(book)
24_hours_that_changed_the_world_40_days_of_reflection_(book)
24_hours_the_kleptones_album
24_hours_to_kill
24_hours_to_midnight
24_hours_tom_jones_album
24_hours_tv_programme
24_hours_with
24_hours_with_gaspar
24_hrs_film
24_hrs_to_live
24_hrs_tour
24_in_24_last_chef_standing
24_in_24_last_chef_standing_series_1
24_in_24_last_chef_standing_series_2
24_indian_pilots
24_july_2019_mogadishu_bombing
24_kanal
24_karat_etiquette_golden_rules_from_the_worlds_most_glamorous_zip_code
24_karat_etiquette_golden_rules_from_the_worlds_most_glamorous_zip_code_(book)
24_karat_gold_songs_from_the_vault
24_karat_kids_(book)
24_keys_that_bring_complete_success_(book)
24_kilates
24_km
24_km_gorkovskoy_zheleznoy_dorogi
24_legacy
24_live
24_live_another_day
24_lutidine
24_lyncis
24_manai_telugu_chettiars
24_marsh_wall
24_methylenelophenol
24_methylenesterol_c_methyltransferase
24_metre_world_championship
24_modernized_aesop_fables_childrens_book
24_n_propylcholestane
24_news
24_norcholestane
24_november_1989_lebanese_presidential_election
24_oras_northern_mindanao
24_oxazolidinedione
24_persei
24_postcards_in_full_colour
24_preludes_op_11_scriabin
24_preludes_shostakovich
24_ready_to_go_genre_book_reports_engaging_activites_with_reproducibles_rubrics_and_everythin_(book)
24_reasons_why_i_love_you_(book)
24_redemption
24_ruumista_(book)
24_s_hydroxycholesterol
24_sata_serbia
24_scorpii
24_sextantis
24_shades_of_blue
24_single_album
24_squadron_saaf
24_stunden_im_leben_einer_empfindsamen_frau_(book)
24_tales
24_the_soundtrack
24_themis
24_views_of_mt_fuji_by_hokusai
24_vulpeculae
24_ways_to_serve_through_your_day_(book)
24_weeks
24_xmas_time
24_xylidine
24_years_of_hunger
24_zig
24e-rgiment-de-chasseurs-cheval
24h01
24h_architecture_(book)
24h_ep
24hours_band
24hours_tv_program
24hr_trench_a_day_in_the_life_of_a_frontline_tommy_(book)
24hrs_(rapper)
24hu
24kGoldn
24kz
24p
24pschaumasse
24sata_(Croatia)
24seven_british_tv_series
24seven_company
24seven_volume_1_(book)
24seven_volume_1_graphic_novel_anthology
24six
24stundendit_(book)
24th-infantry-regiment-austria-hungary
24th-infantry-regiment-austro-hungarian-army
24th_AVN_Awards
24th_Academy_Awards
24th_Annual_D.I.C.E._Awards
24th_Annual_Grammy_Awards
24th_Annual_Latin_Grammy_Awards
24th_Critics'_Choice_Awards
24th_Golden_Raspberry_Awards
24th_Gulf_Cup
24th_Infantry_Brigade_(United_Kingdom)
24th_Infantry_Division_(United_States)
24th_Infantry_Regiment_(United_States)
24th_Marine_Expeditionary_Unit
24th_Mechanized_Brigade_(Ukraine)
24th_Screen_Actors_Guild_Awards
24th_Separate_Guards_Special_Forces_Brigade
24th_Special_Operations_Wing
24th_Special_Tactics_Squadron
24th_Waffen_Mountain_Division_of_the_SS_Karstjäger
24th_World_Scout_Jamboree
24th_aarp_movies_for_grownups_awards
24th_academy_of_country_music_awards
24th_actors_and_actresses_union_awards
24th_air_army
24th_air_division
24th_air_flotilla
24th_airborne_division_france
24th_alaska_state_legislature
24th_alberta_legislature
24th_and_25th_consolidated_texas_cavalry_regiment
24th_and_lake_historic_district
24th_annie_awards
24th_anniversary_of_the_1989_tiananmen_square_protests_and_massacre
24th_anti_tank_regiment_australia
24th_arabian_gulf_cup
24th_arizona_state_legislature
24th_arizona_territorial_legislature
24th_arkansas_infantry_regiment
24th_armoured_brigade_greece
24th_armoured_brigade_united_kingdom
24th_armoured_regiment_australia
24th_army_corps_russian_empire
24th_army_soviet_union
24th_artillery_brigade_bangladesh
24th_awit_awards
24th_bangladesh_national_film_awards
24th_battalion_australia
24th_battalion_new_zealand
24th_battalion_victoria_rifles_cef
24th_beijing_college_student_film_festival
24th_berlin_international_film_festival
24th_brigade_royal_field_artillery
24th_canadian_film_awards
24th_canadian_ministry
24th_canadian_parliament
24th_cavalry_division_united_states
24th_cavalry_frontier_force
24th_century_BC
24th_coast_artillery_united_states
24th_commando_squadron_australia
24th_congress_of_the_communist_party_of_the_soviet_union
24th_connecticut_infantry_regiment
24th_costume_designers_guild_awards
24th_delaware_general_assembly
24th_directors_guild_of_america_awards
24th_division_german_empire
24th_division_imperial_japanese_army
24th_division_spain
24th_division_united_kingdom
24th_division_war_memorial
24th_division_yugoslav_partisans
24th_european_film_awards
24th_expeditionary_air_support_operations_squadron
24th_expeditionary_reconnaissance_squadron
24th_federal_electoral_district_of_mexico_city
24th_federal_electoral_district_of_the_state_of_mexico
24th_field_artillery_regiment_canada
24th_field_regiment_australia
24th_fighter_bomber_squadron
24th_fighter_squadron
24th_filmfare_awards
24th_filmfare_awards_south
24th_g8_summit
24th_general_assembly_of_newfoundland
24th_general_assembly_of_nova_scotia
24th_genie_awards
24th_georgia_infantry_regiment
24th_gma_dove_awards
24th_golden_bell_awards
24th_golden_disc_awards
24th_golden_eagle_awards
24th_golden_horse_awards
24th_golden_melody_awards
24th_government_of_turkey
24th_goya_awards
24th_grey_cup
24th_group_army
24th_guldbagge_awards
24th_hawaii_territorial_legislature
24th_hazara_mountain_battery_frontier_force
24th_helicopter_squadron
24th_hong_kong_film_awards
24th_iifa_awards
24th_illinois_infantry_regiment
24th_independent_battery_indiana_light_artillery
24th_independent_mixed_brigade_imperial_japanese_army
24th_independent_spirit_awards
24th_indian_infantry_brigade
24th_infantry_division_bangladesh
24th_infantry_division_russian_empire
24th_infantry_division_wehrmacht
24th_intelligence_squadron
24th_international_emmy_awards
24th_international_film_festival_of_india
24th_iowa_infantry_regiment
24th_japan_academy_film_prize
24th_japan_film_professional_awards
24th_kentucky_infantry_regiment
24th_kolkata_international_film_festival
24th_lancers
24th_lancers_regiment
24th_legislature_of_yukon
24th_locarno_film_festival
24th_louisiana_infantry_regiment
24th_luna_awards
24th_machine_gun_battalion_australia
24th_maine_infantry_regiment
24th_manitoba_legislature
24th_massachusetts_infantry_regiment
24th_mechanized_corps_soviet_union
24th_meril_prothom_alo_awards
24th_michigan_infantry_regiment
24th_mingren
24th_missouri_infantry_regiment
24th_mixed_brigade_imperial_japanese_army
24th_moscow_international_film_festival
24th_multi_member_constituency
24th_national_film_awards
24th_national_geographic_bee
24th_national_television_awards
24th_new_brunswick_legislature
24th_new_york_asian_film_festival
24th_new_york_infantry_regiment
24th_ohio_independent_light_artillery_battery
24th_ohio_infantry_regiment
24th_oklahoma_legislature
24th_parliament_of_british_columbia
24th_parliament_of_ontario
24th_parliament_of_turkey
24th_pennsylvania_infantry_regiment
24th_pioneer_battalion_australia
24th_pmpc_star_awards_for_television
24th_producers_guild_of_america_awards
24th_punjabis
24th_quebec_cinema_awards
24th_quebec_legislature
24th_regiment_of_bengal_native_infantry
24th_regiment_of_light_dragoons
24th_reserve_division_german_empire
24th_rifle_corps
24th_room_the_vale_legend_(book)
24th_ruler
24th_satellite_awards
24th_school_wing
24th_scripps_national_spelling_bee
24th_senate_of_puerto_rico
24th_senegalese_tirailleurs_regiment
24th_sony_radio_academy_awards
24th_south_african_parliament
24th_south_carolina_infantry_regiment
24th_ss_police_regiment
24th_street_mission_station
24th_street_station_san_diego_trolley
24th_streetjefferson_and_24th_streetwashington_stations
24th_tactical_missile_squadron
24th_tank_division_soviet_union
24th_tennessee_infantry_regiment
24th_theater_public_affairs_support_element
24th_tnnmusic_city_news_country_awards
24th_tvynovelas_awards
24th_u_boat_flotilla
24th_uhlan_regiment_poland
24th_united_states_colored_infantry_regiment
24th_united_states_congress
24th_utah_territorial_legislature
24th_vanier_cup
24th_venice_biennale
24th_venice_international_film_festival
24th_virginia_cavalry_regiment
24th_virginia_infantry_regiment
24th_wisconsin_legislature
24th_world_science_fiction_convention
24th_writers_guild_of_america_awards
24th_yokohama_film_festival
24v0
24x_national_exchange
25-Hydroxyvitamin_D_1-alpha-hydroxylase
25-NB
25-pair_color_code
25-sai_no_Joshikousei
250
25000_astrometria
25000_baby_names
25000_baby_names_(book)
25000_mornings_ancient_wisdom_for_a_modern_life_(book)
2500_alascattalo
2500_keywords_to_get_you_hired_(book)
250100019
250100059
250100083
250100134
250100168
250100175
250100176
250100189
250100201
250100211
250100229
250100280
250100326
250100337
250100384
250100399
250100412
250100417
250100457
250100465
250100466
250100479
250100536
250100562
250100585
250100593
250100625
250100652
250100653
250100662
250100673
250100714
250100739
250100740
250100754
250100770
250100771
250100811
250100828
250100837
250100857
250100878
250100880
250100888
250100895
250100915
250100923
250100941
250100969
250101038
250101055
250101072
250101112
250101116
250101130
250101137
250101158
250101170
250101195
250101297
250101310
250101319
250101359
250101369
250101436
250101453
250101454
250101488
250101524
250101534
250101616
250101640
250101641
250101646
250101727
250101745
250101748
250101768
250101772
250101787
250101795
250101798
250101813
250101867
250101882
250101902
250101914
250101933
250101966
250102000
250102011
250102014
250102034
250102055
250102060
250102070
250102097
250102098
250102135
250102164
250102203
250102224
250102271
250102280
250102328
250102329
250102337
250102369
250102417
250102431
250102432
250102483
250102497
250102501
250102513
250102538
250102541
250102545
250102547
250102554
250102568
250102578
250102596
250102621
250102674
250102687
250102694
250102707
250102715
250102722
250102740
250102772
250102786
250102825
250102872
250102875
250102923
250102959
250102964
250102974
250102980
250102983
250102994
250103005
250103023
250103046
250103057
250103066
250103068
250103070
250103091
250103126
250103127
250103133
250103187
250103338
250103343
250103345
250103354
250103409
250103440
250103552
250103576
250103586
250103626
250103657
250103660
250103674
250103676
250103682
250103683
250103724
250103753
250103768
250103819
250103843
250103849
250103911
250103929
250103932
250103951
250104038
250104075
250104090
250104151
250104175
250104181
250104183
250104218
250104242
250104247
250104255
250104256
250104260
250104265
250104269
250104301
250104327
250104362
250104366
250104388
250104400
250104409
250104452
250104467
250104469
250104475
250104477
250104479
250104521
250104528
250104566
250104568
250104582
250104586
250104630
250104659
250104665
250104667
250104671
250104694
250104695
250104699
250104792
250104818
250104822
250104829
250104831
250104842
250104883
250104903
250104918
250104920
250104987
250104989
250104993
250105030
250105038
250105060
250105061
250105067
250105079
250105104
250105128
250105160
250105165
250105180
250105222
250105242
250105243
250105288
250105354
250105394
250105434
250105440
250105505
250105508
250105514
250105519
250105544
250105578
250105588
250105606
250105632
250105643
250105660
250105667
250105685
250105702
250105723
250105817
250105850
250105856
250105868
250105885
250105894
250105938
250105951
250105993
250106002
250106019
250106023
250106074
250106075
250106079
250106168
250106234
250106247
250106267
250106297
250106305
250106315
250106321
250106345
250106355
250106367
250106413
250106449
250106471
250106475
250106492
250106510
250106572
250106574
250106603
250106620
250106647
250106665
250106670
250106678
250106680
250106697
250106698
250106699
250106707
250106733
250106736
250106737
250106743
250106748
250106751
250106756
250106779
250106806
250106846
250106870
250106883
250106937
250106943
250107016
250107054
250107078
250107083
250107085
250107089
250107101
250107106
250107119
250107120
250107122
250107132
250107164
250107210
250107219
250107234
250107259
250107263
250107291
250107306
250107309
250107317
250107323
250107345
250107363
250107372
250107380
250107408
250107422
250107454
250107462
250107481
250107485
250107494
250107498
250107513
250107529
250107530
250107588
250107613
250107617
250107628
250107633
250107654
250107674
250107704
250107742
250107752
250107783
250107811
250107813
250107816
250107824
250107875
250107877
250107910
250107914
250107917
250107926
250107930
250107982
250108024
250108025
250108026
250108089
250108097
250108104
250108107
250108126
250108175
250108176
250108195
250108215
250108217
250108255
250108261
250108264
250108269
250108304
250108362
250108366
250108373
250108388
250108394
250108423
250108443
250108460
250108464
250108526
250108556
250108581
250108594
250108603
250108644
250108645
250108654
250108658
250108705
250108741
250108760
250108811
250108907
250108909
250108936
250108993
250108996
250109003
250109030
250109061
250109077
250109147
250109178
250109187
250109207
250109243
250109267
250109284
250109290
250109328
250109344
250109414
250109418
250109420
250109437
250109453
250109457
250109475
250109481
250109488
250109498
250109521
250109636
250109675
250109689
250109739
250109746
250109772
250109866
250109881
250109882
250109900
250109924
250109941
250109962
250109975
250109983
250110041
250110055
250110074
250110138
250110223
250110281
250110293
250110318
250110324
250110354
250110355
250110380
250110424
250110439
250110472
250110525
250110527
250110561
250110578
250110621
250110639
250110652
250110668
250110697
250110707
250110711
250110728
250110746
250110766
250110767
250110772
250110889
250110914
250110965
250110967
250110968
250110997
250111008
250111014
250111029
250111054
250111079
250111089
250111124
250111130
250111157
250111164
250111176
250111218
250111221
250111261
250111272
250111281
250111288
250111292
250111315
250111334
250111352
250111361
250111432
250111484
250111485
250111501
250111533
250111585
250111587
250111594
250111651
250111664
250111676
250111694
250111706
250111727
250111732
250111755
250111762
250111783
250111794
250111811
250111812
250111823
250111842
250111846
250111891
250111920
250111925
250111929
250111947
250111993
250112064
250112110
250112131
250112169
250112186
250112202
250112263
250112274
250112302
250112337
250112378
250112386
250112435
250112481
250112486
250112489
250112493
250112552
250112562
250112590
250112608
250112628
250112636
250112652
250112660
250112670
250112699
250112744
250112755
250112764
250112773
250112776
250112829
250112874
250112899
250112907
250112936
250112942
250112953
250113004
250113031
250113079
250113090
250113115
250113124
250113172
250113187
250113213
250113234
250113275
250113283
250113284
250113297
250113344
250113362
250113376
250113407
250113451
250113458
250113462
250113524
250113530
250113563
250113564
250113568
250113573
250113607
250113610
250113626
250113628
250113631
250113642
250113709
250113714
250113725
250113746
250113758
250113839
250113870
250113873
250113971
250113980
250114004
250114008
250114029
250114031
250114033
250114075
250114120
250114145
250114146
250114147
250114198
250114223
250114266
250114295
250114296
250114317
250114330
250114337
250114394
250114398
250114448
250114463
250114499
250114549
250114605
250114626
250114674
250114702
250114709
250114717
250114730
250114813
250114826
250114855
250114887
250114901
250114975
250114981
250114996
250114997
250115001
250115049
250115062
250115080
250115089
250115091
250115113
250115137
250115153
250115177
250115218
250115233
250115296
250115316
250115348
250115349
250115433
250115442
250115470
250115483
250115516
250115517
250115537
250115553
250115592
250115595
250115664
250115735
250115786
250115842
250115843
250115854
250115868
250115872
250115887
250115948
250115953
250116025
250116027
250116034
250116095
250116135
250116158
250116170
250116207
250116232
250116256
250116272
250116298
250116324
250116368
250116370
250116430
250116443
250116462
250116615
250116620
250116681
250116697
250116705
250116707
250116737
250116757
250116762
250116781
250116793
250116829
250116859
250116872
250116931
250116933
250116966
250116967
250116971
250116973
250116986
250116995
250117040
250117051
250117115
250117117
250117233
250117250
250117293
250117309
250117424
250117443
250117446
250117485
250117531
250117550
250117571
250117588
250117645
250117652
250117660
250117674
250117677
250117689
250117692
250117725
250117736
250117742
250117767
250117771
250117788
250117789
250117797
250117800
250117836
250117844
250117862
250117871
250117876
250117893
250117896
250117904
250117937
250117945
250117995
250118012
250118023
250118033
250118056
250118088
250118090
250118099
250118121
250118132
250118150
250118167
250118185
250118209
250118230
250118244
250118256
250118292
250118316
250118347
250118355
250118388
250118391
250118440
250118458
250118469
250118486
250118491
250118610
250118619
250118663
250118678
250118682
250118688
250118702
250118736
250118767
250118813
250118846
250118848
250118869
250118932
250118977
250118984
250119038
250119055
250119068
250119088
250119090
250119091
250119106
250119117
250119154
250119176
250119188
250119207
250119237
250119320
250200036
250200047
250200079
250200088
250200110
250200118
250200168
250200273
250200278
250200282
250200321
250200344
250200386
250200387
250200401
250200402
250200444
250200452
250200468
250200476
250200482
250200487
250200491
250200493
250200496
250200556
250200557
250200606
250200626
250200650
250200662
250200681
250200685
250200704
250200771
250200782
250200801
250200812
250200820
250200842
250200856
250200860
250200862
250200869
250200886
250200897
250200915
250200918
250200929
250200944
250200948
250200950
250200987
250201073
250201114
250201156
250201166
250201184
250201196
250201233
250201237
250201250
250201251
250201381
250201389
250201411
250201419
250201430
250201431
250201529
250201545
250201571
250201599
250201625
250201661
250201678
250201686
250201720
250201721
250201729
250201732
250201742
250201744
250201760
250201769
250201786
250201813
250201821
250201840
250201908
250201942
250201979
250202002
250202009
250202020
250202027
250202043
250202051
250202075
250202101
250202103
250202104
250202110
250202161
250202163
250202169
250202174
250202195
250202206
250202217
250202239
250202256
250202278
250202294
250202318
250202333
250202341
250202356
250202358
250202411
250202443
250202448
250202457
250202459
250202469
250202516
250202533
250202547
250202548
250202564
250202576
250202585
250202609
250202614
250202628
250202632
250202644
250202655
250202669
250202685
250202790
250202792
250202862
250202866
250202871
250202935
250202939
250202955
250202965
250203041
250203046
250203090
250203105
250203117
250203174
250203186
250203204
250203206
250203227
250203241
250203249
250203302
250203315
250203337
250203365
250203386
250203387
250203454
250203455
250203474
250203483
250203519
250203522
250203534
250203541
250203569
250203588
250203613
250203615
250203624
250203627
250203646
250203667
250203679
250203722
250203758
250203798
250203849
250203924
250203928
250204037
250204039
250204080
250204081
250204093
250204100
250204102
250204115
250204120
250204146
250204156
250204165
250204179
250204185
250204201
250204207
250204213
250204283
250204317
250204327
250204358
250204368
250204369
250204384
250204398
250204402
250204441
250204444
250204445
250204450
250204455
250204465
250204466
250204483
250204583
250204596
250204621
250204631
250204665
250204682
250204683
250204692
250204697
250204708
250204738
250204755
250204761
250204768
250204810
250204813
250204880
250204908
250204911
250204952
250204988
250204993
250205011
250205046
250205129
250205132
250205133
250205149
250205150
250205164
250205168
250205175
250205203
250205226
250205230
250205233
250205247
250205262
250205360
250205484
250205507
250205509
250205521
250205529
250205535
250205599
250205605
250205606
250205627
250205629
250205642
250205647
250205660
250205668
250205692
250205703
250205728
250205761
250205762
250205802
250205805
250205825
250205834
250205931
250205932
250205937
250205946
250205952
250205953
250205974
250205987
250206035
250206051
250206056
250206108
250206120
250206128
250206147
250206149
250206156
250206214
250206217
250206231
250206247
250206264
250206269
250206284
250206301
250206321
250206345
250206346
250206372
250206376
250206397
250206400
250206412
250206428
250206475
250206476
250206480
250206484
250206498
250206503
250206555
250206564
250206566
250206580
250206618
250206649
250206702
250206725
250206728
250206746
250206784
250206798
250206838
250206846
250206922
250206943
250206955
250206977
250207046
250207064
250207071
250207100
250207126
250207141
250207147
250207203
250207249
250207308
250207319
250207324
250207338
250207452
250207471
250207491
250207507
250207517
250207539
250207549
250207564
250207591
250207613
250207623
250207639
250207651
250207680
250207712
250207716
250207726
250207738
250207751
250207754
250207774
250207781
250207814
250207822
250207863
250207890
250207927
250207965
250207969
250207978
250207981
250208009
250208054
250208095
250208117
250208144
250208163
250208194
250208213
250208214
250208246
250208280
250208282
250208309
250208317
250208323
250208381
250208422
250208423
250208439
250208466
250208467
250208494
250208499
250208512
250208602
250208618
250208636
250208701
250208726
250208771
250208785
250208793
250208820
250208827
250208834
250208863
250208890
250208892
250208895
250208974
250208977
250208994
250209006
250209017
250209070
250209082
250209100
250209109
250209136
250209173
250209189
250209200
250209213
250209214
250209234
250209251
250209260
250209281
250209282
250209313
250209345
250209346
250209389
250209391
250209416
250209425
250209429
250209440
250209448
250209482
250209507
250209556
250209607
250209630
250209631
250209680
250209719
250209734
250209746
250209750
250209766
250209789
250209810
250209829
250209839
250209855
250209862
250209920
250209936
250209977
250209998
250210002
250210021
250210025
250210028
250210042
250210062
250210074
250210143
250210157
250210167
250210218
250210219
250210231
250210242
250210262
250210275
250210284
250210286
250210296
250210322
250210389
250210470
250210482
250210484
250210534
250210536
250210573
250210609
250210623
250210631
250210650
250210678
250210721
250210766
250210811
250210816
250210818
250210829
250210875
250210879
250210954
250210956
250210962
250210968
250210977
250210993
250211000
250211011
250211059
250211066
250211077
250211100
250211155
250211224
250211255
250211259
250211281
250211294
250211356
250211360
250211475
250211483
250211540
250211571
250211589
250211621
250211622
250211679
250211707
250211712
250211730
250211748
250211834
250211835
250211862
250211936
250211955
250211964
250212002
250212004
250212045
250212050
250212078
250212086
250212109
250212139
250212140
250212142
250212144
250212146
250212151
250212203
250212219
250212233
250212237
250212238
250212239
250212250
250212258
250212276
250212301
250212361
250212386
250212421
250212503
250212516
250212537
250212540
250212571
250212608
250212615
250212634
250212656
250212668
250212757
250212776
250212777
250212854
250212891
250212927
250212931
250212933
250212935
250212939
250212993
250213047
250213049
250213067
250213071
250213100
250213107
250213108
250213128
250213134
250213147
250213152
250213233
250213317
250213345
250213349
250213356
250213365
250213379
250213405
250213407
250213429
250213447
250213461
250213488
250213492
250213510
250213513
250213528
250213544
250213594
250213641
250213654
250213677
250213678
250213693
250213701
250213702
250213715
250213748
250213757
250213783
250213798
250213823
250213851
250213932
250213969
250213995
250214003
250214055
250214126
250214135
250214157
250214167
250214170
250214185
250214202
250214247
250214305
250214322
250214327
250214409
250214420
250214439
250214473
250214510
250214561
250214571
250214586
250214618
250214686
250214734
250214740
250214744
250214753
250214765
250214787
250214811
250214827
250214866
250214904
250214908
250214941
250214944
250214954
250214995
250215003
250215014
250215019
250215027
250215048
250215074
250215080
250215085
250215112
250215122
250215130
250215138
250215140
250215174
250215255
250215264
250215309
250215336
250215383
250215384
250215386
250215392
250215409
250215426
250215435
250215445
250215508
250215513
250215531
250215533
250215576
250215587
250215592
250215607
250215631
250215639
250215646
250215651
250215688
250215731
250215740
250215766
250215770
250215773
250215783
250215798
250215868
250215900
250215904
250215950
250215963
250215970
250215979
250215982
250216009
250216018
250216031
250216048
250216063
250216073
250216090
250216121
250216158
250216171
250216202
250216298
250216302
250216324
250216330
250216395
250216399
250216426
250216458
250216464
250216479
250216487
250216509
250216591
250216613
250216630
250216649
250216684
250216697
250216714
250216722
250216730
250216740
250216742
250216744
250216753
250216804
250216813
250216860
250216891
250216963
250216984
250216985
250216986
250217000
250217002
250217027
250217035
250217038
250217043
250217100
250217114
250217132
250217146
250217174
250217191
250217194
250217229
250217268
250217291
250217332
250217341
250217349
250217351
250217430
250217457
250217491
250217494
250217539
250217540
250217550
250217628
250217662
250217668
250217677
250217726
250217778
250217791
250217810
250217832
250217837
250217931
250218034
250218042
250218043
250218047
250218067
250218075
250218078
250218083
250218089
250218094
250218096
250218102
250218128
250218139
250218144
250218153
250218174
250218197
250218209
250218236
250218245
250218260
250218269
250218300
250218373
250218374
250218385
250218418
250218433
250218442
250218446
250218451
250218486
250218493
250218540
250218552
250218553
250218580
250218641
250218659
250218750
250218834
250218874
250218876
250218884
250218899
250218917
250218939
250218948
250218969
250218975
250219011
250219036
250219083
250219092
250219112
250219138
250219159
250219212
250219235
250219258
250219268
250219297
250219306
250219315
250219327
250219337
250219378
250219423
250219500
250219542
250219544
250219545
250219559
250219579
250219630
250219631
250219637
250219653
250219676
250219694
250219739
250219740
250219747
250219751
250219755
250219802
250219809
250219857
250219899
250219902
250219916
250219934
250219940
250219948
250219971
250219988
250219994
250220004
250220007
250220032
250220036
250220047
250220087
250220088
250220093
250220102
250220163
250220184
250220213
250220215
250220255
250220263
250220292
250220302
250220312
250220316
250220343
250220374
250220387
250220410
250220420
250220433
250220443
250220464
250220474
250220481
250220516
250220527
250220588
250220606
250220614
250220634
250220683
250220707
250220723
250220730
250220738
250220751
250220777
250220778
250220779
250220795
250220799
250220838
250220856
250220870
250220904
250220928
250220970
250220982
250220989
250221004
250221025
250221058
250221059
250221102
250221103
250221184
250221185
250221200
250221205
250221249
250221263
250300037
250300095
250300103
250300133
250300157
250300166
250300179
250300244
250300259
250300263
250300267
250300295
250300298
250300319
250300332
250300375
250300396
250300411
250300502
250300509
250300582
250300587
250300602
250300615
250300625
250300627
250300642
250300647
250300678
250300681
250300684
250300730
250300737
250300738
250300754
250300757
250300785
250300793
250300817
250300819
250300842
250300861
250300868
250300884
250300916
250300918
250300934
250300935
250300969
250300989
250300990
250300996
250301014
250301105
250301124
250301133
250301137
250301156
250301158
250301170
250301177
250301193
250301220
250301231
250301247
250301299
250301330
250301341
250301354
250301373
250301382
250301413
250301453
250301495
250301536
250301573
250301584
250301586
250301594
250301600
250301621
250301639
250301658
250301685
250301687
250301702
250301800
250301813
250301817
250301822
250301831
250301842
250301879
250301967
250301987
250302020
250302027
250302029
250302048
250302053
250302069
250302084
250302121
250302127
250302144
250302145
250302161
250302228
250302240
250302246
250302248
250302286
250302301
250302367
250302375
250302389
250302411
250302413
250302435
250302454
250302468
250302480
250302489
250302547
250302553
250302567
250302573
250302606
250302646
250302674
250302678
250302701
250302727
250302734
250302735
250302772
250302832
250302841
250302851
250302852
250302866
250302889
250302992
250303002
250303015
250303026
250303086
250303105
250303117
250303120
250303137
250303153
250303154
250303155
250303220
250303234
250303259
250303263
250303292
250303298
250303307
250303325
250303337
250303340
250303414
250303434
250303438
250303468
250303477
250303504
250303517
250303523
250303524
250303525
250303531
250303551
250303588
250303604
250303643
250303667
250303688
250303703
250303705
250303731
250303767
250303777
250303812
250303817
250303819
250303841
250303844
250303872
250303882
250303903
250303921
250303936
250303970
250304005
250304019
250304063
250304074
250304098
250304111
250304122
250304123
250304153
250304154
250304157
250304195
250304208
250304241
250304247
250304316
250304317
250304338
250304377
250304378
250304381
250304433
250304458
250304470
250304487
250304500
250304506
250304517
250304537
250304566
250304601
250304717
250304771
250304778
250304808
250304813
250304816
250304846
250304860
250304879
250304923
250304938
250304944
250304954
250305013
250305091
250305117
250305121
250305143
250305155
250305194
250305207
250305221
250305228
250305244
250305266
250305277
250305299
250305387
250305399
250305408
250305426
250305432
250305441
250305458
250305515
250305521
250305531
250305534
250305539
250305546
250305568
250305623
250305636
250305641
250305683
250305785
250305808
250305818
250305836
250305845
250305877
250305909
250305960
250305988
250305999
250306001
250306008
250306064
250306078
250306091
250306095
250306100
250306139
250306144
250306147
250306167
250306183
250306184
250306207
250306234
250306245
250306253
250306271
250306278
250306289
250306305
250306378
250306388
250306389
250306459
250306461
250306469
250306471
250306491
250306505
250306537
250306553
250306560
250306567
250306580
250306655
250306668
250306682
250306690
250306695
250306753
250306754
250306758
250306765
250306770
250306795
250306803
250306822
250306855
250306863
250306872
250306883
250306894
250306945
250306947
250307025
250307035
250307037
250307065
250307140
250307147
250307163
250307206
250307208
250307243
250307260
250307287
250307330
250307380
250307442
250307479
250307494
250307504
250307530
250307531
250307555
250307570
250307571
250307611
250307626
250307640
250307694
250307696
250307724
250307745
250307790
250307795
250307807
250307825
250307836
250307847
250307859
250307874
250307884
250307911
250307920
250307987
250308002
250308006
250308029
250308091
250308100
250308118
250308148
250308156
250308204
250308208
250308210
250308250
250308375
250308394
250308401
250308447
250308453
250308472
250308500
250308508
250308519
250308523
250308528
250308537
250308572
250308587
250308619
250308623
250308628
250308648
250308649
250308651
250308660
250308670
250308710
250308711
250308726
250308757
250308774
250308789
250308806
250308827
250308853
250308882
250308886
250308904
250308934
250308940
250308948
250308951
250308965
250308971
250309037
250309040
250309044
250309077
250309079
250309090
250309156
250309157
250309164
250309171
250309174
250309209
250309217
250309222
250309293
250309344
250309364
250309405
250309488
250309514
250309551
250309600
250309610
250309689
250309698
250309705
250309706
250309754
250309758
250309786
250309801
250309822
250309847
250309850
250309854
250309903
250309907
250309918
250309928
250309946
250309963
250309972
250309992
250310018
250310054
250310079
250310104
250310112
250310125
250310145
250310169
250310225
250310256
250310309
250310361
250310375
250310380
250310403
250310478
250310522
250310523
250310526
250310529
250310534
250310552
250310614
250310623
250310627
250310632
250310646
250310654
250310665
250310691
250310712
250310722
250310725
250310748
250310749
250310763
250310782
250310811
250310844
250310846
250310962
250310988
250311010
250311013
250311030
250311056
250311074
250311081
250311096
250311102
250311112
250311128
250311153
250311169
250311180
250311181
250311193
250311200
250311212
250311220
250311233
250311249
250311250
250311385
250311413
250311429
250311445
250311525
250311534
250311548
250311579
250311605
250311617
250311631
250311637
250311669
250311682
250311748
250311759
250311765
250311772
250311784
250311806
250311823
250311828
250311832
250311851
250311877
250311899
250311916
250311924
250311949
250311951
250311967
250311968
250312035
250312038
250312129
250312133
250312193
250312199
250312222
250312229
250312257
250312268
250312274
250312279
250312298
250312320
250312334
250312340
250312362
250312388
250312406
250312427
250312449
250312490
250312548
250312549
250312561
250312565
250312635
250312681
250312688
250312697
250312762
250312782
250312796
250312876
250312877
250312892
250312897
250312942
250312968
250312987
250313000
250313011
250313013
250313029
250313030
250313032
250313045
250313077
250313144
250313158
250313159
250313218
250313227
250313254
250313266
250313293
250313309
250313326
250313398
250313400
250313401
250313425
250313454
250313464
250313473
250313491
250313520
250313523
250313563
250313570
250313592
250313612
250313616
250313720
250313766
250313814
250313824
250313880
250313904
250313921
250313941
250313956
250313992
250314035
250314084
250314107
250314110
250314116
250314126
250314127
250314150
250314192
250314199
250314269
250314294
250314307
250314310
250314357
250314431
250314445
250314451
250314461
250314469
250314477
250314488
250314493
250314517
250314520
250314545
250314566
250314574
250314608
250314616
250314649
250314683
250314694
250314721
250314734
250314749
250314763
250314769
250314795
250314831
250314876
250314891
250314896
250314929
250315040
250315072
250315080
250315085
250315130
250315189
250315199
250315210
250315224
250315270
250315276
250315283
250315288
250315311
250315340
250315399
250315402
250315411
250315414
250315485
250315500
250315504
250315505
250315533
250315542
250315556
250315557
250315565
250315590
250315593
250315606
250315637
250315702
250315741
250315760
250315764
250315801
250315852
250315853
250315868
250315884
250315920
250315924
250315932
250315986
250316073
250316078
250316079
250316127
250316154
250316159
250316168
250316222
250316225
250316248
250316261
250316269
250316277
250316285
250316312
250316325
250316327
250316335
250316356
250316364
250316383
250316387
250316422
250316449
250316455
250316512
250316552
250316605
250316650
250316654
250316662
250316673
250316675
250316720
250316724
250316745
250316753
250316772
250316782
250316783
250316784
250316794
250316807
250316819
250316839
250316849
250316913
250316916
250316948
250316953
250316962
250316973
250316994
250317016
250317024
250317057
250317075
250317091
250317095
250317119
250317125
250317200
250317213
250317247
250317286
250317344
250317379
250317404
250317418
250317430
250317455
250317466
250317471
250317489
250317508
250317561
250317575
250317588
250317616
250317624
250317637
250317692
250317699
250317715
250317717
250317724
250317764
250317772
250317815
250317825
250317831
250317855
250317878
250317932
250317952
250317978
250317989
250317991
250317999
250318003
250318038
250318044
250318061
250318076
250318083
250318087
250318103
250318134
250318144
250318146
250318162
250318213
250318245
250318246
250318261
250318317
250318339
250318341
250318346
250318352
250318370
250318432
250318454
250318455
250318537
250318644
250318716
250318733
250318737
250318784
250318787
250318797
250318815
250318824
250318833
250318873
250318891
250318895
250318998
250319020
250319043
250319061
250319062
250319066
250319082
250319113
250319145
250319195
250319196
250319223
250319229
250319289
250319293
250319313
250319339
250319347
250319354
250319374
250319383
250319465
250319467
250319473
250319474
250319487
250319553
250319560
250319563
250319578
250319638
250319640
250319650
250319675
250319676
250319682
250319691
250319701
250319707
250319766
250319803
250319822
250319838
250319901
250319937
250319942
250319943
250319971
250319975
250319976
250320017
250320032
250320078
250320094
250320113
250320123
250320138
250320179
250320220
250320232
250320276
250320289
250320301
250320322
250320328
250320334
250320345
250320386
250320404
250320406
250320410
250320438
250320442
250320450
250320454
250320540
250320556
250320620
250320652
250320664
250320679
250320707
250320716
250320729
250320796
250320826
250320854
250320872
250320878
250320880
250320894
250320897
250320902
250320905
250320934
250320980
250321008
250321030
250321082
250321111
250321151
250321156
250321157
250321203
250321206
250321252
250321263
250321284
250321291
250321297
250321331
250321392
250321402
250321408
250321431
250321445
250321457
250321475
250321539
250321555
250321564
250321565
250321582
250321594
250321597
250321610
250321613
250321620
250321627
250321655
250321662
250321685
250321718
250321722
250321729
250321745
250321749
250321753
250321769
250321779
250321791
250321796
250321833
250321846
250321886
250321899
250321905
250321919
250321948
250321982
250322034
250322039
250322041
250322044
250322048
250322053
250322064
250322089
250322140
250322197
250322200
250322260
250322265
250322273
250322286
250322291
250322316
250322318
250322370
250322375
250322391
250322424
250322430
250322452
250322456
250322484
250322485
250322522
250322524
250322564
250322581
250322587
250322603
250322652
250322653
250322676
250322682
250322745
250322752
250322796
250322799
250322814
250322930
250322931
250322950
250323039
250323085
250323086
250323108
250323122
250323129
250323137
250323142
250323229
250323236
250323239
250323245
250323294
250323327
250323341
250323352
250323368
250323381
250323450
250323453
250323456
250323463
250323474
250323489
250323497
250323519
250323525
250323578
250323602
250323616
250323673
250323681
250323702
250323724
250323737
250323746
250323748
250323761
250323798
250323803
250323835
250323859
250323908
250323937
250323964
250323997
250324002
250324019
250324050
250324069
250324070
250324089
250324104
250324109
250324143
250324167
250324215
250324245
250324279
250324355
250324360
250324362
250324387
250400029
250400054
250400066
250400090
250400118
250400198
250400223
250400242
250400340
250400359
250400376
250400397
250400403
250400495
250400497
250400531
250400540
250400581
250400586
250400593
250400607
250400618
250400629
250400631
250400655
250400711
250400728
250400734
250400747
250400754
250400755
250400806
250400862
250400883
250400885
250400893
250400898
250400910
250400926
250400933
250400935
250400948
250400949
250400967
250400968
250400969
250400970
250400974
250400995
250401008
250401053
250401113
250401116
250401144
250401185
250401201
250401207
250401225
250401241
250401252
250401260
250401261
250401286
250401329
250401338
250401354
250401370
250401409
250401419
250401452
250401480
250401494
250401504
250401523
250401532
250401542
250401543
250401551
250401561
250401591
250401615
250401624
250401635
250401641
250401655
250401669
250401672
250401676
250401690
250401719
250401730
250401735
250401805
250401821
250401837
250401852
250401867
250401876
250401898
250401916
250401941
250401949
250401997
250402020
250402024
250402042
250402045
250402069
250402111
250402134
250402258
250402278
250402293
250402449
250402458
250402481
250402508
250402523
250402525
250402528
250402571
250402593
250402594
250402618
250402627
250402670
250402671
250402687
250402723
250402746
250402776
250402777
250402794
250402803
250402814
250402839
250402843
250402868
250402941
250402968
250402980
250402989
250403019
250403037
250403040
250403047
250403050
250403061
250403072
250403077
250403088
250403115
250403141
250403145
250403155
250403163
250403164
250403187
250403188
250403190
250403214
250403217
250403226
250403247
250403316
250403345
250403392
250403442
250403448
250403457
250403485
250403491
250403555
250403585
250403590
250403627
250403672
250403710
250403731
250403749
250403755
250403785
250403794
250403815
250403865
250403867
250403883
250403889
250403929
250403939
250403940
250403953
250403960
250403977
250403997
250403998
250404000
250404015
250404082
250404150
250404153
250404168
250404178
250404181
250404198
250404218
250404228
250404246
250404274
250404287
250404288
250404322
250404424
250404497
250404501
250404532
250404583
250404589
250404604
250404608
250404671
250404680
250404756
250404767
250404783
250404825
250404832
250404836
250404870
250404877
250404880
250404891
250404904
250404917
250404926
250404938
250404943
250404963
250404966
250404998
250405015
250405027
250405066
250405073
250405080
250405114
250405173
250405184
250405272
250405342
250405385
250405394
250405436
250405453
250405475
250405477
250405498
250405519
250405576
250405578
250405592
250405623
250405647
250405657
250405669
250405703
250405738
250405783
250405795
250405853
250405883
250405961
250405979
250406001
250406024
250406041
250406050
250406063
250406065
250406070
250406088
250406153
250406161
250406226
250406249
250406256
250406262
250406299
250406304
250406310
250406319
250406337
250406407
250406413
250406482
250406489
250406490
250406504
250406511
250406526
250406528
250406555
250406604
250406629
250406630
250406631
250406811
250406823
250406841
250406849
250406883
250406902
250406947
250406984
250407014
250407040
250407063
250407075
250407094
250407112
250407153
250407161
250407178
250407195
250407214
250407265
250407277
250407341
250407347
250407404
250407409
250407434
250407449
250407469
250407478
250407490
250407564
250407573
250407583
250407605
250407609
250407625
250407642
250407647
250407651
250407662
250407670
250407684
250407686
250407715
250407736
250407799
250407823
250407842
250407863
250407881
250407951
250407954
250407994
250408015
250408023
250408024
250408144
250408148
250408156
250408161
250408181
250408225
250408267
250408269
250408300
250408326
250408333
250408359
250408404
250408430
250408445
250408449
250408463
250408465
250408481
250408507
250408525
250408527
250408531
250408542
250408585
250408680
250408707
250408719
250408769
250408814
250408826
250408878
250408881
250408882
250408887
250408896
250408920
250408968
250408990
250409016
250409041
250409053
250409054
250409083
250409175
250409182
250409190
250409194
250409241
250409245
250409254
250409274
250409300
250409356
250409405
250409412
250409429
250409460
250409467
250409474
250409519
250409533
250409581
250409745
250409749
250409784
250409790
250409796
250409813
250409841
250409853
250409869
250409883
250409886
250409893
250409936
250409993
250410005
250410012
250410033
250410075
250410084
250410109
250410140
250410143
250410144
250410184
250410205
250410219
250410318
250410324
250410350
250410366
250410401
250410412
250410415
250410419
250410421
250410433
250410444
250410452
250410460
250410473
250410476
250410482
250410489
250410490
250410535
250410558
250410562
250410583
250410590
250410618
250410653
250410655
250410687
250410693
250410745
250410769
250410777
250410778
250410783
250410790
250410816
250410822
250410825
250410830
250410834
250410839
250410840
250410875
250410946
250410992
250411078
250411079
250411112
250411143
250411182
250411209
250411301
250411322
250411331
250411335
250411340
250411362
250411392
250411399
250411404
250411408
250411410
250411452
250411462
250411479
250411500
250411506
250411534
250411545
250411573
250411581
250411601
250411627
250411636
250411711
250411745
250411746
250411806
250411808
250411821
250411841
250411845
250411863
250411905
250411909
250411918
250411969
250411982
250412031
250412036
250412062
250412155
250412168
250412169
250412178
250412189
250412220
250412237
250412271
250412274
250412311
250412330
250412331
250412333
250412417
250412418
250412443
250412454
250412486
250412523
250412562
250412567
250412568
250412586
250412598
250412603
250412628
250412635
250412636
250412642
250412667
250412676
250412685
250412696
250412766
250412788
250412793
250412817
250412836
250412853
250412897
250412898
250412900
250412926
250412937
250412952
250412967
250413054
250413075
250413114
250413120
250413122
250413144
250413152
250413169
250413237
250413244
250413246
250413253
250413262
250413278
250413306
250413327
250413343
250413377
250413391
250413393
250413398
250413418
250413422
250413423
250413430
250413451
250413462
250413472
250413475
250413498
250413514
250413545
250413547
250413575
250413588
250413654
250413668
250413676
250413696
250413722
250413766
250413786
250413812
250413836
250413845
250413893
250413901
250413903
250413905
250413945
250413978
250413995
250413997
250414014
250414023
250414088
250414161
250414191
250414205
250414210
250414211
250414214
250414251
250414269
250414281
250414305
250414320
250414336
250414395
250414397
250414399
250414410
250414421
250414437
250414438
250414445
250414619
250414636
250414639
250414660
250414668
250414679
250414705
250414731
250414782
250414789
250414797
250414799
250414805
250414834
250414842
250414875
250414880
250414886
250414894
250414934
250414940
250414946
250414983
250415032
250415063
250415077
250415089
250415096
250415104
250415118
250415144
250415145
250415153
250415163
250415183
250415184
250415266
250415278
250415294
250415311
250415322
250415326
250415335
250415341
250415370
250415379
250415412
250415430
250415444
250415457
250415470
250415485
250415514
250415519
250415535
250415553
250415564
250415600
250415615
250415624
250415627
250415649
250415673
250415688
250415706
250415724
250415732
250415736
250415740
250415755
250415757
250415795
250415796
250415863
250415880
250415881
250415901
250415919
250415952
250415999
250416032
250416098
250416113
250416161
250416165
250416194
250416213
250416229
250416263
250416264
250416274
250416278
250416288
250416293
250416335
250416341
250416378
250416389
250416463
250416491
250416516
250416534
250416535
250416548
250416550
250416579
250416610
250416611
250416701
250416741
250416771
250416788
250416791
250416833
250416839
250416854
250416920
250416938
250416959
250416977
250416981
250417079
250417082
250417210
250417242
250417249
250417270
250417272
250417297
250417350
250417352
250417376
250417388
250417390
250417396
250417413
250417428
250417430
250417475
250417493
250417548
250417576
250417633
250417638
250417660
250417695
250417715
250417769
250417797
250417801
250417813
250417827
250417830
250417831
250417873
250417912
250417935
250417959
250417969
250417990
250418002
250418012
250418029
250418037
250418061
250418062
250418082
250418092
250418095
250418096
250418116
250418165
250418179
250418202
250418244
250418258
250418270
250418273
250418301
250418311
250418316
250418378
250418389
250418471
250418473
250418518
250418593
250418594
250418607
250418623
250418658
250418660
250418702
250418703
250418705
250418708
250418712
250418781
250418808
250418850
250418857
250418878
250418912
250418933
250418934
250418991
250419017
250419018
250419034
250419051
250419075
250419121
250419134
250419137
250419172
250419188
250419219
250419260
250419261
250419299
250419329
250419344
250419369
250419409
250419430
250419431
250419452
250419455
250419479
250419501
250419502
250419517
250419518
250419525
250419538
250419557
250419577
250419582
250419586
250419591
250419614
250419629
250419677
250419702
250419727
250419760
250419789
250419791
250419822
250419915
250419951
250420019
250420052
250420065
250420096
250420115
250420148
250420151
250420169
250420220
250420229
250420241
250420258
250420265
250420355
250420380
250420395
250420435
250420463
250420464
250420477
250420484
250420499
250420513
250420541
250420542
250420545
250420561
250420586
250420597
250420599
250420649
250420659
250420662
250420672
250420680
250420689
250420696
250420702
250420756
250420812
250420819
250420828
250420873
250420908
250420945
250420976
250420998
250420999
250421047
250421067
250421083
250421116
250421154
250421174
250421175
250421184
250421197
250421204
250421217
250421224
250421225
250421245
250421247
250421254
250421276
250421305
250421337
250421346
250421367
250421414
250421438
250421454
250421460
250421466
250421475
250421505
250421563
250421627
250421628
250421638
250421654
250421699
250421709
250421716
250421733
250421753
250421759
250421783
250421820
250421823
250421856
250500007
250500019
250500050
250500060
250500066
250500075
250500080
250500108
250500136
250500145
250500159
250500212
250500219
250500235
250500266
250500270
250500314
250500319
250500336
250500342
250500353
250500376
250500392
250500451
250500462
250500482
250500492
250500512
250500513
250500556
250500559
250500583
250500584
250500608
250500662
250500667
250500673
250500731
250500785
250500870
250500892
250500930
250500950
250500953
250500966
250501001
250501014
250501093
250501118
250501154
250501156
250501199
250501212
250501235
250501352
250501379
250501380
250501384
250501440
250501444
250501446
250501486
250501487
250501498
250501522
250501566
250501572
250501608
250501629
250501691
250501726
250501759
250501766
250501767
250501772
250501788
250501820
250501827
250501828
250501845
250501848
250501850
250501857
250501882
250501888
250501947
250501966
250501981
250502020
250502021
250502026
250502057
250502059
250502103
250502135
250502142
250502152
250502156
250502205
250502234
250502235
250502331
250502335
250502358
250502364
250502372
250502436
250502439
250502451
250502483
250502498
250502545
250502554
250502577
250502615
250502633
250502659
250502671
250502685
250502692
250502793
250502798
250502823
250502832
250502851
250502865
250502910
250502919
250502924
250502946
250502964
250502982
250503036
250503046
250503048
250503049
250503058
250503084
250503095
250503138
250503148
250503175
250503228
250503230
250503235
250503238
250503250
250503269
250503274
250503276
250503292
250503350
250503384
250503400
250503466
250503475
250503502
250503520
250503536
250503539
250503555
250503602
250503622
250503630
250503631
250503637
250503648
250503669
250503671
250503673
250503678
250503691
250503732
250503737
250503779
250503781
250503788
250503796
250503800
250503803
250503812
250503848
250503854
250503885
250503888
250503915
250503963
250503967
250504006
250504015
250504016
250504031
250504067
250504105
250504107
250504122
250504131
250504217
250504223
250504258
250504321
250504398
250504410
250504412
250504424
250504453
250504468
250504469
250504485
250504490
250504492
250504510
250504575
250504625
250504627
250504630
250504684
250504700
250504763
250504767
250504786
250504826
250504854
250504864
250504887
250504891
250504930
250504933
250504975
250504990
250505017
250505018
250505047
250505061
250505078
250505103
250505104
250505110
250505168
250505171
250505173
250505199
250505207
250505218
250505237
250505249
250505274
250505286
250505313
250505335
250505397
250505401
250505411
250505421
250505422
250505429
250505450
250505483
250505491
250505521
250505562
250505602
250505632
250505635
250505638
250505654
250505656
250505678
250505705
250505725
250505732
250505767
250505782
250505793
250505830
250505843
250505862
250505863
250505891
250505923
250505926
250505942
250505963
250506002
250506006
250506022
250506078
250506081
250506098
250506123
250506147
250506210
250506270
250506282
250506293
250506352
250506372
250506374
250506380
250506466
250506482
250506493
250506511
250506561
250506588
250506591
250506612
250506622
250506627
250506630
250506632
250506645
250506664
250506665
250506678
250506683
250506698
250506758
250506798
250506811
250506826
250506886
250506900
250506932
250506939
250506946
250506960
250506963
250507018
250507048
250507076
250507102
250507105
250507123
250507165
250507173
250507191
250507208
250507223
250507318
250507340
250507341
250507345
250507363
250507385
250507391
250507395
250507413
250507446
250507485
250507516
250507596
250507603
250507607
250507608
250507619
250507628
250507638
250507692
250507698
250507707
250507742
250507743
250507750
250507763
250507833
250507838
250507839
250507855
250507861
250507904
250507936
250507938
250507956
250507960
250508021
250508029
250508033
250508164
250508173
250508214
250508274
250508306
250508316
250508332
250508357
250508382
250508388
250508402
250508413
250508416
250508426
250508438
250508468
250508488
250508510
250508515
250508516
250508539
250508547
250508579
250508593
250508600
250508608
250508648
250508705
250508718
250508729
250508741
250508779
250508814
250508823
250508852
250508901
250508929
250508947
250509003
250509017
250509045
250509107
250509148
250509156
250509201
250509226
250509250
250509288
250509320
250509349
250509486
250509527
250509529
250509544
250509546
250509550
250509568
250509674
250509689
250509736
250509773
250509796
250509837
250509851
250509858
250509882
250509891
250509898
250509944
250509981
250510029
250510074
250510079
250510092
250510110
250510188
250510220
250510292
250510312
250510321
250510322
250510372
250510400
250510401
250510432
250510533
250510534
250510539
250510575
250510648
250510649
250510687
250510736
250510737
250510756
250510820
250510886
250510909
250510925
250510932
250510969
250510975
250511000
250511020
250511024
250511029
250511031
250511063
250511082
250511096
250511107
250511123
250511144
250511166
250511168
250511170
250511200
250511216
250511229
250511231
250511377
250511422
250511425
250511456
250511460
250511461
250511462
250511466
250511474
250511476
250511529
250511530
250511570
250511619
250511635
250511705
250511716
250511726
250511733
250511735
250511739
250511758
250511763
250511774
250511805
250511818
250511822
250511834
250511853
250511856
250511870
250511874
250511913
250511925
250511999
250512072
250512073
250512091
250512106
250512111
250512120
250512224
250512225
250512256
250512272
250512329
250512376
250512429
250512450
250512454
250512488
250512489
250512490
250512515
250512527
250512531
250512551
250512564
250512581
250512710
250512761
250512766
250512792
250512833
250512877
250512934
250512997
250513043
250513057
250513068
250513080
250513167
250513184
250513185
250513234
250513250
250513281
250513286
250513314
250513328
250513330
250513348
250513396
250513401
250513411
250513479
250513484
250513513
250513520
250513535
250513536
250513537
250513546
250513562
250513620
250513633
250513682
250513691
250513703
250513710
250513740
250513765
250513780
250513791
250513795
250513806
250513811
250513821
250513826
250513849
250513858
250513859
250513865
250513902
250513963
250513965
250513989
250514032
250514072
250514091
250514116
250514138
250514192
250514193
250514194
250514201
250514240
250514241
250514270
250514273
250514333
250514336
250514357
250514364
250514370
250514399
250514402
250514408
250514418
250514487
250514495
250514523
250514570
250514581
250514665
250514719
250514879
250514892
250514980
250515048
250515076
250515083
250515104
250515115
250515143
250515159
250515166
250515172
250515181
250515213
250515228
250515232
250515261
250515283
250515288
250515321
250515367
250515375
250515392
250515409
250515426
250515457
250515469
250515496
250515501
250515513
250515525
250515544
250515559
250515577
250515640
250515665
250515676
250515682
250515746
250515761
250515768
250515787
250515789
250515828
250515854
250515906
250515914
250515946
250515969
250515987
250516014
250516029
250516049
250516058
250516073
250516076
250516097
250516156
250516157
250516224
250516229
250516257
250516277
250516308
250516324
250516397
250516415
250516472
250516477
250516482
250516509
250516545
250516572
250516587
250516591
250516596
250516623
250516671
250516683
250516695
250516762
250516766
250516876
250516881
250516892
250516907
250516912
250516918
250516938
250516941
250516960
250516969
250516977
250516988
250516990
250516996
250517033
250517081
250517137
250517169
250517201
250517242
250517263
250517267
250517281
250517302
250517343
250517366
250517379
250517465
250517512
250517539
250517541
250517584
250517585
250517592
250517623
250517634
250517655
250517660
250517669
250517673
250517675
250517685
250517695
250517705
250517719
250517755
250517767
250517769
250517786
250517793
250517826
250517860
250517866
250517879
250517883
250517903
250517908
250517912
250517957
250517970
250517979
250517981
250518022
250518109
250518111
250518121
250518129
250518143
250518155
250518188
250518227
250518279
250518285
250518377
250518385
250518404
250518439
250518441
250518460
250518468
250518515
250518524
250518549
250518565
250518576
250518608
250518629
250518657
250518728
250518731
250518733
250518803
250518813
250518828
250518860
250518874
250518906
250518948
250518956
250518991
250518992
250519002
250519027
250519064
250519080
250519099
250519101
250519109
250519174
250519211
250519234
250519236
250519258
250519268
250519272
250519323
250519328
250519336
250519350
250519367
250519433
250519434
250519436
250519489
250519539
250519540
250519559
250519584
250519597
250519607
250519648
250519675
250519714
250519730
250519734
250519745
250519759
250519764
250519807
250519846
250519866
250519882
250519896
250519903
250519926
250519956
250519966
250519970
250519975
250520082
250520098
250520237
250520274
250520317
250520335
250520348
250520378
250520380
250520393
250520415
250520440
250520457
250520466
250520480
250520510
250520551
250520560
250520607
250520638
250520662
250520717
250520718
250520733
250520805
250520815
250520878
250520945
250520958
250520964
250520993
250521000
250521060
250521075
250521079
250521081
250521083
250521086
250521094
250521122
250521158
250521180
250521232
250521264
250521319
250521324
250521327
250521346
250521387
250521415
250521448
250521488
250521505
250521530
250521531
250521572
250521615
250521628
250521642
250521660
250521661
250521686
250521687
250521709
250521755
250521787
250521788
250521805
250521813
250521831
250521844
250521874
250521890
250521895
250521917
250521918
250521976
250521977
250522001
250522044
250522045
250522049
250522072
250522074
250522097
250522115
250522186
250522189
250522200
250522217
250522225
250522228
250522240
250522242
250522244
250522281
250522307
250522317
250522319
250522332
250522343
250522355
250522361
250522368
250522378
250522411
250522425
250522467
250522489
250522504
250522505
250522520
250522532
250522571
250522575
250522585
250522626
250522648
250522675
250522687
250522698
250522713
250522717
250522722
250522739
250522749
250522758
250522786
250522799
250522813
250522833
250522836
250522858
250522895
250522902
250522903
250522954
250522968
250523018
250523032
250523037
250523042
250523057
250523065
250523070
250523113
250523119
250523138
250523150
250523193
250523199
250523207
250523220
250523248
250523257
250523280
250523311
250523367
250523502
250523530
250523566
250523583
250523592
250523632
250523635
250523642
250523705
250523741
250523784
250523786
250523793
250523803
250523863
250523867
250523872
250523878
250523888
250523936
250523977
250523979
250524009
250524108
250524117
250524129
250524130
250524155
250524199
250524225
250524233
250524292
250524316
250524378
250524414
250524416
250524422
250524455
250524468
250524478
250524489
250524493
250524527
250524536
250524543
250524587
250524591
250524597
250524618
250524682
250524688
250524703
250524752
250524771
250524791
250524798
250524837
250524873
250600013
250600014
250600030
250600036
250600039
250600059
250600070
250600072
250600086
250600112
250600132
250600138
250600151
250600215
250600223
250600236
250600249
250600271
250600272
250600290
250600312
250600321
250600339
250600340
250600384
250600387
250600408
250600443
250600461
250600464
250600471
250600488
250600497
250600500
250600507
250600514
250600543
250600564
250600566
250600568
250600577
250600611
250600621
250600631
250600668
250600708
250600718
250600759
250600764
250600769
250600781
250600802
250600827
250600854
250600861
250600891
250600892
250600908
250600915
250600948
250600964
250600968
250600974
250600978
250601045
250601064
250601067
250601078
250601115
250601145
250601185
250601224
250601245
250601303
250601307
250601355
250601384
250601388
250601401
250601407
250601415
250601433
250601439
250601444
250601445
250601476
250601486
250601510
250601558
250601560
250601562
250601574
250601641
250601721
250601728
250601755
250601765
250601773
250601784
250601804
250601846
250601878
250601881
250601949
250601956
250601979
250602068
250602096
250602155
250602170
250602215
250602227
250602236
250602250
250602258
250602277
250602296
250602298
250602306
250602325
250602344
250602346
250602359
250602374
250602375
250602377
250602404
250602408
250602420
250602427
250602450
250602473
250602520
250602531
250602572
250602582
250602620
250602683
250602687
250602689
250602695
250602707
250602733
250602734
250602789
250602871
250602883
250602929
250602932
250602945
250602947
250602983
250602997
250603000
250603018
250603019
250603020
250603037
250603073
250603077
250603078
250603090
250603105
250603147
250603177
250603189
250603219
250603226
250603246
250603301
250603305
250603360
250603391
250603400
250603406
250603408
250603419
250603420
250603434
250603440
250603442
250603473
250603477
250603553
250603556
250603590
250603602
250603624
250603634
250603637
250603640
250603643
250603671
250603713
250603823
250603831
250603844
250603855
250603857
250603883
250603890
250603947
250603962
250604010
250604023
250604033
250604045
250604058
250604076
250604086
250604099
250604102
250604154
250604159
250604220
250604284
250604333
250604334
250604360
250604399
250604414
250604436
250604447
250604448
250604473
250604483
250604528
250604604
250604617
250604640
250604653
250604710
250604715
250604723
250604740
250604803
250604834
250604863
250604867
250604874
250604903
250604936
250604978
250605014
250605022
250605029
250605066
250605069
250605085
250605094
250605096
250605097
250605104
250605106
250605111
250605116
250605133
250605135
250605141
250605143
250605167
250605179
250605185
250605187
250605228
250605244
250605259
250605292
250605319
250605328
250605369
250605408
250605414
250605441
250605471
250605486
250605494
250605512
250605549
250605599
250605638
250605641
250605655
250605660
250605668
250605747
250605758
250605873
250605878
250605901
250605906
250605907
250605928
250605947
250605982
250605995
250606010
250606022
250606058
250606085
250606121
250606142
250606144
250606157
250606201
250606206
250606212
250606223
250606227
250606259
250606265
250606275
250606282
250606334
250606338
250606379
250606381
250606403
250606430
250606461
250606463
250606478
250606543
250606566
250606574
250606599
250606648
250606653
250606671
250606677
250606729
250606742
250606786
250606823
250606830
250606848
250606858
250606882
250606924
250606926
250606989
250607010
250607016
250607029
250607057
250607074
250607114
250607166
250607225
250607301
250607324
250607345
250607377
250607481
250607486
250607494
250607495
250607573
250607623
250607699
250607768
250607776
250607779
250607791
250607826
250607863
250607890
250607920
250607957
250607977
250607986
250607997
250608009
250608040
250608101
250608108
250608133
250608151
250608200
250608227
250608230
250608298
250608310
250608369
250608397
250608408
250608435
250608444
250608458
250608467
250608490
250608572
250608608
250608621
250608622
250608648
250608715
250608732
250608755
250608808
250608839
250608847
250608874
250608884
250608904
250608926
250608951
250608956
250608983
250609088
250609092
250609096
250609101
250609119
250609135
250609158
250609167
250609203
250609218
250609223
250609242
250609306
250609309
250609310
250609343
250609351
250609359
250609396
250609404
250609413
250609456
250609459
250609501
250609507
250609530
250609545
250609571
250609587
250609616
250609648
250609650
250609663
250609737
250609778
250609811
250609853
250609886
250609889
250609890
250609899
250609904
250609926
250609932
250609934
250609977
250610004
250610035
250610037
250610052
250610074
250610100
250610113
250610160
250610161
250610177
250610179
250610190
250610211
250610225
250610307
250610315
250610324
250610367
250610371
250610384
250610460
250610482
250610561
250610582
250610584
250610593
250610645
250610665
250610676
250610701
250610705
250610710
250610737
250610746
250610755
250610760
250610820
250610823
250610824
250610841
250610862
250610896
250610900
250610976
250611006
250611022
250611023
250611031
250611057
250611125
250611163
250611168
250611187
250611265
250611280
250611376
250611381
250611391
250611431
250611453
250611465
250611505
250611551
250611559
250611591
250611594
250611597
250611635
250611657
250611659
250611675
250611697
250611706
250611729
250611749
250611754
250611783
250611853
250611926
250611946
250611967
250611969
250611997
250612019
250612038
250612085
250612119
250612122
250612131
250612145
250612172
250612181
250612199
250612200
250612205
250612213
250612220
250612222
250612223
250612269
250612283
250612300
250612366
250612372
250612385
250612398
250612399
250612431
250612444
250612488
250612495
250612509
250612543
250612634
250612639
250612650
250612674
250612735
250612748
250612777
250612785
250612789
250612793
250612805
250612890
250612891
250612917
250612996
250613020
250613051
250613062
250613063
250613100
250613114
250613163
250613172
250613198
250613233
250613280
250613306
250613377
250613383
250613417
250613425
250613432
250613435
250613447
250613457
250613463
250613483
250613520
250613521
250613545
250613592
250613596
250613600
250613648
250613652
250613653
250613691
250613705
250613730
250613760
250613876
250613895
250613901
250613903
250613907
250613921
250614001
250614005
250614007
250614068
250614111
250614133
250614142
250614150
250614158
250614171
250614177
250614187
250614292
250614307
250614314
250614337
250614351
250614378
250614397
250614407
250614427
250614457
250614473
250614479
250614486
250614578
250614603
250614703
250614707
250614736
250614746
250614791
250614800
250614808
250614810
250614811
250614840
250614860
250614890
250614913
250614917
250614943
250614949
250614994
250615024
250615031
250615033
250615048
250615051
250615063
250615096
250615121
250615175
250615199
250615218
250615220
250615223
250615234
250615251
250615253
250615283
250615294
250615364
250615380
250615423
250615471
250615474
250615491
250615501
250615516
250615524
250615532
250615561
250615565
250615574
250615590
250615623
250615640
250615648
250615664
250615712
250615737
250615765
250615772
250615856
250615862
250615865
250615910
250615939
250615942
250615948
250616004
250616026
250616133
250616147
250616166
250616176
250616220
250616245
250616264
250616265
250616362
250616379
250616387
250616401
250616432
250616440
250616501
250616526
250616535
250616545
250616577
250616582
250616596
250616598
250616631
250616693
250616704
250616706
250616709
250616733
250616755
250616786
250616808
250616813
250616842
250616853
250616934
250616973
250617001
250617002
250617006
250617010
250617064
250617098
250617122
250617132
250617144
250617167
250617170
250617171
250617188
250617203
250617206
250617216
250617224
250617230
250617248
250617328
250617350
250617368
250617446
250617500
250617503
250617524
250617528
250617546
250617552
250617584
250617599
250617600
250617637
250617641
250617661
250617682
250617687
250617694
250617707
250617722
250617735
250617776
250617791
250617796
250617804
250617817
250617824
250617830
250617864
250617866
250617903
250617910
250617915
250617977
250617996
250618007
250618012
250618055
250618058
250618099
250618174
250618177
250618209
250618228
250618235
250618360
250618368
250618370
250618388
250618456
250618508
250618510
250618525
250618534
250618591
250618603
250618605
250618613
250618636
250618640
250618666
250618667
250618688
250618715
250618766
250618777
250618779
250618786
250618824
250618839
250618854
250618855
250618923
250618936
250618950
250618965
250618966
250618969
250619035
250619070
250619071
250619097
250619101
250619124
250619165
250619217
250619238
250619243
250619251
250619256
250619329
250619337
250619405
250619479
250619492
250619499
250619527
250619578
250619585
250619591
250619614
250619624
250619647
250619653
250619673
250619675
250619681
250619712
250619728
250619809
250619820
250619835
250619839
250619844
250619849
250619850
250619857
250619877
250619885
250619948
250619957
250619981
250619986
250619988
250620001
250620018
250620036
250620046
250620158
250620167
250620199
250620221
250620227
250620232
250620234
250620238
250620241
250620257
250620357
250620361
250620374
250620376
250620409
250620435
250620436
250620443
250620457
250620474
250620490
250620502
250620531
250620556
250620597
250620621
250620668
250620711
250620714
250620734
250620737
250620760
250620806
250620839
250620879
250620890
250620911
250620932
250620933
250620938
250620967
250620969
250621038
250621069
250621071
250621086
250621112
250621139
250621184
250621197
250621221
250621226
250621292
250621306
250621349
250621404
250621441
250621443
250621451
250621465
250621470
250621472
250621494
250621550
250621562
250621592
250621598
250621627
250621673
250621723
250621731
250621737
250621743
250621765
250621791
250621792
250621801
250621859
250621869
250621876
250621879
250621888
250621945
250621957
250621964
250621972
250622081
250622124
250622165
250622184
250622189
250622200
250622228
250622248
250622277
250622284
250622285
250622323
250622332
250622354
250622382
250622424
250622441
250622465
250622470
250622500
250622520
250622562
250622563
250622564
250622577
250622656
250622688
250622696
250622720
250622733
250622766
250622775
250622776
250622820
250622850
250622853
250622854
250622862
250622869
250622961
250622975
250623002
250623021
250623092
250623129
250623138
250623153
250623192
250623234
250623237
250623310
250623314
250623342
250623389
250623400
250623410
250623446
250623447
250623450
250623519
250623529
250623592
250623604
250623606
250623625
250623641
250623649
250623655
250623664
250623725
250623736
250623747
250623759
250623798
250623800
250623801
250623816
250623824
250623869
250623884
250623891
250623920
250623921
250623946
250623948
250623977
250623994
250624084
250624086
250624091
250624094
250624103
250700004
250700008
250700022
250700033
250700124
250700135
250700138
250700168
250700195
250700198
250700223
250700245
250700283
250700311
250700317
250700353
250700364
250700369
250700377
250700379
250700388
250700424
250700497
250700508
250700521
250700560
250700570
250700604
250700646
250700735
250700793
250700834
250700836
250700841
250700845
250700860
250700891
250700923
250700925
250700957
250701041
250701052
250701059
250701060
250701070
250701077
250701080
250701110
250701115
250701127
250701166
250701173
250701189
250701210
250701221
250701305
250701357
250701369
250701373
250701405
250701415
250701470
250701550
250701565
250701580
250701671
250701673
250701707
250701732
250701754
250701762
250701770
250701784
250701795
250701798
250701802
250701866
250701921
250701950
250701953
250702011
250702040
250702080
250702123
250702219
250702289
250702297
250702358
250702361
250702373
250702390
250702391
250702417
250702427
250702548
250702549
250702565
250702608
250702637
250702639
250702712
250702730
250702755
250702770
250702804
250702820
250702827
250702832
250702838
250702843
250702851
250702853
250702884
250702898
250702911
250702929
250703013
250703102
250703110
250703119
250703134
250703179
250703211
250703329
250703350
250703385
250703426
250703454
250703459
250703460
250703468
250703477
250703493
250703535
250703539
250703557
250703658
250703670
250703732
250703742
250703745
250703761
250703777
250703835
250703853
250703862
250703877
250703905
250704010
250704039
250704068
250704106
250704227
250704250
250704256
250704268
250704270
250704278
250704338
250704351
250704369
250704378
250704392
250704436
250704444
250704481
250704484
250704510
250704532
250704537
250704551
250704578
250704594
250704609
250704635
250704646
250704697
250704709
250704761
250704774
250704778
250704786
250704791
250704799
250704807
250704824
250704849
250704891
250704928
250704931
250704949
250704966
250704977
250704979
250705080
250705089
250705102
250705111
250705122
250705123
250705127
250705136
250705186
250705195
250705208
250705215
250705259
250705324
250705346
250705360
250705370
250705386
250705394
250705428
250705469
250705476
250705498
250705499
250705518
250705526
250705559
250705566
250705589
250705623
250705646
250705656
250705661
250705666
250705668
250705669
250705671
250705672
250705722
250705750
250705751
250705777
250705784
250705785
250705800
250705857
250705880
250705888
250705920
250705943
250705947
250705962
250705971
250705975
250705995
250705999
250706020
250706032
250706039
250706040
250706050
250706058
250706110
250706111
250706128
250706130
250706139
250706157
250706175
250706176
250706180
250706182
250706241
250706242
250706245
250706248
250706250
250706255
250706353
250706355
250706356
250706377
250706383
250706401
250706420
250706436
250706462
250706476
250706492
250706526
250706528
250706535
250706573
250706594
250706627
250706670
250706700
250706748
250706752
250706856
250706870
250706951
250706975
250706976
250706997
250707071
250707076
250707097
250707138
250707178
250707236
250707255
250707313
250707316
250707321
250707324
250707330
250707332
250707337
250707360
250707369
250707379
250707380
250707403
250707430
250707448
250707458
250707467
250707481
250707491
250707503
250707514
250707518
250707537
250707602
250707620
250707642
250707656
250707669
250707683
250707740
250707742
250707764
250707788
250707794
250707812
250707828
250707846
250707882
250707888
250707956
250707972
250708037
250708044
250708047
250708075
250708088
250708143
250708157
250708194
250708196
250708197
250708238
250708257
250708309
250708329
250708362
250708374
250708398
250708421
250708439
250708458
250708472
250708531
250708540
250708547
250708568
250708578
250708608
250708628
250708645
250708661
250708669
250708679
250708687
250708691
250708724
250708727
250708745
250708810
250708824
250708827
250708950
250708966
250708989
250708990
250709012
250709024
250709032
250709075
250709077
250709158
250709176
250709196
250709260
250709262
250709291
250709302
250709305
250709325
250709434
250709475
250709484
250709514
250709524
250709539
250709540
250709541
250709601
250709609
250709651
250709669
250709686
250709705
250709721
250709770
250709774
250709775
250709799
250709828
250709829
250709838
250709880
250709940
250709948
250709993
250710014
250710036
250710041
250710076
250710107
250710128
250710172
250710183
250710258
250710267
250710273
250710278
250710287
250710291
250710310
250710313
250710325
250710337
250710342
250710352
250710429
250710431
250710496
250710507
250710558
250710589
250710636
250710645
250710659
250710664
250710683
250710684
250710691
250710708
250710725
250710744
250710753
250710771
250710783
250710801
250710829
250710914
250710931
250710939
250710952
250710977
250710991
250711087
250711114
250711126
250711139
250711142
250711153
250711188
250711191
250711193
250711198
250711200
250711211
250711305
250711318
250711345
250711389
250711428
250711435
250711441
250711462
250711496
250711506
250711517
250711534
250711537
250711585
250711596
250711600
250711618
250711659
250711719
250711741
250711746
250711790
250711805
250711820
250711828
250711845
250711863
250711904
250711906
250711909
250711977
250711992
250712071
250712114
250712116
250712157
250712168
250712221
250712225
250712231
250712235
250712263
250712306
250712340
250712361
250712384
250712387
250712409
250712427
250712433
250712436
250712505
250712555
250712572
250712602
250712634
250712646
250712653
250712670
250712682
250712751
250712778
250712792
250712836
250712846
250712886
250712899
250712907
250712908
250712960
250712963
250712970
250712993
250713002
250713007
250713016
250713019
250713037
250713089
250713111
250713117
250713131
250713140
250713152
250713164
250713173
250713186
250713292
250713306
250713331
250713334
250713350
250713362
250713427
250713451
250713454
250713460
250713473
250713546
250713550
250713559
250713560
250713564
250713585
250713597
250713609
250713610
250713648
250713657
250713689
250713713
250713714
250713726
250713730
250713741
250713751
250713754
250713759
250713770
250713789
250713804
250713838
250713841
250713851
250713915
250713963
250713977
250713980
250713996
250714022
250714023
250714042
250714101
250714181
250714269
250714335
250714350
250714380
250714398
250714415
250714421
250714444
250714446
250714462
250714478
250714486
250714499
250714516
250714517
250714518
250714526
250714560
250714629
250714633
250714666
250714674
250714676
250714713
250714814
250714852
250714928
250714938
250714956
250714958
250714972
250714996
250715012
250715032
250715061
250715071
250715104
250715153
250715198
250715229
250715231
250715250
250715256
250715264
250715278
250715281
250715344
250715363
250715391
250715418
250715442
250715465
250715509
250715524
250715537
250715671
250715691
250715693
250715697
250715701
250715733
250715735
250715739
250715755
250715820
250715849
250715852
250715857
250715871
250715911
250715914
250715918
250715939
250715946
250715977
250716005
250716011
250716038
250716041
250716042
250716065
250716091
250716107
250716117
250716118
250716128
250716146
250716244
250716259
250716265
250716281
250716289
250716320
250716334
250716343
250716387
250716403
250716411
250716415
250716446
250716513
250716570
250716587
250716592
250716612
250716616
250716620
250716627
250716633
250716637
250716656
250716702
250716703
250716719
250716741
250716747
250716777
250716809
250716863
250716870
250716945
250717028
250717037
250717091
250717106
250717129
250717169
250717219
250717252
250717263
250717314
250717337
250717352
250717362
250717376
250717384
250717399
250717420
250717449
250717466
250717498
250717546
250717549
250717607
250717638
250717662
250717699
250717730
250717757
250717796
250717799
250717843
250717848
250717851
250717852
250717853
250717893
250717904
250717919
250717935
250717946
250717962
250717977
250717999
250718000
250718030
250718043
250718055
250718061
250718132
250718144
250718170
250718183
250718189
250718196
250718210
250718260
250718264
250718267
250718272
250718278
250718291
250718294
250718324
250718423
250718432
250718451
250718452
250718467
250718478
250718485
250718536
250718552
250718554
250718560
250718588
250718642
250718677
250718699
250718711
250718789
250718812
250718821
250718823
250718852
250718862
250718878
250718883
250718885
250718904
250718922
250718925
250718934
250718936
250718987
250719015
250719049
250719098
250719114
250719155
250719163
250719166
250719172
250719188
250719196
250719206
250719212
250719239
250719251
250719298
250719365
250719389
250719397
250719423
250719438
250719447
250719454
250719539
250719561
250719565
250719567
250719628
250719635
250719676
250719684
250719701
250719704
250719730
250719780
250719783
250719843
250719847
250719856
250719912
250719931
250719953
250719964
250719969
250719982
250720000
250720004
250720055
250720110
250720117
250720146
250720155
250720161
250720165
250720206
250720213
250720239
250720291
250720352
250720359
250720369
250720373
250720375
250720382
250720385
250720413
250720443
250720466
250720504
250720519
250720571
250720622
250720632
250720668
250720722
250720749
250720754
250720771
250720779
250720816
250720825
250720888
250720903
250720913
250720921
250720923
250720934
250720983
250721075
250721132
250721233
250721277
250721301
250721323
250721330
250721380
250721407
250721416
250721420
250721441
250721461
250721482
250721488
250721502
250721503
250721532
250721549
250721638
250721639
250721642
250721662
250721690
250721717
250721718
250721719
250721740
250721776
250721789
250721855
250721876
250721918
250721936
250721948
250721955
250721984
250721987
250722022
250722030
250722042
250722050
250722061
250722070
250722098
250722101
250722103
250722132
250722135
250722149
250722154
250722174
250722181
250722182
250722212
250722214
250722224
250722270
250722296
250722298
250722322
250722338
250722342
250722394
250722415
250722431
250722440
250722444
250722460
250722506
250722542
250722574
250722582
250722610
250722622
250722661
250722670
250722680
250722715
250722739
250722741
250722743
250722766
250722816
250722820
250722876
250722908
250722910
250722935
250722964
250723009
250723019
250723022
250723052
250723098
250723109
250723116
250723119
250723127
250723135
250723198
250723206
250723224
250723229
250723241
250723314
250723322
250723342
250723350
250723361
250723400
250723443
250723444
250723476
250723499
250723500
250723514
250723528
250723556
250723565
250723589
250723600
250723601
250723623
250723660
250723671
250723710
250723779
250800031
250800036
250800078
250800084
250800113
250800117
250800157
250800168
250800198
250800270
250800281
250800294
250800304
250800313
250800334
250800351
250800358
250800406
250800425
250800428
250800457
250800458
250800517
250800518
250800530
250800568
250800612
250800615
250800624
250800625
250800634
250800635
250800663
250800681
250800692
250800733
250800739
250800764
250800818
250800882
250800895
250800904
250800909
250800918
250800921
250800985
250801001
250801020
250801046
250801101
250801126
250801139
250801200
250801217
250801222
250801250
250801300
250801304
250801321
250801359
250801365
250801404
250801424
250801454
250801470
250801484
250801507
250801541
250801586
250801590
250801625
250801659
250801663
250801699
250801788
250801800
250801856
250801877
250801917
250801946
250801988
250801992
250802002
250802039
250802042
250802047
250802081
250802085
250802114
250802131
250802161
250802234
250802242
250802243
250802270
250802277
250802279
250802283
250802287
250802297
250802309
250802341
250802354
250802438
250802460
250802510
250802513
250802533
250802557
250802564
250802602
250802632
250802712
250802720
250802783
250802810
250802862
250802905
250802921
250802934
250802940
250802963
250802973
250802988
250802998
250803022
250803033
250803035
250803050
250803063
250803066
250803070
250803074
250803081
250803108
250803122
250803123
250803140
250803146
250803162
250803186
250803239
250803285
250803310
250803320
250803330
250803368
250803399
250803410
250803417
250803425
250803439
250803463
250803479
250803510
250803530
250803531
250803538
250803564
250803568
250803576
250803601
250803604
250803609
250803626
250803658
250803676
250803730
250803770
250803772
250803784
250803800
250803810
250803817
250803838
250803868
250803878
250803887
250803892
250803905
250803910
250803919
250803956
250803965
250804027
250804065
250804070
250804073
250804090
250804096
250804177
250804192
250804221
250804226
250804241
250804270
250804272
250804283
250804285
250804335
250804345
250804355
250804377
250804387
250804401
250804418
250804428
250804446
250804454
250804477
250804502
250804553
250804567
250804599
250804600
250804602
250804604
250804624
250804644
250804653
250804655
250804661
250804666
250804696
250804699
250804702
250804742
250804746
250804752
250804828
250804831
250804876
250804893
250804953
250804965
250804975
250804978
250805023
250805036
250805066
250805068
250805096
250805175
250805199
250805202
250805211
250805216
250805232
250805242
250805316
250805337
250805349
250805430
250805446
250805473
250805484
250805485
250805529
250805537
250805564
250805572
250805591
250805705
250805735
250805736
250805739
250805754
250805761
250805767
250805874
250805915
250805919
250805924
250805935
250805940
250805959
250806002
250806006
250806029
250806071
250806082
250806092
250806101
250806110
250806120
250806161
250806184
250806188
250806191
250806206
250806207
250806224
250806276
250806280
250806317
250806322
250806324
250806332
250806365
250806383
250806393
250806400
250806434
250806438
250806444
250806545
250806551
250806586
250806593
250806596
250806611
250806661
250806668
250806694
250806706
250806724
250806734
250806741
250806757
250806823
250806924
250806942
250806991
250807010
250807012
250807100
250807137
250807144
250807174
250807176
250807182
250807187
250807191
250807199
250807218
250807221
250807240
250807292
250807299
250807309
250807355
250807375
250807425
250807429
250807430
250807441
250807468
250807543
250807545
250807554
250807557
250807566
250807610
250807633
250807645
250807737
250807789
250807811
250807818
250807820
250807821
250807823
250807901
250807910
250807943
250807955
250807962
250807987
250807990
250807997
250808011
250808016
250808024
250808031
250808033
250808042
250808071
250808110
250808122
250808133
250808134
250808149
250808155
250808160
250808201
250808223
250808273
250808308
250808322
250808342
250808381
250808383
250808392
250808395
250808397
250808405
250808409
250808435
250808480
250808493
250808523
250808526
250808538
250808542
250808543
250808545
250808555
250808558
250808597
250808643
250808694
250808695
250808696
250808710
250808721
250808732
250808826
250808894
250808909
250808951
250808987
250809014
250809024
250809025
250809038
250809065
250809076
250809092
250809135
250809148
250809182
250809211
250809212
250809222
250809227
250809240
250809255
250809261
250809287
250809288
250809305
250809306
250809332
250809343
250809347
250809406
250809414
250809451
250809456
250809467
250809473
250809479
250809527
250809550
250809551
250809557
250809558
250809621
250809622
250809632
250809633
250809677
250809711
250809746
250809802
250809813
250809831
250809846
250809887
250809925
250809928
250809977
250809980
250810022
250810033
250810035
250810085
250810086
250810087
250810089
250810122
250810134
250810140
250810161
250810182
250810287
250810293
250810308
250810327
250810329
250810334
250810336
250810356
250810380
250810383
250810395
250810396
250810449
250810451
250810479
250810522
250810534
250810542
250810566
250810571
250810584
250810639
250810661
250810686
250810689
250810712
250810743
250810749
250810760
250810770
250810784
250810789
250810843
250810848
250810860
250810894
250810899
250810920
250810924
250810926
250810928
250810950
250810958
250810970
250810982
250810987
250810988
250810992
250810998
250811006
250811018
250811022
250811025
250811034
250811048
250811056
250811072
250811112
250811124
250811155
250811172
250811176
250811190
250811192
250811204
250811237
250811240
250811245
250811268
250811293
250811294
250811326
250811347
250811351
250811354
250811371
250811376
250811387
250811404
250811452
250811472
250811495
250811497
250811522
250811532
250811538
250811562
250811594
250811646
250811652
250811698
250811815
250811833
250811839
250811901
250811932
250811956
250811960
250811967
250812033
250812042
250812077
250812082
250812106
250812236
250812253
250812285
250812346
250812355
250812400
250812403
250812417
250812438
250812477
250812481
250812500
250812560
250812600
250812608
250812627
250812633
250812649
250812687
250812718
250812719
250812750
250812759
250812768
250812773
250812790
250812818
250812833
250812844
250812879
250812903
250812944
250813000
250813009
250813065
250813114
250813142
250813143
250813147
250813157
250813174
250813204
250813258
250813297
250813308
250813337
250813346
250813392
250813405
250813425
250813431
250813438
250813451
250813455
250813478
250813481
250813484
250813503
250813509
250813519
250813544
250813589
250813600
250813607
250813614
250813630
250813661
250813663
250813666
250813670
250813676
250813692
250813695
250813708
250813768
250813791
250813826
250813832
250813835
250813876
250813899
250813901
250813914
250813937
250813938
250813952
250813974
250813983
250814024
250814031
250814074
250814090
250814104
250814112
250814130
250814136
250814144
250814147
250814279
250814358
250814395
250814432
250814440
250814451
250814492
250814500
250814536
250814537
250814538
250814540
250814562
250814605
250814606
250814637
250814643
250814648
250814682
250814685
250814737
250814752
250814753
250814779
250814785
250814790
250814808
250814848
250814916
250814920
250814941
250814943
250814948
250814953
250814962
250814964
250814979
250814994
250814997
250815034
250815035
250815043
250815132
250815133
250815154
250815202
250815204
250815213
250815223
250815236
250815249
250815257
250815298
250815305
250815481
250815484
250815547
250815548
250815567
250815579
250815581
250815645
250815647
250815676
250815710
250815711
250815732
250815744
250815745
250815755
250815758
250815780
250815799
250815803
250815814
250815853
250815867
250815870
250815890
250815912
250815917
250815924
250815927
250815933
250815994
250816006
250816045
250816060
250816074
250816131
250816143
250816162
250816201
250816232
250816235
250816250
250816252
250816297
250816317
250816327
250816373
250816378
250816389
250816399
250816419
250816421
250816500
250816517
250816527
250816551
250816588
250816652
250816727
250816739
250816771
250816808
250816821
250816832
250816841
250816843
250816850
250816881
250816889
250816892
250817024
250817109
250817118
250817159
250817190
250817195
250817244
250817262
250817278
250817283
250817305
250817317
250817336
250817351
250817391
250817421
250817424
250817448
250817517
250817522
250817539
250817549
250817606
250817637
250817640
250817657
250817660
250817677
250817682
250817696
250817728
250817729
250817747
250817755
250817771
250817813
250817888
250817892
250817896
250817900
250817971
250817988
250818025
250818031
250818072
250818098
250818099
250818113
250818130
250818133
250818148
250818166
250818191
250818220
250818251
250818284
250818300
250818314
250818321
250818357
250818391
250818397
250818445
250818464
250818490
250818496
250818516
250818576
250818584
250818640
250818663
250818667
250818672
250818704
250818768
250818829
250818849
250818856
250818871
250818888
250818895
250818936
250819030
250819043
250819050
250819075
250819076
250819091
250819153
250819167
250819180
250819196
250819209
250819221
250819236
250819257
250819331
250819333
250819352
250819404
250819438
250819498
250819506
250819569
250819594
250819661
250819700
250819710
250819716
250819732
250819737
250819745
250819766
250819782
250819842
250819894
250820027
250820081
250820111
250820139
250820140
250820263
250820273
250820285
250820286
250820308
250820323
250820340
250820344
250820372
250820385
250820395
250820429
250820457
250820470
250820486
250820491
250820565
250820594
250820607
250820631
250820672
250820681
250820736
250820740
250820832
250820859
250820864
250820869
250820912
250820920
250820963
250820974
250821043
250821113
250821123
250821152
250821154
250821156
250821197
250821210
250821237
250821256
250821294
250821330
250821385
250821425
250821429
250821457
250821458
250821462
250821494
250821495
250821522
250821529
250821530
250821585
250821605
250821611
250821640
250821651
250821669
250821683
250821684
250821700
250821825
250900009
250900028
250900120
250900121
250900152
250900154
250900168
250900220
250900239
250900241
250900253
250900293
250900316
250900318
250900349
250900360
250900389
250900395
250900396
250900400
250900421
250900422
250900449
250900454
250900460
250900474
250900487
250900528
250900541
250900596
250900618
250900665
250900668
250900687
250900756
250900765
250900793
250900801
250900828
250900865
250900879
250900900
250900950
250900953
250900988
250900993
250901008
250901011
250901013
250901025
250901064
250901070
250901084
250901136
250901169
250901177
250901234
250901237
250901241
250901269
250901322
250901327
250901331
250901344
250901346
250901388
250901515
250901566
250901570
250901663
250901689
250901705
250901723
250901727
250901769
250901774
250901789
250901796
250901811
250901822
250901844
250901870
250901894
250901911
250901932
250901956
250901996
250902024
250902039
250902074
250902086
250902109
250902118
250902131
250902135
250902157
250902167
250902170
250902185
250902221
250902263
250902264
250902287
250902312
250902329
250902334
250902453
250902485
250902520
250902591
250902593
250902602
250902609
250902620
250902627
250902629
250902641
250902654
250902712
250902763
250902775
250902793
250902795
250902943
250902947
250902956
250902958
250902974
250902996
250903001
250903024
250903053
250903075
250903080
250903145
250903167
250903192
250903229
250903239
250903254
250903259
250903262
250903267
250903311
250903321
250903341
250903370
250903387
250903393
250903411
250903449
250903450
250903451
250903462
250903463
250903466
250903468
250903491
250903495
250903508
250903531
250903585
250903586
250903595
250903601
250903610
250903674
250903680
250903695
250903700
250903724
250903770
250903776
250903787
250903828
250903854
250903858
250903873
250903876
250903887
250903917
250903954
250903956
250903967
250903988
250904009
250904018
250904021
250904050
250904055
250904063
250904069
250904101
250904140
250904197
250904206
250904217
250904223
250904228
250904233
250904248
250904270
250904309
250904362
250904375
250904379
250904381
250904432
250904438
250904443
250904452
250904491
250904513
250904573
250904584
250904585
250904593
250904597
250904624
250904653
250904673
250904677
250904679
250904703
250904723
250904733
250904739
250904744
250904746
250904816
250904831
250904851
250904858
250904866
250904888
250904889
250904891
250904916
250904931
250904961
250904966
250904967
250905018
250905031
250905041
250905073
250905077
250905088
250905181
250905204
250905220
250905237
250905275
250905285
250905298
250905299
250905303
250905328
250905334
250905346
250905360
250905412
250905431
250905432
250905453
250905461
250905576
250905602
250905629
250905670
250905671
250905682
250905692
250905715
250905716
250905724
250905741
250905813
250905831
250905867
250905890
250905898
250905900
250905920
250905923
250905946
250905980
250906054
250906066
250906085
250906173
250906224
250906226
250906279
250906299
250906302
250906315
250906329
250906381
250906382
250906458
250906515
250906561
250906571
250906576
250906633
250906648
250906654
250906655
250906682
250906683
250906708
250906715
250906729
250906755
250906768
250906782
250906798
250906812
250906822
250906837
250906855
250906856
250906903
250906915
250906918
250906936
250906941
250906984
250906985
250906990
250907026
250907040
250907048
250907073
250907117
250907125
250907136
250907137
250907179
250907198
250907206
250907210
250907291
250907324
250907351
250907358
250907379
250907413
250907415
250907420
250907474
250907482
250907490
250907497
250907507
250907519
250907568
250907569
250907574
250907645
250907660
250907662
250907748
250907750
250907790
250907803
250907805
250907860
250907861
250907905
250907920
250907926
250907934
250907940
250907947
250907953
250907957
250907987
250908006
250908030
250908036
250908056
250908067
250908070
250908081
250908112
250908125
250908139
250908182
250908255
250908301
250908313
250908405
250908409
250908413
250908417
250908426
250908432
250908434
250908489
250908516
250908586
250908613
250908619
250908637
250908638
250908668
250908674
250908685
250908687
250908694
250908695
250908708
250908753
250908793
250908819
250908822
250908913
250908918
250908944
250908946
250908955
250908969
250909002
250909029
250909048
250909052
250909077
250909133
250909138
250909168
250909176
250909193
250909219
250909226
250909252
250909371
250909408
250909416
250909421
250909434
250909443
250909452
250909487
250909535
250909575
250909593
250909606
250909619
250909674
250909701
250909725
250909743
250909788
250909829
250909851
250909860
250909880
250909928
250909995
250910019
250910021
250910061
250910064
250910066
250910067
250910068
250910077
250910111
250910115
250910117
250910131
250910134
250910171
250910195
250910241
250910249
250910275
250910301
250910306
250910349
250910399
250910429
250910505
250910555
250910557
250910616
250910618
250910628
250910641
250910691
250910714
250910716
250910752
250910857
250910866
250910887
250910899
250910900
250910912
250910921
250910946
250910978
250911005
250911066
250911069
250911071
250911117
250911124
250911156
250911161
250911175
250911181
250911194
250911195
250911211
250911216
250911253
250911281
250911325
250911352
250911357
250911395
250911409
250911424
250911462
250911479
250911485
250911500
250911504
250911549
250911574
250911596
250911643
250911691
250911693
250911694
250911716
250911719
250911741
250911754
250911774
250911775
250911777
250911830
250911836
250911844
250911854
250911888
250911892
250911894
250911903
250911928
250911996
250912041
250912042
250912070
250912079
250912086
250912089
250912105
250912107
250912111
250912114
250912150
250912192
250912281
250912284
250912302
250912323
250912597
250912606
250912621
250912658
250912662
250912675
250912699
250912704
250912726
250912800
250912806
250912882
250912890
250912913
250912946
250912948
250912956
250912965
250912969
250912986
250912999
250913008
250913031
250913050
250913065
250913078
250913079
250913086
250913149
250913172
250913173
250913225
250913228
250913234
250913238
250913241
250913290
250913298
250913302
250913311
250913364
250913381
250913392
250913394
250913436
250913440
250913444
250913461
250913464
250913477
250913489
250913528
250913604
250913643
250913701
250913707
250913716
250913717
250913741
250913777
250913790
250913847
250913867
250913937
250913941
250913970
250913974
250913990
250914005
250914018
250914074
250914082
250914121
250914245
250914294
250914298
250914303
250914322
250914324
250914381
250914386
250914460
250914539
250914543
250914559
250914564
250914625
250914657
250914660
250914683
250914709
250914723
250914728
250914738
250914741
250914743
250914762
250914819
250914837
250914848
250914894
250914897
250914929
250914935
250914952
250914955
250914963
250914988
250915019
250915022
250915037
250915073
250915154
250915173
250915186
250915190
250915222
250915223
250915241
250915271
250915289
250915331
250915357
250915419
250915420
250915433
250915451
250915481
250915500
250915566
250915587
250915638
250915665
250915666
250915700
250915710
250915711
250915744
250915745
250915747
250915761
250915764
250915814
250915845
250915874
250915907
250915927
250915930
250915943
250916017
250916035
250916108
250916114
250916132
250916215
250916233
250916235
250916236
250916241
250916243
250916248
250916293
250916306
250916311
250916330
250916379
250916390
250916418
250916419
250916463
250916476
250916477
250916479
250916489
250916503
250916550
250916553
250916594
250916655
250916689
250916719
250916745
250916749
250916772
250916785
250916855
250916907
250916909
250916910
250916934
250916935
250916952
250916958
250916965
250917039
250917043
250917118
250917120
250917180
250917239
250917245
250917255
250917259
250917280
250917335
250917360
250917366
250917438
250917441
250917462
250917524
250917547
250917575
250917594
250917617
250917622
250917647
250917652
250917659
250917695
250917699
250917748
250917767
250917805
250917827
250917865
250917884
250917900
250917961
250917978
250917979
250917997
250918023
250918041
250918074
250918090
250918128
250918134
250918152
250918169
250918188
250918208
250918263
250918279
250918288
250918310
250918331
250918347
250918366
250918373
250918405
250918424
250918436
250918445
250918506
250918589
250918648
250918670
250918700
250918713
250918760
250918779
250918840
250918847
250918909
250918915
250918929
250918932
250918975
250918997
250919002
250919024
250919037
250919052
250919162
250919168
250919197
250919199
250919217
250919239
250919247
250919267
250919318
250919336
250919353
250919375
250919378
250919405
250919419
250919425
250919428
250919429
250919433
250919446
250919448
250919450
250919458
250919499
250919506
250919532
250919549
250919563
250919582
250919607
250919611
250919662
250919667
250919710
250919734
250919797
250919814
250919829
250919839
250919867
250919870
250919894
250919907
250919911
250919920
250919946
250919951
250919954
250919956
250919979
250920022
250920044
250920062
250920083
250920093
250920097
250920112
250920120
250920131
250920139
250920183
250920191
250920193
250920252
250920256
250920290
250920311
250920319
250920329
250920376
250920389
250920422
250920440
250920474
250920488
250920570
250920620
250920668
250920681
250920703
250920744
250920751
250920754
250920787
250920792
250920833
250920834
250920903
250920922
250920962
250921009
250921028
250921060
250921062
250921077
250921083
250921087
250921090
250921107
250921109
250921140
250921156
250921246
250921280
250921283
250921285
250921297
250921301
250921314
250921342
250921343
250921344
250921367
250921408
250921435
250921461
250921465
250921498
250921510
250921512
250921515
250921534
250921536
250921541
250921590
250921594
250921658
250921666
250921672
250921696
250921710
250921723
250921727
250921756
250921789
250921797
250921845
250921853
250921913
250921952
250921995
250922051
250922063
250922072
250922116
250922131
250922163
250922185
250922188
250922215
250922245
250922272
250922289
250922299
250922349
250922355
250922370
250922436
250922521
250922543
250922558
250922581
250922621
250922629
250922631
250922636
250922637
250922644
250922655
250922668
250922677
250922694
250922700
250922766
250922770
250922775
250922784
250922799
250922833
250922834
250922836
250922843
250922849
250922852
250922886
250922904
250922919
250922964
250922975
250922982
250923006
250923014
250923017
250923023
250923040
250923051
250923078
250923081
250923094
250923121
250923162
250923190
250923212
250923224
250923244
250923255
250923273
250923313
250923330
250923358
250923371
250923383
250923407
250923425
250923440
250923461
250923485
250923488
250923500
250923521
250923526
250923529
250923530
250923545
250923558
250923567
250923570
250923633
250923683
250923699
250923829
250923846
250923863
250923864
250923875
250923891
250923919
250923921
250923943
250924002
250924030
250924040
250924108
250924112
250924155
250924167
250924172
250924190
250924204
250924221
250924226
250924254
250924264
250924327
250924337
250924341
250924376
250924383
250924413
250924416
250924463
250924490
250924520
250924573
250924597
250924627
250924664
250924709
250924733
250924745
250924747
250924790
250924806
250924880
250924888
250924903
250924914
250925000
250925004
250925024
250925074
250925100
250925103
250925110
250925174
250925175
250925191
250925201
250925210
250925218
250925238
250925248
250925252
250925260
250925270
250925278
250925316
250925321
250925326
250925356
250925360
250925365
250925376
250925381
250925382
250925413
250925420
250925421
250925452
250925504
250925529
250925712
250925734
250925735
250925769
250925792
250925806
250925811
250925830
250925854
250925884
250925898
250925906
250925923
250925928
250925958
250925968
250925976
250925996
250926019
250926093
250926121
250926125
250926136
250926147
250926176
250926200
250926306
250926404
250926413
250926419
250926512
250926552
250926553
250926554
250926586
250926613
250926617
250_(musician)
250_(number)
250_Mbps_vs_500_Mbps_Internet_Plans
250_Vesey_Street
250_best_beans_lentils_tofu_recipes_healthy_wholesome_foods_(book)
250_bettina
250_cases_in_clinical_medicine_(book)
250_city_road
250_douglas_place
250_essential_chinese_characters_volume_1_for_everyday_use_hsk_level_1_(book)
250_essential_chinese_characters_volume_2_for_everyday_use_(book)
250_essential_kanji_for_everyday_use_volume_1_(book)
250_html_and_web_design_secrets_(book)
250_indie_games_you_must_play_(book)
250_nm_process
250_poems_a_portable_anthology_(book)
250_richmond_street_west
250_rules_of_business_secrets_to_growing_your_career_and_profits_(book)
250_song
250_steps
250_sudoku_puzzles_the_ultimate_collection_of_puzzles_for_all_abilities_(book)
250t-class_torpedo_boat
250th_Air_Defence_Missile_Brigade
250th_coast_artillery_united_states
250th_expeditionary_military_intelligence_battalion_united_states
250th_rifle_division_soviet_union
250th_tunnelling_company
251000002
251000039
251000050
251000058
251000063
251000064
251000082
251000096
251000104
251000112
251000127
251000147
251000158
251000176
251000212
251000223
251000224
251000236
251000243
251000274
251000284
251000285
251000302
251000352
251000400
251000420
251000431
251000525
251000552
251000553
251000583
251000591
251000605
251000704
251000717
251000741
251000753
251000805
251000860
251000864
251000965
251001035
251001036
251001040
251001047
251001118
251001130
251001139
251001186
251001199
251001232
251001234
251001243
251001253
251001284
251001308
251001341
251001366
251001422
251001431
251001475
251001522
251001530
251001531
251001565
251001566
251001608
251001609
251001664
251001673
251001674
251001678
251001722
251001749
251001774
251001775
251001782
251001794
251001797
251001800
251001801
251001808
251001863
251001873
251001878
251001902
251001994
251001997
251002018
251002052
251002088
251002099
251002125
251002160
251002175
251002176
251002185
251002188
251002199
251002245
251002265
251002270
251002273
251002276
251002311
251002326
251002370
251002388
251002403
251002407
251002423
251002436
251002453
251002461
251002476
251002486
251002501
251002517
251002579
251002585
251002599
251002612
251002620
251002624
251002667
251002676
251002689
251002724
251002734
251002777
251002822
251002885
251002899
251002902
251002965
251002969
251002994
251003007
251003019
251003065
251003077
251003091
251003140
251003172
251003179
251003183
251003189
251003227
251003262
251003346
251003381
251003383
251003409
251003426
251003462
251003467
251003490
251003513
251003535
251003547
251003589
251003611
251003623
251003635
251003644
251003667
251003694
251003714
251003760
251003766
251003791
251003803
251003829
251003848
251003856
251003861
251003872
251003904
251003978
251003986
251004001
251004158
251004176
251004195
251004213
251004224
251004240
251004299
251004308
251004309
251004314
251004363
251004383
251004399
251004418
251004429
251004440
251004472
251004500
251004518
251004521
251004522
251004525
251004534
251004546
251004554
251004580
251004604
251004617
251004659
251004684
251004730
251004739
251004746
251004779
251004800
251004808
251004819
251004834
251004842
251004857
251004864
251004872
251004961
251004962
251004971
251004973
251004994
251004998
251005011
251005048
251005052
251005085
251005103
251005135
251005160
251005191
251005221
251005265
251005269
251005302
251005350
251005373
251005377
251005393
251005401
251005405
251005415
251005416
251005435
251005442
251005459
251005501
251005525
251005565
251005567
251005571
251005574
251005598
251005624
251005628
251005765
251005767
251005800
251005854
251005900
251005944
251005955
251006008
251006016
251006058
251006109
251006146
251006158
251006166
251006172
251006187
251006205
251006208
251006253
251006257
251006293
251006313
251006333
251006339
251006340
251006380
251006402
251006404
251006408
251006414
251006424
251006499
251006505
251006514
251006552
251006565
251006571
251006578
251006583
251006593
251006600
251006603
251006604
251006620
251006641
251006672
251006706
251006727
251006729
251006738
251006741
251006746
251006764
251006786
251006802
251006806
251006849
251006855
251006902
251006992
251007024
251007030
251007078
251007081
251007106
251007112
251007114
251007133
251007165
251007172
251007217
251007225
251007237
251007249
251007305
251007336
251007362
251007380
251007387
251007394
251007397
251007404
251007410
251007467
251007500
251007515
251007531
251007534
251007555
251007563
251007566
251007578
251007596
251007598
251007682
251007721
251007723
251007766
251007796
251007842
251007844
251007876
251007972
251008066
251008072
251008115
251008119
251008145
251008155
251008173
251008178
251008211
251008227
251008260
251008286
251008294
251008327
251008332
251008356
251008365
251008396
251008411
251008463
251008472
251008478
251008483
251008536
251008549
251008562
251008569
251008575
251008582
251008588
251008601
251008629
251008643
251008662
251008716
251008717
251008734
251008742
251008764
251008766
251008773
251008821
251008830
251008847
251008867
251008879
251008919
251008959
251008975
251008990
251008999
251009029
251009040
251009042
251009066
251009099
251009103
251009123
251009147
251009157
251009198
251009217
251009250
251009262
251009264
251009273
251009288
251009293
251009295
251009297
251009319
251009338
251009350
251009371
251009477
251009539
251009545
251009548
251009550
251009581
251009627
251009632
251009644
251009648
251009663
251009681
251009696
251009703
251009718
251009721
251009724
251009733
251009744
251009767
251009848
251009869
251009877
251009901
251009909
251009919
251009934
251009940
251009966
251009978
251009988
251009994
251009995
251010010
251010011
251010036
251010064
251010083
251010218
251010227
251010243
251010278
251010288
251010317
251010319
251010329
251010348
251010354
251010401
251010429
251010441
251010465
251010483
251010486
251010514
251010515
251010555
251010563
251010580
251010641
251010656
251010660
251010713
251010719
251010722
251010726
251010743
251010778
251010794
251010833
251010857
251010884
251010902
251010925
251010974
251010991
251010993
251011009
251011040
251011041
251011045
251011106
251011107
251011128
251011134
251011154
251011181
251011190
251011201
251011214
251011288
251011298
251011303
251011304
251011323
251011331
251011359
251011505
251011543
251011556
251011576
251011630
251011635
251011684
251011736
251011754
251011782
251011797
251011798
251011834
251011841
251011857
251011867
251011876
251011877
251011916
251011938
251011945
251011974
251012008
251012015
251012022
251012065
251012066
251012072
251012106
251012209
251012219
251012222
251012259
251012271
251012293
251012306
251012324
251012349
251012359
251012374
251012384
251012405
251012483
251012492
251012511
251012526
251012538
251012571
251012599
251012638
251012736
251012741
251012772
251012776
251012777
251012824
251012842
251012866
251012869
251012878
251012901
251012909
251012916
251012942
251012965
251012966
251012970
251012976
251012978
251012997
251013029
251013056
251013068
251013075
251013098
251013142
251013147
251013171
251013175
251013276
251013278
251013300
251013338
251013344
251013350
251013358
251013395
251013407
251013418
251013470
251013486
251013503
251013507
251013534
251013577
251013618
251013644
251013683
251013702
251013708
251013719
251013751
251013757
251013759
251013763
251013764
251013796
251013804
251013811
251013870
251013885
251013890
251013907
251013968
251013971
251014003
251014007
251014062
251014074
251014076
251014080
251014081
251014089
251014100
251014120
251014127
251014157
251014158
251014210
251014211
251014232
251014275
251014304
251014311
251014324
251014344
251014389
251014421
251014451
251014508
251014509
251014537
251014580
251014647
251014682
251014704
251014726
251014730
251014789
251014805
251014826
251014827
251014837
251014862
251014872
251014883
251014902
251014913
251014939
251014945
251014969
251014976
251015034
251015036
251015043
251015111
251015122
251015135
251015146
251015163
251015196
251015312
251015333
251015340
251015348
251015375
251015385
251015390
251015394
251015408
251015460
251015468
251015518
251015523
251015582
251015590
251015597
251015636
251015663
251015678
251015683
251015706
251015721
251015778
251015828
251015836
251015854
251015873
251015898
251015923
251015953
251015964
251015982
251016001
251016069
251016088
251016101
251016102
251016130
251016137
251016146
251016187
251016191
251016210
251016218
251016229
251016245
251016269
251016275
251016278
251016281
251016317
251016379
251016397
251016414
251016440
251016457
251016468
251016511
251016531
251016558
251016559
251016566
251016571
251016590
251016604
251016653
251016667
251016700
251016705
251016717
251016722
251016750
251016764
251016782
251016787
251016798
251016821
251016839
251016867
251016870
251016902
251016916
251016995
251017008
251017029
251017079
251017130
251017135
251017146
251017152
251017254
251017294
251017327
251017330
251017364
251017393
251017396
251017410
251017417
251017444
251017446
251017461
251017473
251017531
251017553
251017605
251017621
251017645
251017661
251017662
251017705
251017779
251017806
251017807
251017830
251017841
251017863
251017875
251017891
251017897
251017903
251017925
251017929
251017934
251017981
251017990
251017994
251018012
251018018
251018040
251018041
251018066
251018074
251018122
251018148
251018157
251018163
251018179
251018183
251018198
251018232
251018244
251018273
251018276
251018317
251018321
251018326
251018336
251018346
251018353
251018420
251018457
251018462
251018470
251018485
251018500
251018509
251018521
251018550
251018597
251018608
251018683
251018695
251018704
251018764
251018782
251018800
251018841
251018854
251018856
251018862
251018876
251018910
251018972
251018995
251019010
251019033
251019082
251019108
251019116
251019122
251019162
251019217
251019220
251019251
251019276
251019358
251019359
251019395
251019414
251019470
251019495
251019500
251019527
251019529
251019559
251019578
251019615
251019641
251019661
251019694
251019714
251019747
251019749
251019756
251019762
251019765
251019802
251019831
251019838
251019845
251019862
251019865
251019903
251019910
251019971
251019988
251019990
251020026
251020073
251020123
251020160
251020187
251020205
251020218
251020230
251020247
251020252
251020253
251020262
251020315
251020326
251020351
251020375
251020385
251020430
251020439
251020440
251020448
251020460
251020466
251020470
251020528
251020539
251020542
251020544
251020572
251020630
251020641
251020662
251020684
251020739
251020783
251020799
251020838
251020852
251020853
251020872
251020884
251020896
251020966
251020985
251020987
251021015
251021061
251021072
251021132
251021138
251021174
251021186
251021192
251021227
251021232
251021248
251021257
251021264
251021271
251021281
251021299
251021317
251021346
251021370
251021389
251021392
251021406
251021416
251021488
251021491
251021547
251021590
251021624
251021629
251021654
251021683
251021688
251021691
251021693
251021712
251021727
251021744
251021749
251021754
251021785
251021799
251021804
251021829
251021849
251021886
251021897
251021920
251021928
251021979
251022007
251022100
251022108
251022113
251022121
251022127
251022143
251022190
251022221
251022242
251022306
251022346
251022388
251022396
251022416
251022428
251022456
251022471
251022482
251022522
251022552
251022608
251022669
251022673
251022680
251022715
251022739
251022742
251022748
251022752
251022761
251022805
251022832
251022868
251022903
251022913
251022919
251022929
251022935
251022951
251022979
251023030
251023036
251023038
251023067
251023072
251023101
251023140
251023160
251023180
251023235
251023260
251023263
251023284
251023311
251023335
251023348
251023360
251023369
251023387
251023399
251023454
251023459
251023464
251023514
251023543
251023575
251023576
251023638
251023672
251023739
251023763
251023808
251023821
251023827
251023829
251023849
251023856
251023861
251023891
251023895
251023911
251023917
251023927
251024008
251024021
251024044
251024054
251024071
251024079
251024089
251024091
251024093
251024118
251024119
251024121
251024166
251024238
251024264
251024266
251024274
251024280
251024340
251024409
251024415
251024418
251024421
251024454
251024499
251024544
251024562
251024605
251024606
251024617
251024722
251024738
251024747
251024770
251024825
251024832
251024835
251024865
251024879
251024927
251024931
251024932
251025015
251025047
251025056
251025126
251025156
251025194
251025203
251025214
251025253
251025286
251025287
251025297
251025314
251025349
251025351
251025362
251025381
251025416
251025425
251025515
251025527
251025548
251025600
251025605
251025615
251025640
251025643
251025676
251025684
251025725
251025774
251025775
251025790
251025806
251025825
251025828
251025865
251025894
251025934
251025958
251026011
251026050
251026084
251026094
251026138
251026146
251026173
251026176
251026208
251026213
251026223
251026231
251026245
251026252
251026273
251026287
251026325
251026331
251026339
251026357
251026358
251026394
251026401
251026406
251026441
251026444
251026465
251026504
251026516
251026529
251026593
251026630
251026687
251026698
251026710
251026721
251026742
251026782
251026786
251026793
251026834
251026904
251026920
251026922
251026926
251026937
251026949
251027005
251027017
251027025
251027030
251027074
251027089
251027103
251027113
251027147
251027150
251027158
251027170
251027207
251027236
251027247
251027259
251027270
251027272
251027300
251027301
251027311
251027345
251027355
251027376
251027386
251027390
251027430
251027500
251027533
251027614
251027630
251027663
251100038
251100054
251100076
251100092
251100104
251100129
251100191
251100237
251100276
251100306
251100317
251100375
251100392
251100395
251100415
251100437
251100455
251100457
251100463
251100469
251100475
251100482
251100554
251100569
251100614
251100640
251100679
251100694
251100709
251100754
251100757
251100780
251100817
251100943
251100985
251101009
251101021
251101031
251101107
251101110
251101119
251101124
251101148
251101153
251101175
251101199
251101223
251101317
251101333
251101369
251101370
251101377
251101389
251101396
251101449
251101508
251101522
251101541
251101579
251101603
251101605
251101609
251101623
251101634
251101659
251101670
251101691
251101729
251101775
251101780
251101809
251101842
251101854
251101863
251101872
251101914
251101916
251101917
251101943
251101954
251101977
251101982
251101992
251102027
251102050
251102079
251102113
251102127
251102163
251102173
251102174
251102218
251102242
251102250
251102258
251102259
251102275
251102333
251102335
251102383
251102390
251102430
251102448
251102508
251102573
251102581
251102608
251102610
251102642
251102647
251102649
251102719
251102766
251102780
251102785
251102794
251102807
251102810
251102825
251102827
251102902
251102920
251102925
251102965
251102966
251102967
251102990
251103006
251103035
251103081
251103157
251103184
251103195
251103222
251103249
251103258
251103292
251103293
251103324
251103404
251103411
251103451
251103452
251103454
251103513
251103550
251103584
251103587
251103606
251103612
251103625
251103636
251103676
251103720
251103776
251103852
251103860
251103882
251103886
251103954
251103960
251103962
251104048
251104059
251104064
251104092
251104122
251104139
251104155
251104169
251104192
251104210
251104230
251104288
251104296
251104303
251104304
251104311
251104317
251104380
251104390
251104406
251104415
251104452
251104506
251104512
251104522
251104541
251104570
251104598
251104640
251104679
251104710
251104711
251104735
251104744
251104790
251104795
251104810
251104815
251104850
251104857
251104893
251104963
251105019
251105023
251105029
251105037
251105100
251105110
251105119
251105120
251105150
251105160
251105222
251105224
251105228
251105244
251105272
251105301
251105302
251105308
251105378
251105387
251105460
251105509
251105510
251105519
251105560
251105578
251105616
251105640
251105654
251105666
251105671
251105730
251105732
251105753
251105809
251105812
251105878
251105893
251105900
251105903
251105920
251105921
251105922
251105935
251105944
251105952
251105965
251105979
251105981
251105994
251105996
251106012
251106019
251106022
251106039
251106041
251106050
251106084
251106088
251106113
251106163
251106184
251106229
251106253
251106257
251106318
251106330
251106373
251106450
251106461
251106488
251106503
251106524
251106528
251106546
251106555
251106588
251106598
251106697
251106718
251106727
251106739
251106761
251106764
251106766
251106780
251106806
251106817
251106855
251106879
251106884
251106886
251106934
251106959
251107043
251107045
251107048
251107156
251107167
251107197
251107224
251107233
251107250
251107283
251107285
251107300
251107303
251107309
251107333
251107346
251107352
251107358
251107362
251107394
251107426
251107449
251107455
251107505
251107508
251107519
251107569
251107584
251107589
251107608
251107618
251107654
251107751
251107760
251107762
251107763
251107764
251107769
251107869
251107872
251107877
251107886
251107907
251107917
251107925
251107931
251107938
251107946
251107982
251107983
251107994
251108000
251108003
251108014
251108035
251108057
251108069
251108122
251108127
251108136
251108149
251108150
251108166
251108179
251108214
251108226
251108241
251108283
251108327
251108377
251108379
251108382
251108408
251108418
251108451
251108474
251108496
251108501
251108532
251108534
251108571
251108583
251108612
251108633
251108671
251108791
251108811
251108831
251108853
251108864
251108873
251108879
251108899
251108930
251108947
251108985
251109003
251109010
251109019
251109021
251109023
251109032
251109080
251109097
251109108
251109111
251109128
251109131
251109154
251109240
251109251
251109324
251109353
251109354
251109388
251109433
251109453
251109458
251109493
251109507
251109529
251109530
251109540
251109554
251109566
251109580
251109602
251109618
251109631
251109732
251109735
251109770
251109785
251109800
251109844
251109856
251109859
251109877
251109879
251109882
251109928
251109943
251109951
251109969
251109974
251110044
251110050
251110056
251110116
251110119
251110159
251110191
251110216
251110254
251110290
251110305
251110308
251110318
251110326
251110379
251110441
251110452
251110465
251110480
251110591
251110611
251110616
251110623
251110638
251110652
251110688
251110732
251110867
251110874
251110888
251110891
251110980
251111023
251111028
251111052
251111055
251111080
251111119
251111140
251111232
251111243
251111248
251111287
251111300
251111358
251111361
251111362
251111383
251111388
251111397
251111431
251111449
251111475
251111481
251111485
251111550
251111552
251111556
251111562
251111612
251111639
251111654
251111665
251111708
251111729
251111739
251111751
251111756
251111787
251111812
251111889
251111899
251111905
251111941
251111963
251112022
251112041
251112050
251112060
251112122
251112131
251112149
251112173
251112208
251112221
251112257
251112259
251112281
251112317
251112322
251112364
251112436
251112446
251112463
251112475
251112514
251112531
251112549
251112556
251112561
251112585
251112605
251112613
251112633
251112692
251112713
251112802
251112810
251112843
251112850
251112851
251112894
251112908
251112922
251112933
251112934
251112951
251112966
251112974
251112984
251112988
251113046
251113047
251113061
251113071
251113073
251113081
251113089
251113133
251113141
251113144
251113168
251113183
251113195
251113224
251113227
251113240
251113309
251113342
251113353
251113372
251113398
251113405
251113413
251113415
251113448
251113453
251113520
251113535
251113536
251113566
251113571
251113602
251113626
251113627
251113629
251113641
251113643
251113668
251113684
251113692
251113716
251113732
251113765
251113796
251113818
251113829
251113842
251113847
251113876
251113885
251113890
251113908
251113921
251113944
251113948
251113950
251114035
251114061
251114079
251114081
251114085
251114094
251114140
251114141
251114146
251114178
251114179
251114201
251114230
251114236
251114260
251114281
251114342
251114349
251114376
251114395
251114418
251114422
251114427
251114430
251114440
251114444
251114467
251114513
251114538
251114552
251114581
251114622
251114631
251114664
251114668
251114719
251114720
251114721
251114763
251114772
251114783
251114841
251114865
251114878
251114944
251114950
251114980
251114996
251115017
251115041
251115131
251115138
251115160
251115174
251115195
251115214
251115251
251115265
251115311
251115320
251115347
251115356
251115396
251115421
251115445
251115449
251115509
251115557
251115569
251115616
251115634
251115642
251115654
251115673
251115679
251115691
251115776
251115797
251115804
251115837
251115864
251115873
251115892
251115913
251115932
251115939
251115953
251115971
251115996
251116032
251116033
251116076
251116077
251116088
251116098
251116143
251116154
251116160
251116170
251116200
251116235
251116276
251116282
251116308
251116309
251116343
251116374
251116390
251116409
251116419
251116460
251116510
251116543
251116545
251116546
251116555
251116573
251116590
251116705
251116758
251116771
251116794
251116811
251116812
251116853
251116935
251116943
251116967
251117062
251117068
251117221
251117240
251117245
251117274
251117278
251117290
251117315
251117422
251117488
251117489
251117499
251117525
251117526
251117537
251117586
251117610
251117615
251117624
251117638
251117703
251117731
251117764
251117768
251117776
251117872
251117877
251117883
251117889
251117938
251117951
251117970
251117978
251117980
251117982
251118012
251118042
251118060
251118073
251118083
251118086
251118087
251118096
251118103
251118149
251118154
251118158
251118173
251118177
251118195
251118215
251118218
251118250
251118300
251118307
251118328
251118329
251118451
251118455
251118467
251118514
251118516
251118540
251118565
251118566
251118575
251118611
251118612
251118613
251118618
251118619
251118622
251118649
251118674
251118682
251118694
251118695
251118735
251118763
251118768
251118802
251118853
251118869
251118878
251118910
251118956
251118970
251118975
251118999
251119020
251119048
251119081
251119093
251119207
251119212
251119214
251119216
251119221
251119242
251119263
251119286
251119312
251119314
251119323
251119325
251119338
251119347
251119365
251119394
251119475
251119479
251119593
251119658
251119712
251119736
251119753
251119759
251119797
251119835
251119860
251119862
251119865
251119891
251119895
251119948
251119962
251119966
251119968
251119982
251120002
251120018
251120020
251120025
251120035
251120056
251120062
251120108
251120111
251120122
251120134
251120146
251120148
251120159
251120187
251120260
251120317
251120355
251120367
251120375
251120381
251120388
251120439
251120533
251120602
251120608
251120610
251120614
251120643
251120671
251120757
251120769
251120800
251120836
251120856
251120876
251120902
251120924
251121071
251121085
251121119
251121156
251121162
251121177
251121189
251121210
251121211
251121233
251121261
251121262
251121273
251121274
251121302
251121306
251121317
251121324
251121395
251121422
251121443
251121455
251121457
251121495
251121527
251121571
251121575
251121605
251121748
251121785
251121795
251121807
251121848
251121858
251121869
251121881
251121890
251121900
251121909
251121932
251121957
251121981
251122038
251122039
251122080
251122085
251122092
251122094
251122125
251122133
251122138
251122144
251122163
251122176
251122214
251122261
251122263
251122268
251122271
251122273
251122291
251122318
251122330
251122333
251122364
251122376
251122386
251122387
251122389
251122413
251122423
251122438
251122489
251122505
251122539
251122593
251122630
251122634
251122701
251122712
251122715
251122731
251122734
251122750
251122774
251122789
251122799
251122832
251122855
251122915
251122972
251122980
251122989
251122994
251123040
251123043
251123077
251123125
251123164
251123247
251123250
251123251
251123307
251123316
251123338
251123352
251123369
251123373
251123383
251123387
251123396
251123402
251123406
251123435
2512_magazine
25143_Itokawa
2518_rutllant
2519_aluminium_alloy
251_(number)
251_Menlove_Avenue
251_bc
251_club_of_vermont
251_km
251_series
251_sophia
251_things_to_do_in_tofino_and_it_is_not_just_about_surfing_(book)
251st_air_defense_artillery_regiment
251st_battalion_good_fellows_cef
251st_cyberspace_engineering_installation_group
251st_indian_tank_brigade
251st_infantry_division
251st_rifle_division
251st_tunnelling_company
2520_(number)
2525_OSteen
2525_exordium_terminus
252_East_57th_Street
252_bc
252_clementina
252_number
252nd_Division_(Israel)
252nd_air_group
252nd_armor_regiment
252nd_battalion_lindsay_cef
252nd_indian_armoured_brigade
252nd_infantry_division_wehrmacht
252nd_rifle_division
252nd_training_squadron
252nd_tunnelling_company
252plinear
2531_cambridge
2537_battlefords_army_cadets
2537_gilmore
253_(book)
253_Mathilde
253_bc
253_number
253_series
253_squadron_israel
253rd_air_group
253rd_cyberspace_engineering_installation_group
253rd_infantry_division_wehrmacht
253rd_rifle_division
254
2542_calpurnia
254_bc
254_mm_45_caliber_pattern_1891
254_number
254_squadron_israel
254th_air_base_group
254th_combat_communications_group
254th_indian_tank_brigade
254th_infantry_division_wehrmacht
254th_tunnelling_company
2554_skiff
255_(number)
255_bc
255_oppavia
255_series
255plevy
255th_indian_tank_brigade
255th_infantry_division_wehrmacht
255th_rifle_division
255th_separate_chechen_ingush_cavalry_regiment
255th_tunnelling_company
256-bit_computing
2562
256_(number)
256_bc
256_bloghacks_(book)
256_city_of_london_and_south_east_multi_role_medical_regiment
256_walpurga
256_zones_of_gray_poems_(book)
256th_Infantry_Brigade_Combat_Team
256th_battalion_cef
256th_fighter_aviation_regiment
256th_infantry_division
256th_intelligence_squadron
256th_lithuanian_police_battalion
256th_rifle_division
256th_siege_battery_royal_garrison_artillery
256th_tunnelling_company
257-gon
2571_geisei
2572_annschnell
2575_bulgaria
2577_litva
257_(number)
257_album
257_bc
257_central_park_west
257_silesia
257th_battalion_cef
257th_infantry_division
257th_rifle_division_july_1941_formation
257th_rifle_division_july_1943_formation
257th_rifle_division_november_1941_formation
257th_tunnelling_company
2586_krokw_(book)
2589_days_apart
258_(number)
258_bc
258_song
258_tyche
258th_aero_squadron
258th_air_traffic_control_squadron
258th_field_artillery_regiment
258th_infantry_division_wehrmacht
258th_lithuanian_police_battalion
258th_rifle_division
258th_tunnelling_company
2591_dworetsky
25924_douglasadams
2594_acamas
2595_km
2598_merlin
259_(number)
259_ang_mo_kio_avenue_2
259pgarradd
259th_battalion_canadian_rifles_cef_siberia
259th_lithuanian_police_battalion
259th_rifle_division
25B-NBOH
25B-NBOMe
25C-NBOMe
25I-NBOMe
25K
25_(A-ha_album)
25_(Adele_album)
25_(G_Herbo_album)
25_(number)
25_Bank_Street
25_Days_of_Christmas
25_December_2024_Russian_strikes_on_Ukraine
25_Gigabit_Ethernet
25_Live
25_March_2024_Kyiv_and_Odesa_drone_strikes
25_Martin_Place
25_Minutes
25_O'Clock
25_WEG
25_Water_Street
25_Words_or_Less
25_Words_or_Less_(game_show)
25_Years_On
25_Years_–_The_Chain
25_ad_regiment_india
25_albums_that_rocked_the_world_(book)
25_aniversario
25_aniversario_1962_1987
25_april_film
25_aquarii
25_arietis
25_august_1983_andere_erzhlungen_(book)
25_august_2009_pristina_protests
25_august_2010_iraq_bombings
25_bags_to_knit_beautiful_bags_in_stylish_colors_(book)
25_bc
25_beaded_knits_beautiful_designs_in_stylish_colours_(book)
25_beaded_knits_fun_projects_and_fashionable_designs_to_wear_using_beads_buttons_and_sequins_(book)
25_berlin
25_big_ideas_the_science_thats_changing_our_world_(book)
25_bishydroxymethylfuran
25_bishydroxymethylpyrrole
25_books_every_christian_should_read_a_guide_to_the_essential_spiritual_classics_(book)
25_bridge_conventions_you_should_know
25_cancri
25_canum_venaticorum
25_carat
25_cats_name_sam_and_one_blue_pussy
25_cents_world_war_ii_dutch_coin
25_chapel_road
25_christmas_blessings_an_inspiring_countdown_to_christmas_(book)
25_churchill_place
25_close_support_engineer_group
25_cm_schwerer_Minenwerfer
25_cushions_to_knit_packed_with_patterns_for_cushions_of_every_size_to_suit_every_room_in_you_(book)
25_days_26_ways_to_make_this_your_best_christmas_ever_(book)
25_days_to_better_thinking_better_living_a_guide_for_improving_every_aspect_of_your_life_(book)
25_de_Abril_Bridge
25_de_mayo_station
25_degrees_in_winter
25_diamino_6_hydroxy_4_5_phosphoribosylaminopyrimidine
25_diaminovalerate_transaminase
25_dichloroaniline
25_dichlorophenol
25_didehydrogluconate_reductase
25_dihydrofuran
25_dihydroxy_14_benzoquinone
25_dihydroxycinnamic_acid
25_dihydroxypyridine_56_dioxygenase
25_diketocamphane_12_monooxygenase
25_diketopiperazine
25_dimethoxy_4_acetylamphetamine
25_dimethoxy_4_amylamphetamine
25_dimethoxy_4_butylamphetamine
25_dimethoxy_4_cyanoamphetamine
25_dimethoxy_4_ethoxyamphetamine
25_dimethoxy_4_ethylamphetamine
25_dimethoxy_4_fluoroamphetamine
25_dimethoxy_4_hexylamphetamine
25_dimethoxy_4_isobutylamphetamine
25_dimethoxy_4_isopropylamphetamine
25_dimethoxy_4_propylamphetamine
25_dimethoxy_4_sec_butylamphetamine
25_dimethoxy_4_tert_butylamphetamine
25_dimethoxy_p_cymene
25_dimethoxyamphetamine
25_dimethylfuran
25_dioxovalerate_dehydrogenase
25_ep
25_essential_writing_tips_guide_to_writing_good_fiction_(book)
25_essentials_techniques_for_planking_(book)
25_estrategias_para_ganar_en_bolsa_(book)
25_field_ambulance
25_furandicarboxaldehyde
25_gnguleiir_hfuborgarsvinu_(book)
25_gorgeous_sweaters_for_the_brand_new_knitter_(book)
25_great_bike_rides_of_the_twin_cities_(book)
25_great_circles_of_the_spherical_octahedron
25_great_french_films_eberts_essentials
25_great_french_films_eberts_essentials_(book)
25_hexanediol
25_historias_de_amor_y_de_dioses_(book)
25_hydroxycholesterol
25_jaar_na_waldolala
25_january_2010_baghdad_bombings
25_kV_AC_railway_electrification
25_keys_to_life_changing_prayer_(book)
25_kille
25_kites_that_fly_(book)
25_kmh
25_krooni
25_latino_craft_projects_(book)
25_let_voenkonezavoda
25_magazine
25_martiou_metro_station
25_may_1995_tuzla_massacre
25_may_2024_kharkiv_missile_strikes
25_medical_tests_your_doctor_should_tell_you_aboutand_15_you_can_do_yourself_(book)
25_miles_to_touching_the_heart_of_god_(book)
25_millimeter_band
25_mini_lessons_for_teaching_writing_quick_lessons_that_help_students_become_effective_writer_(book)
25_minutes_to_go
25_mm_Hotchkiss_anti-aircraft_gun
25_mm_Hotchkiss_anti-tank_gun
25_mm_automatic_air_defense_gun_M1940_(72-K)
25_mm_caliber
25_mm_grenade
25_more_bags_to_knit_beautiful_bags_in_stylish_colors
25_more_bags_to_knit_chic_and_stylish_accessories_(book)
25_mountain_bike_tours_in_the_adirondacks_(book)
25_natural_ways_to_control_irritable_bowel_syndrome_(book)
25_natural_ways_to_manage_stress_and_avoid_burnout_(book)
25_north_colonnade
25_number_ones
25_oakhill_road
25_or_6_to_4
25_ores
25_orionis
25_park_lane
25_park_place
25_patty_larkin_album
25_phocaea
25_questions_god_asked_discover_the_answers_that_will_change_your_life_(book)
25_quick_formative_assessments_for_a_differentiated_classroom_easy_low_prep_assessments_that__(book)
25_reasons_charlie_should_never_read_janes_books_to_jane_(book)
25_reasons_you_dont_want_to_meditate_and_how_to_get_over_them
25_reasons_you_dont_want_to_meditate_and_how_to_get_over_them_(book)
25_roses_(book)
25_scorpii
25_scottish_songs
25_sense_(book)
25_serpentis
25_sextantis
25_song
25_squadron_saaf
25_st_ann_street
25_stories_of_life_and_love_in_australia_(book)
25_strokes_of_kindness_(book)
25_ta_Life
25_the_complete_singles
25_things_every_nursing_mother_needs_to_know_(book)
25_things_moms_hope_dont_happen_for_the_holidays_(book)
25_things_that_really_matter_in_life_(book)
25_things_to_say_to_the_interviewer_to_get_the_job_you_want_being_qualified_isnt_enough_(book)
25_to_Life
25_to_Life_(album)
25_training_regiment_rlc
25_vulpeculae
25_ways_to_communicate_respect_to_your_husband_(book)
25_ways_to_kill_a_werewolf_(book)
25_ways_to_sew_jelly_rolls_layer_cakes_charm_packs_modern_quilt_projects_from_contemporary_pr_(book)
25_ways_to_win_with_people_how_to_make_others_feel_like_a_million_bucks_(book)
25_winter_craft_ideas_easy_indoor_crafts_for_kids_(book)
25_xylidine
25_year_celebration_of_mannheim_steamroller
25_year_reunion_celebration
25_years_celebration
25_years_country_gentlemen_album
25_years_ep
25_years_hawkwind_song
25_years_in_rock_and_still_going_strong
25_years_later
25_years_of_innocence
25_years_of_perfecto_records
25_years_of_rock
25_years_the_big_dish_song
25b_nacpip
25b_nb
25b_nbf
25band
25c_nb3ome
25c_nbf
25c_nboh
25cn_nboh
25cn_nbome
25d_integrated_circuit
25d_machining
25d_nbome
25d_nm_ndeaop
25dneujmin
25e_nboh
25e_nbome
25f_nbome
25g_nbome
25h_nbome
25i_nb34md
25i_nb3ome
25i_nb4ome
25i_nbmd
25i_nboh
25ip_nbome
25k_run
25karats
25l6
25n_n1_nap
25n_nbph
25o_nbcp
25o_nbome
25p_nbome
25t2_nbome
25t7_nbome
25t_nbome
25tfm_nbome
25th49th_battalion_royal_queensland_regiment
25th_AVN_Awards
25th_Academy_Awards
25th_Airborne_Brigade_(Ukraine)
25th_Anniversary_Box_Set
25th_Anniversary_Rock_and_Roll_Hall_of_Fame_Concerts
25th_Annual_D.I.C.E._Awards
25th_Annual_Grammy_Awards
25th_Arabian_Gulf_Cup_squads
25th_Aviation_Regiment_(United_States)
25th_Critics'_Choice_Awards
25th_Fighter_Squadron
25th_Golden_Raspberry_Awards
25th_Gulf_Cup
25th_Hour
25th_Infantry_Division_(United_States)
25th_Infantry_Regiment_(United_States)
25th_Infantry_Regiment_Polish_Armed_Forces_in_the_USSR
25th_Marine_Regiment_(United_States)
25th_Panzergrenadier_Division
25th_Screen_Actors_Guild_Awards
25th_Siberian_Rifle_Regiment_Russian_Empire
25th_Special_Mission_Forces_Division
25th_Waffen_Grenadier_Division_of_the_SS_Hunyadi_(1st_Hungarian)
25th_World_Scout_Jamboree
25th_actors_and_actresses_union_awards
25th_aero_squadron
25th_air_cavalry_brigade
25th_air_defence_division_russia
25th_air_division
25th_air_flotilla
25th_air_support_operations_squadron
25th_airborne_division_france
25th_alaska_state_legislature
25th_alberta_legislature
25th_anniversary_album
25th_anniversary_celebration
25th_anniversary_collection_kc_and_the_sunshine_band_album
25th_anniversary_concert
25th_anniversary_of_hamas
25th_anniversary_of_the_JapanChina_Peace_and_Friendship_Treaty
25th_anniversary_reunion
25th_anniversary_the_new_chapter
25th_anniversary_ultimate_best_the_one_
25th_annual_bfja_awards
25th_annual_latin_grammy_awards
25th_annual_premios_gardel
25th_antisubmarine_wing
25th_arabian_gulf_cup_group_a
25th_arabian_gulf_cup_group_b
25th_arabian_gulf_cup_knockout_stage
25th_arizona_state_legislature
25th_arizona_territorial_legislature
25th_armored_division_united_states
25th_armoured_brigade_greece
25th_armoured_engineer_brigade_royal_engineers
25th_army_band
25th_army_corps_russian_empire
25th_army_corps_soviet_union
25th_army_soviet_union
25th_army_tank_brigade_united_kingdom
25th_army_wehrmacht
25th_artillery_battalion_estonia
25th_attack_group
25th_avenue_station
25th_avenuedunlap_station
25th_bachsas_awards
25th_bangladesh_national_film_awards
25th_battalion_australia
25th_battalion_new_zealand
25th_battalion_nova_scotia_rifles_cef
25th_berlin_international_film_festival
25th_birthday_party
25th_brigade_australia
25th_brigade_royal_field_artillery
25th_bucheon_international_fantastic_film_festival
25th_buil_film_awards
25th_busan_international_film_festival
25th_canadian_infantry_brigade
25th_canadian_ministry
25th_canadian_parliament
25th_cavalry_division
25th_century_BC
25th_chess_olympiad
25th_combat_aviation_brigade
25th_combined_arms_army
25th_commercial_station
25th_connecticut_infantry_regiment
25th_continental_regiment
25th_county_of_london_cyclist_battalion
25th_delaware_general_assembly
25th_destroyer_squadron
25th_division_german_empire
25th_division_south_vietnam
25th_division_spain
25th_division_united_kingdom
25th_division_yugoslav_partisans
25th_dragoons
25th_east_africa_infantry_brigade
25th_european_film_awards
25th_federal_electoral_district_of_the_federal_district
25th_field_artillery_regiment
25th_field_regiment
25th_filmfare_awards
25th_filmfare_awards_south
25th_frontiersmen_battalion_royal_fusiliers
25th_g8_summit
25th_gcc_champions_league
25th_gemini_awards
25th_general_assembly_of_newfoundland
25th_general_assembly_of_nova_scotia
25th_genie_awards
25th_gma_dove_awards
25th_golden_disc_awards
25th_golden_eagle_awards
25th_golden_horse_awards
25th_government_of_turkey
25th_goya_awards
25th_greater_poland_uhlan_regiment
25th_grey_cup
25th_guards_rifle_division
25th_hawaii_territorial_legislature
25th_hong_kong_film_awards
25th_iifa_awards
25th_illinois_infantry_regiment
25th_independence_anniversary_medal
25th_independent_battery_indiana_light_artillery
25th_independent_mixed_regiment
25th_independent_spirit_awards
25th_indian_infantry_brigade
25th_indiana_infantry_regiment
25th_infantry_brigade_north_korea
25th_infantry_brigade_united_kingdom
25th_infantry_division_artillery_united_states
25th_infantry_division_india
25th_infantry_division_ottoman_empire
25th_infantry_division_poland
25th_infantry_division_south_korea
25th_infantry_regiment_argentina
25th_infantry_regiment_imperial_japanese_army
25th_intelligence_squadron
25th_international_emmy_awards
25th_international_film_festival_of_india
25th_iowa_infantry_regiment
25th_japan_academy_film_prize
25th_japan_film_professional_awards
25th_japan_record_awards
25th_karbala_division
25th_kentucky_infantry_regiment
25th_kolkata_international_film_festival
25th_landwehr_division_german_empire
25th_legislature_of_yukon
25th_light_anti_aircraft_regiment_royal_artillery
25th_lima_film_festival
25th_locarno_film_festival
25th_louisiana_infantry_regiment
25th_luna_awards
25th_maine_infantry_regiment
25th_manitoba_legislature
25th_massachusetts_infantry_regiment
25th_mechanized_corps_soviet_union
25th_mechanized_infantry_battalion_ukraine
25th_meril_prothom_alo_awards
25th_michigan_infantry_regiment
25th_missouri_infantry_regiment
25th_moscow_international_film_festival
25th_motorized_division_france
25th_mountain_battery
25th_multi_member_constituency
25th_naacp_image_awards
25th_national_film_awards
25th_national_geographic_bee
25th_national_hockey_league_all_star_game
25th_new_brunswick_legislature
25th_new_jersey_infantry_regiment
25th_new_york_infantry_regiment
25th_new_york_state_legislature
25th_new_zealand_parliament
25th_of_July_Movement
25th_ohio_independent_light_artillery_battery
25th_ohio_infantry_regiment
25th_oklahoma_legislature
25th_parachute_division_france
25th_parallel_magazine
25th_parliament_of_british_columbia
25th_parliament_of_ontario
25th_pennsylvania_infantry_regiment
25th_pmpc_star_awards_for_television
25th_producers_guild_of_america_awards
25th_public_security_protection_brigade
25th_punjabis
25th_quebec_cinema_awards
25th_quebec_legislature
25th_raider_infantry_brigade_siwah
25th_reserve_division_german_empire
25th_sarasaviya_awards
25th_saskatchewan_legislature
25th_satellite_awards
25th_saturn_awards
25th_screen_awards
25th_scripps_national_spelling_bee
25th_senate_of_puerto_rico
25th_signal_battalion_united_states
25th_sony_radio_academy_awards
25th_south_african_parliament
25th_space_range_squadron
25th_station_hospital_unit
25th_street_collective
25th_street_recording
25th_street_station_bmt_fifth_avenue_line
25th_street_station_bmt_fourth_avenue_line
25th_takavar_brigade
25th_tank_corps
25th_tank_division_soviet_union
25th_tca_awards
25th_tianyuan
25th_tnnmusic_city_news_country_awards
25th_tokyo_international_film_festival
25th_torino_film_festival
25th_transport_aviation_brigade
25th_united_states_colored_infantry_regiment
25th_united_states_congress
25th_vanier_cup
25th_venice_biennale
25th_venice_international_film_festival
25th_virginia_cavalry_regiment
25th_virginia_infantry_regiment
25th_welton_station
25th_wisconsin_infantry_regiment
25th_wisconsin_legislature
25th_world_science_fiction_convention
25th_yokohama_film_festival
25zero
2600-series_(CTA)
2600_hertz
2600_phrases_for_setting_effective_performance_goals_ready_to_use_phrases_that_really_get_res_(book)
2600_the_hacker_quarterly
2606_odessa
26074_carlwirtz
260_(number)
260_bc
260_days
260pmcnaught
260th_infantry_division_wehrmacht
260th_military_police_command_united_states
260th_quartermaster_battalion_united_states
261_(number)
261_bc
261_gallery
261_prymno
261st_cyber_operations_squadron
261st_medical_battalion
261st_theater_tactical_signal_brigade
2623_zech
2629_rudra
262_Fifth_Avenue
262_number
262_southwest_anatolia_earthquake
262_valda
262nd_infantry_division_wehrmacht
262nd_rifle_division
263_(number)
263_brain_busters_just_how_smart_are_you_anyway_(book)
263_dresda
263rd_army_air_and_missile_defense_command
263rd_infantry_division_wehrmacht
263rd_rifle_division
2640_album
2641st_special_group
2644_victor_jara
2648_owa
264_libussa
264_number
264th_combat_sustainment_support_battalion
264th_infantry_division_wehrmacht
264th_rifle_division
264th_sussex_field_company_royal_engineers
2658_gingerich
265_anna
265_mm_All-Terrain_Tires
265_number
265_point_(book)
265th_air_defense_artillery_regiment
265th_infantry_division_wehrmacht
265th_motor_rifle_division
266
2666
266_aline
266_number
266pchristensen
266th_finance_support_center
266th_infantry_division_wehrmacht
266th_rifle_division
2671st_special_reconnaissance_battalion_united_states
2672_km
2674_pandarus
2677th_office_of_strategic_services_regiment
2678_aavasaksa
267_number
267th_aviation_regiment_of_school_of_reserve_officers
267th_chemical_company
267th_combat_communications_squadron
267th_dukhovshchinsky_infantry_regiment
267th_field_artillery_battalion
267th_indian_armoured_brigade
267th_infantry_division_wehrmacht
267th_rifle_division
26858_misterrogers
2685_masursky
268_number
268th_indian_infantry_brigade
268th_infantry_division_wehrmacht
268th_rifle_division
2696_magion
2697_albina
269_amazing_sex_play_(book)
269_amazing_sex_tips_and_tricks_for_men_(book)
269_justitia
269_medium_regiment_india
269_number
269_west_riding_battery_royal_artillery
269th_combat_communications_squadron
269th_infantry_division_wehrmacht
269th_rifle_division
26_(number)
26_2
26_Baku_Commissars
26_Broadway
26_January_2026_in_association_football
26_Martyrs_of_Japan
26_Miles_(Santa_Catalina)
26_Mixes_for_Cash
26_Years
26_a_go_go
26_andromedae
26_aquarii
26_aquilae
26_arietis
26_august_2021_balochistan_attacks
26_august_2024_russian_strikes_on_ukraine
26_aurigae
26_baku_commissars_memorial
26_band
26_big_things_small_hands_do_(book)
26_bit_computing
26_camelopardalis
26_canis_majoris
26_cm_minenwerfer_m_17
26_cm_rk_l20
26_coppergate
26_cygni
26_december_2024_israeli_attack_on_yemen
26_di_tert_butylphenol
26_diacetylpyridine
26_diaminopurine
26_dichloro_4_nitroaniline
26_dichloroaniline
26_dichlorobenzonitrile
26_dichlorophenol
26_dichloropyridine
26_dichloroquinone_4_chloroimide
26_diformylpyridine
26_dihydroxybenzoic_acid
26_dihydroxypyridine_3_monooxygenase
26_diisopropylaniline
26_diisopropylnaphthalene
26_dimethoxyamphetamine
26_dimethoxybenzoquinone
26_dimethoxyphenethylamine
26_dimethylnaphthalene
26_dimethylpiperidine
26_dioxo_6_phenylhexa_3_enoate_hydrolase
26_dongeng_teladanku_(book)
26_dongeng_teladanku_anthology
26_draconis
26_engineer_regiment_united_kingdom
26_fairmount_avenue
26_fairmount_avenue_26_fairmount_avenue_1_(book)
26_fairmount_avenue_a_26_fairmount_avenue_book_(book)
26_fairmount_avenue_books_1_4_26_fairmount_avenue_here_we_all_are_on_my_way_what_a_year_(book)
26_field_artillery
26_fullerene_graph
26_gorgeous_hikes_on_the_western_cote_dazur_(book)
26_hours_in_paris_international_affairs_1_(book)
26_hydrae
26_journal_square
26_july_2007_baghdad_market_bombing
26_june_district
26_kisses_(book)
26_letters_and_99_cents_(book)
26_men
26_miles
26_miles_to_boston_the_boston_marathon_experience_from_hopkinton_to_copley_square_(book)
26_minutes
26_monkeys_also_the_abyss
26_motorised_infantry_brigade_namibia
26_naphthalenedicarboxylic_acid
26_nathan_road
26_october_1993
26_october_barracks
26_personas_para_salvar_al_mundo
26_poem_stories_about_animals_a_to_z_aardvark_to_zebra_fun_and_funny_poems_telling_real_stori_(book)
26_poesie_(book)
26_proserpina
26_pyridinedicarbothioic_acid
26_rutland_gate
26_squadron_saaf
26_steps_to_heaven_a_simple_path_to_a_better_life_(book)
26_tay_street
26_usc_102c
26_vulpeculae
26_xylenol
26_xylidine
26_years_album
26_years_diary
26a_a_novel_(book)
26a_diana_evans_(book)
26a_disambiguation
26th_AVN_Awards
26th_Academy_Awards
26th_Annual_D.I.C.E._Awards
26th_Annual_Grammy_Awards
26th_Arabian_Gulf_Cup
26th_Artillery_Brigade_(Ukraine)
26th_Cavalry_Regiment_(Philippine_Scouts)
26th_Congress_of_the_Communist_Party_of_the_Soviet_Union_(diamond)
26th_Critics'_Choice_Awards
26th_Golden_Raspberry_Awards
26th_Indian_Infantry_Division
26th_Infantry_Division_(United_States)
26th_Infantry_Division_(Wehrmacht)
26th_Infantry_Regiment_(United_States)
26th_Maneuver_Enhancement_Brigade
26th_Marine_Expeditionary_Unit
26th_Marine_Regiment_(United_States)
26th_Satellite_Awards
26th_Screen_Actors_Guild_Awards
26th_Seanad
26th_Special_Tactics_Squadron
26th_United_States_Congress
26th_Waffen_Grenadier_Division_of_the_SS_(2nd_Hungarian)
26th_World_Scout_Jamboree
26th_academy_of_country_music_awards
26th_actors_and_actresses_union_awards
26th_air_army
26th_air_defense_missile_squadron
26th_air_division
26th_air_flotilla
26th_airborne_brigade_bundeswehr
26th_alabama_infantry_regiment
26th_alaska_state_legislature
26th_annie_awards
26th_annual_bfja_awards
26th_annual_latin_grammy_awards
26th_annual_premios_gardel
26th_arabian_gulf_cup_squads
26th_arizona_state_legislature
26th_arkansas_infantry_regiment
26th_armoured_brigade_united_kingdom
26th_armoured_regiment_australia
26th_army_corps_russian_empire
26th_awit_awards
26th_bangladesh_national_film_awards
26th_battalion_australia
26th_battalion_new_brunswick_cef
26th_battalion_new_zealand
26th_blue_dragon_film_awards
26th_brigade_royal_field_artillery
26th_buil_film_awards
26th_busan_international_film_festival
26th_cameronian_regiment_of_foot
26th_canadian_film_awards
26th_canadian_ministry
26th_canadian_parliament
26th_cavalry_commando_regiment_australia
26th_century_BC
26th_chess_olympiad
26th_commando_squadron_australia
26th_congress_of_the_communist_party_of_the_soviet_union
26th_connecticut_infantry_regiment
26th_continental_regiment
26th_cyberspace_operations_group
26th_delaware_general_assembly
26th_division_german_empire
26th_division_imperial_japanese_army
26th_division_somalia
26th_division_spain
26th_division_united_kingdom
26th_division_yugoslav_partisans
26th_european_film_awards
26th_expeditionary_rescue_squadron
26th_federal_electoral_district_of_the_federal_district
26th_federal_electoral_district_of_the_state_of_mexico
26th_field_artillery_regiment_united_states
26th_field_regiment_australia
26th_filmfare_awards
26th_filmfare_awards_south
26th_g8_summit
26th_gcc_champions_league
26th_general_assembly_of_newfoundland
26th_general_assembly_of_nova_scotia
26th_general_assembly_of_prince_edward_island
26th_genie_awards
26th_gma_dove_awards
26th_golden_eagle_awards
26th_government_of_turkey
26th_grey_cup
26th_guldbagge_awards
26th_hong_kong_film_awards
26th_hussars
26th_illinois_infantry_regiment
26th_independent_battery_indiana_light_artillery
26th_independent_spirit_awards
26th_indian_infantry_brigade
26th_indiana_infantry_regiment
26th_infantry_battalion
26th_infantry_battalion_romania
26th_infantry_brigade_united_kingdom
26th_infantry_division_poland
26th_infantry_division_russian_empire
26th_information_operations_wing
26th_intelligence_squadron
26th_international_emmy_awards
26th_international_film_festival_of_india
26th_iris_awards_spain
26th_japan_academy_film_prize
26th_japan_film_professional_awards
26th_kbp_golden_dove_awards
26th_kentucky_infantry_regiment
26th_kolkata_international_film_festival
26th_landwehr_division_german_empire
26th_legislature_of_yukon
26th_lima_film_festival
26th_locarno_film_festival
26th_louisiana_infantry_regiment
26th_luna_awards
26th_maine_infantry_regiment
26th_manitoba_legislature
26th_mechanized_corps_soviet_union
26th_mechanized_infantry_division_south_korea
26th_meril_prothom_alo_awards
26th_michigan_infantry_regiment
26th_milestone_isle_of_man
26th_missouri_infantry_regiment
26th_moscow_international_film_festival
26th_naacp_image_awards
26th_national_film_awards
26th_national_geographic_bee
26th_national_guard_battalion_ukraine
26th_national_hockey_league_all_star_game
26th_national_television_awards
26th_naval_river_ships_division_ukraine
26th_network_operations_squadron
26th_new_brunswick_legislature
26th_new_york_cavalry_regiment
26th_new_york_infantry_regiment
26th_new_york_state_legislature
26th_new_zealand_parliament
26th_of_July_Movement
26th_ohio_independent_light_artillery_battery
26th_ohio_infantry_regiment
26th_oklahoma_legislature
26th_oregon_legislative_assembly
26th_parliament_of_british_columbia
26th_parliament_of_ontario
26th_parliament_of_turkey
26th_pennsylvania_infantry_regiment
26th_producers_guild_of_america_awards
26th_quebec_cinema_awards
26th_quebec_legislature
26th_regiment_royal_artillery
26th_reserve_division_german_empire
26th_sarasaviya_awards
26th_saskatchewan_legislature
26th_saturn_awards
26th_screen_awards
26th_scripps_national_spelling_bee
26th_service_battalion_royal_fusiliers_bankers
26th_space_aggressor_squadron
26th_ss_police_regiment
26th_station
26th_streetbergamot_station
26th_tank_regiment
26th_tca_awards
26th_texas_cavalry_regiment
26th_tnnmusic_city_news_country_awards
26th_tvynovelas_awards
26th_united_states_colored_infantry_regiment
26th_vanier_cup
26th_venice_biennale
26th_virginia_cavalry_regiment
26th_virginia_infantry_battalion
26th_wisconsin_infantry_regiment
26th_wisconsin_legislature
26th_writers_guild_of_america_awards
27-inch_QHD_IPS_Mini-LED_Monitors
27.5_mountain_bike
2700099c18rik
2700_west_sugar_factory_road_station
2703_rodari
2708_burns
2709_sagan
270_Park_Avenue_(1960–2021)
270_Park_Avenue_(2021–present)
270_anahita
270_number
270th_engineering_installation_squadron
270th_infantry_division_wehrmacht
270th_motor_rifle_division
270th_rifle_division_soviet_union
270toWin
271_(number)
271_bc
271_north_avenue
271_penthesilea
271_series
271st_infantry_division
2726_kotelnikov
27270_guidotti
272_antonia
272_number
272nd_infantry_division
272nd_motor_rifle_regiment
272nd_volksgrenadier_division
2730_barks
2732_witt
2736
273_(number)
273_atropos
273_series
273rd_infantry_division_wehrmacht
273rd_reserve_panzer_division
273rd_rifle_division
2741_valdivia
274301_Wikipedia
2744_birgitta
274_number
274_philagoria
274th_air_support_operations_squadron
274th_infantry_division_wehrmacht
274th_regiment
274th_rifle_division
2751_campbell
2754_efimov
2759_idomeneus
275_battery_street
275_george_street
275_kv_forth_crossing
275_madison_avenue
275_number
275_sapientia
275th_infantry_division_wehrmacht
275th_regiment
275th_rifle_division
276_adelheid
276_number
276th_engineer_battalion_united_states
276th_rifle_division
276th_volksgrenadier_division
277_(number)
277_Park_Avenue
277_elvira
277_fifth_avenue
277th_infantry_division
277th_rifle_division
2783_km
27861
278_number
278_paulina
278th_Armored_Cavalry_Regiment
278th_aero_squadron
278th_infantry_division
278th_rifle_division
2797_teucer
279_number
279_thule
279th_infantry_division_wehrmacht
279th_rifle_division
27_(number)
27_BC
27_Club
27_Club_graffiti_in_Tel_Aviv
27_Down
27_Dresses
27_MHz_CB27/81_Bandplan
27_a_history_of_the_27_club_through_the_lives_of_brian_jones_jim_morrison_janis_joplin_jimi_h_(book)
27_ad_missile_regiment_amritsar_airfield
27_aneb_smrt_vs_proslav_novel
27_aquilae
27_arietis
27_brigade
27_bryant
27_canis_majoris
27_ciro_y_los_persas_album
27_ciruelos_por_delante_poetry_collection
27_crocus_place
27_cygni
27_dihydrothiepine
27_dresses_(book)
27_ep
27_falz_album
27_film
27_guns
27_hours
27_hydrae
27_hydroxycholesterol
27_hydroxycholesterol_7alpha_monooxygenase
27_july_1996_incident
27_lies_lukes_story_the_truth_about_love_2_novel
27_mavalli_circle
27_may_2013_baghdad_bombings
27_memory_lane
27_men_(book)
27_men_memoir
27_men_out_baseballs_perfect_games
27_men_out_baseballs_perfect_games_(book)
27_minutes_10554_seconds
27_missing_kisses
27_monocerotis
27_movies_from_the_dark_side_(book)
27_nouveaux_origamis_gants_(book)
27_october_2003_baghdad_bombings
27_old_market_street_usk
27_opera
27_passports
27_pembridge_gardens
27_piscium
27_quick_life_transformation_tips_simple_effective_methods_for_making_this_your_best_year_ever
27_rue_de_Fleurus
27_rue_de_la_paix
27_september_2008_delhi_bombing
27_song
27_songs_from_barcelona
27_squadron_saaf
27_steps_of_may
27_suosikkia
27_things_to_know_about_yoga_(book)
27_truths_avas_story_(book)
27_truths_avas_story_the_truth_about_love_1_novel
27_views_of_chapel_hill_a_southern_university_town_in_prose_poetry_(book)
27_views_of_raleigh_the_city_of_oaks_in_prose_poetry_(book)
27_views_of_wilmington_the_port_city_in_prose_poetry_(book)
27_volume_1_first_set_twenty_seven_1_(book)
27_vulpeculae
27_west_67th_street
27a
27a_35a_dalgety_road_millers_point
27a_disambiguation
27e_bataillon_de_chasseurs_alpins
27j_schools
27pcrommelin
27th_(Inniskilling)_Regiment_of_Foot
27th_AVN_Awards
27th_Academy_Awards
27th_Annual_Grammy_Awards
27th_Busan_International_Film_Festival
27th_Critics'_Choice_Awards
27th_Fighter_Squadron
27th_G8_summit
27th_Golden_Raspberry_Awards
27th_Infantry_Brigade_(United_Kingdom)
27th_Infantry_Brigade_Combat_Team_(United_States)
27th_Infantry_Division_(United_States)
27th_Infantry_Division_Savska
27th_Infantry_Regiment_(United_States)
27th_Marine_Regiment_(United_States)
27th_Mountain_Infantry_Brigade_(France)
27th_National_Television_Awards
27th_Parliament_of_Turkey
27th_Satellite_Awards
27th_Screen_Actors_Guild_Awards
27th_Separate_Guards_Motor_Rifle_Brigade
27th_South_African_Parliament
27th_Special_Operations_Wing
27th_United_States_Congress
27th_academy_of_country_music_awards
27th_air_defense_corps
27th_air_division
27th_alberta_legislature
27th_annie_awards
27th_annual_bfja_awards
27th_annual_dice_awards
27th_annual_premios_gardel
27th_arabian_gulf_cup
27th_arizona_state_legislature
27th_arkansas_infantry_regiment
27th_armored_division_united_states
27th_armoured_brigade_united_kingdom
27th_armoured_regiment_australia
27th_army_corps_russian_empire
27th_army_soviet_union
27th_artillery_brigade_ukraine
27th_awit_awards
27th_bachsas_awards
27th_bangladesh_national_film_awards
27th_battalion_australia
27th_battalion_city_of_winnipeg_cef
27th_berlin_international_film_festival
27th_blue_dragon_film_awards
27th_bombardment_squadron
27th_brigade_australia
27th_brigade_royal_field_artillery
27th_buil_film_awards
27th_canadian_film_awards
27th_canadian_infantry_brigade
27th_canadian_ministry
27th_cavalry_commando_regiment_australia
27th_cavalry_regiment
27th_century_BC
27th_chess_olympiad
27th_coast_artillery_united_states
27th_commando_squadron_australia
27th_congress_of_the_communist_party_of_the_soviet_union
27th_construction_company_us_army_air_service
27th_costume_designers_guild_awards
27th_delaware_general_assembly
27th_directors_guild_of_america_awards
27th_division_imperial_japanese_army
27th_division_north_korea
27th_division_united_kingdom
27th_division_yugoslav_partisans
27th_engineer_battalion_united_states
27th_federal_electoral_district_of_the_federal_district
27th_federal_electoral_district_of_the_state_of_mexico
27th_field_artillery_regiment_rca
27th_field_regiment_australia
27th_filmfare_awards
27th_filmfare_awards_south
27th_flying_training_wing_us_army_air_forces
27th_gcc_champions_league
27th_general_assembly_of_newfoundland
27th_general_assembly_of_nova_scotia
27th_general_assembly_of_prince_edward_island
27th_genie_awards
27th_golden_bell_awards
27th_golden_disc_awards
27th_golden_eagle_awards
27th_golden_horse_awards
27th_golden_melody_awards
27th_government_of_turkey
27th_goya_awards
27th_grey_cup
27th_group_army
27th_guam_legislature
27th_guards_motor_rifle_division
27th_guards_rocket_army
27th_guldbagge_awards
27th_home_counties_anti_aircraft_brigade
27th_house_of_representatives_of_puerto_rico
27th_illinois_infantry_regiment
27th_independent_spirit_awards
27th_indian_infantry_brigade
27th_infantry_battalion_ireland
27th_infantry_division_ottoman_empire
27th_infantry_division_poland
27th_intelligence_squadron
27th_international_emmy_awards
27th_international_film_festival_of_india
27th_iowa_infantry_regiment
27th_japan_film_professional_awards
27th_japan_record_awards
27th_kentucky_infantry_regiment
27th_lancers
27th_legislature_of_yukon
27th_lima_film_festival
27th_locarno_film_festival
27th_louisiana_infantry_regiment
27th_luna_awards
27th_machine_gun_battalion_new_zealand
27th_maine_infantry_regiment
27th_manitoba_legislature
27th_massachusetts_infantry_regiment
27th_mechanized_corps_soviet_union
27th_meridian_west_from_washington
27th_michigan_infantry_regiment
27th_mississippi_infantry_regiment
27th_missouri_infantry_regiment
27th_mohammad_rasulullah_division
27th_moscow_international_film_festival
27th_n_rhodesia_infantry_brigade
27th_national_film_awards
27th_national_guard_regiment_ukraine
27th_national_hockey_league_all_star_game
27th_new_jersey_infantry_regiment
27th_new_york_infantry_regiment
27th_new_york_state_legislature
27th_new_zealand_parliament
27th_ohio_infantry_regiment
27th_oklahoma_legislature
27th_oregon_legislative_assembly
27th_parliament_of_british_columbia
27th_parliament_of_ontario
27th_pechersk_brigade_ukraine
27th_pennsylvania_infantry_regiment
27th_pmpc_star_awards_for_television
27th_producers_guild_of_america_awards
27th_quebec_legislature
27th_regiment_royal_artillery
27th_rifle_division
27th_rocket_brigade
27th_saskatchewan_legislature
27th_saturn_awards
27th_senate_of_puerto_rico
27th_special_operations_group
27th_ss_police_regiment
27th_street_historic_district
27th_street_station
27th_tca_awards
27th_tennessee_infantry_regiment
27th_texas_cavalry_regiment
27th_torino_film_festival
27th_tvynovelas_awards
27th_uhlan_regiment_poland
27th_united_states_colored_infantry_regiment
27th_vanier_cup
27th_venice_biennale
27th_venice_international_film_festival
27th_virginia_infantry_regiment
27th_virginia_partisan_rangers_battalion
27th_volhynian_infantry_division
27th_welton_station
27th_world_science_fiction_convention
27th_writers_guild_of_america_awards
27v0
28-nm-process
28/32_cm_Nebelwerfer_41
28000_friends
2800_Polar_Way
2807_karl_marx
280_Broadway
280_mm_mortar_M1939_(Br-5)
280_north_inc
280_number
280_zzzap
280th_rifle_division
280th_special_operations_communications_squadron
280th_street_bridge
2812_km
2814
2815_soma
281_lucretia
281_number
281_series
281st_combat_communications_group
281st_rifle_division
281st_security_division_wehrmacht
2826_km
2828_peachtree
2829_bobhope
282_clorinde
282_number
282nd_armored_brigade_romania
282nd_infantry_division_wehrmacht
2830_greenwich
2836_rule
2839_annette
283_emma
283_number
283rd_engineer_detachment_terrain_analysis
283rd_rifle_division
28439_miguelreyes
284996_rosaparks
284_amalia
2853_2857_infinite_possibilities_chronicles_1_(book)
285_kent
285_number
285_series
285th_aviation_regiment_united_states
285th_civil_engineering_squadron
285th_field_artillery_observation_battalion
285th_rifle_division
285th_security_division_wehrmacht
2862-vavilov
2862_vavilov
2865_laurel
286_iclea
286_medium_regiment_india
286_number
286_southampton
286th_rifle_division
286th_security_division_wehrmacht
2873_binzel
2874_jim_young
287_broadway
287_number
287_series
287th_rifle_division
287th_sustainment_brigade
2882_tedesco
2884_ixodia_escape_2884_1_(book)
288_(number)
288_glauke
288th_guards_artillery_brigade_russia
288th_rifle_division
2892_filipenko
2893_peiroos
2894_novel
2895_memnon
28978_Ixion
289_commando_troop_royal_artillery
289_nenetta
289_number
289_series
289pblanpain
289th_engineer_combat_battalion_united_states
289th_infantry_regiment_united_states
289th_rifle_division
28S_ribosomal_RNA
28_(number)
28_2014_film
28_2019_film
28_318_432_654_550_sequence_puzzle
28_Bolsheviks
28_Days_(film)
28_Days_Later
28_Days_Later_(comics)
28_Hotel_Rooms
28_Liberty_Street
28_May_1926_coup_d'état
28_November_2024_Russian_strikes_on_Ukraine
28_Reasons
28_Squared_Studios
28_USC_2109
28_Weeks_Later
28_Years_Later_The_Bone_Temple
28_acts_in_28_minutes
28_ad_regiment_india
28_album
28_andromedae
28_april_1995_sri_lanka_air_force_avro_748_shootdown
28_april_2022_mazar_i_sharif_bombings
28_aquarii
28_aquilae
28_bc
28_bellona
28_camelopardalis
28_cancri
28_cm_Haubitze_L/12
28_cm_SK_C/28_naval_gun
28_cm_SK_C/34_naval_gun
28_cm_SK_L/40_gun
28_cm_a_no_1_gun
28_cm_haubitze_l14_ir
28_cm_howitzer_L/10
28_cm_l20_m67
28_cm_mrk_l35
28_cm_mrk_l40
28_cm_schwere_bruno_kanone_e
28_cm_sk_l45_gun
28_cm_sk_l50_gun
28_cygni
28_day_financial_renaissance_(book)
28_days_band
28_days_in_provence_food_and_family_in_the_heart_of_france_(book)
28_days_in_the_valley
28_days_later_film_series
28_days_later_omnibus_(book)
28_days_later_the_aftermath_(book)
28_days_later_vol_1_london_calling_(book)
28_days_later_vol_2_bend_in_the_road_(book)
28_days_later_vol_3_hot_zone_(book)
28_days_later_vol_3_hot_zone_comics
28_days_later_vol_4_gangwar_(book)
28_days_later_vol_6_homecoming_(book)
28_days_to_a_more_magnetic_life_(book)
28_de_julio
28_de_novembro_secondary_school
28_december_2017_kabul_suicide_bombing
28_degree_celsius
28_dihydroxyadenine
28_dihydroxyhexahydrochrysene
28_engineer_regiment_c_cbrn
28_february_2019_mogadishu_bombings
28_generals_of_the_cloud_terrace
28_giorni_loroscopo_degli_ormoni_(book)
28_grader_i_skuggan
28_grams
28_gun_bad_boy
28_instant_songames_fun_filled_activities_for_kids_3_8_(book)
28_jobs_28_weeks_28_states_(book)
28_jobs_28_weeks_28_states_memoir
28_july_2019_kabul_suicide_bombing
28_kent_street_millers_point
28_leonis_minoris
28_lower_fort_street_millers_point
28_may_azerbaijan
28_may_baku_metro
28_may_street
28_mistral_avenue_mosman
28_mm_film
28_monocerotis
28_nm_process
28_october_2009_peshawar_bombing
28_october_2017_mogadishu_attacks
28_plastic_blue_versions_of_endings_without_you
28_reasons_song
28_september_2008_baghdad_bombings
28_song
28_squadron_pn
28_squadron_saaf
28_state_street
28_stories_of_aids_in_africa
28_thousand_days
28_tricks_for_a_fearless_grade_6_(book)
28_vulpeculae
28_years_later
28_years_later_soundtrack
28d
28gate
28pneujmin
28th_(North_Gloucestershire)_Regiment_of_Foot
28th_AVN_Awards
28th_Academy_Awards
28th_Annual_Grammy_Awards
28th_Army_(Soviet_Union)
28th_Bomb_Wing
28th_Busan_International_Film_Festival
28th_Canadian_Ministry
28th_Conference_of_Speakers_and_Presiding_Officers_of_the_Commonwealth
28th_Congress_of_the_Communist_Party_of_the_Soviet_Union
28th_Critics'_Choice_Awards
28th_Golden_Raspberry_Awards
28th_Infantry_Division_(United_States)
28th_Infantry_Regiment_(United_States)
28th_Jäger_Division
28th_Mechanized_Brigade_(Ukraine)
28th_National_Television_Awards
28th_Parliament_of_Turkey
28th_Screen_Actors_Guild_Awards
28th_Street_station_(IRT_Lexington_Avenue_Line)
28th_Virginia_battle_flag
28th_academy_of_country_music_awards
28th_actors_and_actresses_union_awards
28th_aero_squadron
28th_air_division
28th_alberta_legislature
28th_annie_awards
28th_annual_dice_awards
28th_arizona_state_legislature
28th_armoured_brigade_united_kingdom
28th_armoured_regiment_australia
28th_assembly_of_people_of_kazakhstan_session
28th_awit_awards
28th_bangladesh_national_film_awards
28th_battalion_australia
28th_battalion_northwest_cef
28th_berlin_international_film_festival
28th_bomb_squadron
28th_brigade_australia
28th_brigade_royal_field_artillery
28th_canadian_parliament
28th_cavalry_regiment
28th_century_BC
28th_chess_olympiad
28th_commando_squadron_australia
28th_commonwealth_infantry_brigade
28th_commonwealth_infantry_brigade_group
28th_connecticut_infantry_regiment
28th_delaware_general_assembly
28th_directors_guild_of_america_awards
28th_division_german_empire
28th_division_imperial_japanese_army
28th_division_spain
28th_division_united_kingdom
28th_division_yugoslav_partisans
28th_essex_searchlight_regiment_royal_artillery
28th_fantasia_international_film_festival
28th_federal_electoral_district_of_the_federal_district
28th_federal_electoral_district_of_the_state_of_mexico
28th_field_artillery_regiment
28th_field_regiment_australia
28th_filmfare_awards
28th_filmfare_awards_south
28th_flying_training_wing_us_army_air_forces
28th_g8_summit
28th_gcc_champions_league
28th_general_assembly_of_newfoundland
28th_general_assembly_of_nova_scotia
28th_general_assembly_of_prince_edward_island
28th_gma_dove_awards
28th_golden_disc_awards
28th_golden_eagle_awards
28th_golden_melody_awards
28th_golden_rooster_awards
28th_government_of_turkey
28th_goya_awards
28th_grey_cup
28th_group_army
28th_guam_legislature
28th_guards_fighter_aviation_regiment
28th_guards_rifle_corps
28th_guards_rocket_division
28th_guldbagge_awards
28th_hawaii_territorial_legislature
28th_hong_kong_film_awards
28th_house_of_representatives_of_puerto_rico
28th_igad_extraordinary_summit
28th_illinois_general_assembly
28th_illinois_infantry_regiment
28th_indian_brigade
28th_indian_infantry_brigade
28th_infantry_brigade_united_kingdom
28th_infantry_division_of_kordestan
28th_infantry_division_poland
28th_infantry_division_russian_empire
28th_infantry_division_turkey
28th_intelligence_squadron
28th_international_film_festival_of_india
28th_iowa_infantry_regiment
28th_japan_academy_film_prize
28th_japan_film_professional_awards
28th_kentucky_infantry_regiment
28th_legislature_of_yukon
28th_light_dragoons
28th_louisiana_infantry_regiment
28th_maine_infantry_regiment
28th_manitoba_legislature
28th_marine_regiment_united_states
28th_massachusetts_infantry_regiment
28th_mechanized_corps_soviet_union
28th_michigan_infantry_regiment
28th_naacp_theatre_awards
28th_national_film_awards
28th_national_geographic_bee
28th_national_hockey_league_all_star_game
28th_naval_auxiliary_division_ukraine
28th_naval_aviation_squadron
28th_new_brunswick_legislature
28th_new_york_infantry_regiment
28th_new_york_state_legislature
28th_new_zealand_parliament
28th_ohio_infantry_regiment
28th_oklahoma_legislature
28th_operational_weather_squadron
28th_operations_group
28th_parallel_north
28th_parliament_of_british_columbia
28th_parliament_of_ontario
28th_pennsylvania_infantry_regiment
28th_pmpc_star_awards_for_movies
28th_pmpc_star_awards_for_television
28th_producers_guild_of_america_awards
28th_punjabis
28th_quebec_legislature
28th_regime
28th_regiment_at_quatre_bras_painting
28th_regiment_of_state_facilities_protection_ukraine
28th_reserve_division_german_empire
28th_rifle_corps
28th_rifle_division
28th_ruler
28th_saskatchewan_legislature
28th_satellite_awards
28th_saturn_awards
28th_scripps_national_spelling_bee
28th_separate_motor_rifle_brigade
28th_signal_battalion_united_states
28th_singapore_international_film_festival
28th_south_african_parliament
28th_soviet_antarctic_expedition
28th_ss_police_regiment_todt
28th_street_metro_cruise
28th_street_station_bmt_broadway_line
28th_street_station_irt_sixth_avenue_line
28th_street_station_irt_third_avenue_line
28th_street_ymca
28th_tank_division_soviet_union
28th_tca_awards
28th_tennessee_infantry_regiment
28th_test_and_evaluation_squadron
28th_thames_and_medway_anti_aircraft_brigade
28th_tnnmusic_city_news_country_awards
28th_torino_film_festival
28th_tvynovelas_awards
28th_united_states_colored_infantry_regiment
28th_united_states_congress
28th_vanier_cup
28th_venice_international_film_festival
28th_virgin_islands_legislature
28th_virginia_infantry_regiment
28th_wisconsin_infantry_regiment
28th_wisconsin_legislature
28th_world_science_fiction_convention
28th_writers_guild_of_america_awards
28th_yokohama_film_festival
28v0
2900_block_grove_avenue_historic_district
2903_zhuhai
2905_plaskett
2906_caltech
290_(number)
290_bruna
290th_infantry_division_wehrmacht
290th_military_police_brigade
291
29146_McHone
291_(art_gallery)
291_alice
291_number
291st_infantry_division_wehrmacht
291st_rifle_division
2927_alamosa
29292_conniewalker
2929_Entertainment
292_number
292d_combat_communications_squadron
292nd_infantry_division_wehrmacht
292nd_rifle_division
2934_aristophanes
2937_gibbs
2939_coconino
293_brasilia
293_number
293rd_infantry_division
293rd_rifle_division_soviet_union
2940_bacon
2941_restaurant
2942_cordie
294_felicia
294_number
294th_infantry_division
294th_rifle_division
2956_yeomans
295_(song)
295_number
295_theresia
295th_infantry_division_wehrmacht
295th_infantry_regiment
295th_motor_rifle_division
295th_rifle_division
296_number
296th_brigade_support_battalion
296th_infantry_division_wehrmacht
296th_infantry_regiment
296th_rifle_division
297_caecilia
297_number
297th_infantry_regiment_united_states
297th_military_intelligence_battalion_united_states
2980_cameron
2981_chagall
2984_chaucer
2985_shakespeare
298_baptistina
298_number
298th_infantry_division_wehrmacht
298th_rifle_division
2995_taratuta
2995_the_legion_of_super_heroes_sourcebook
2997_cabrera
299_Park_Avenue
299_Queen_Street_West
299_number
299_parachute_squadron_royal_engineers
299_queen_street_west_film
299_thora
299_west_12th_street
299th_cavalry_regiment_united_states
299th_infantry_division_wehrmacht
299th_tactical_aviation_brigade
29_(Demi_Lovato_song)
29_(album)
29_(book)
29_(number)
29_December_2023_Russian_strikes_on_Ukraine
29_December_2025_IsraeliUS_meeting
29_Outdoor_Gear
29_Palms_(film)
29_Palms_(song)
29_acacia_avenue
29_ad_regiment_samba
29_again_other_cancer_fighting_stories_(book)
29_again_other_cancer_fighting_stories_memoir
29_amphitrite
29_and_30_regent_parade
29_april_1995_sri_lanka_air_force_avro_748_shootdown
29_aquarii
29_arietis
29_article_ordinance_for_the_more_effective_governing_of_tibet
29_bahman_metro_station_tabriz
29_bc
29_below
29_camelopardalis
29_cancri
29_cygni
29_days_to_your_perfect_weight_(book)
29_december_1930_guatemalan_presidential_election
29_dimes_a_love_story_(book)
29_diner
29_east_32nd_street
29_ekim_cumhuriyet_istanbul_metro
29_februari
29_gifts_how_a_month_of_giving_can_change_your_life_(book)
29_gifts_how_a_month_of_giving_can_change_your_life_memoir
29_herculis
29_jobs_and_a_million_lies_(book)
29_km
29_leadership_secrets_from_jack_welch_(book)
29_march_2007_baghdad_bombings
29_marygate
29_missing_the_true_and_tragic_story_of_the_disappearance_of_the_ss_edmund_fitzgerald_(book)
29_myths_on_the_swinster_pharmacy_(book)
29_nights
29_norlanosterol
29_october_2024_beit_lahia_airstrike
29_orionis
29_persei
29_reasons_not_to_go_to_law_school_(book)
29_regiment_rlc
29_second_film_festival
29_september_2024_israeli_attacks_on_yemen
29_settembre
29_squadron_pn
29_squadron_saaf
29_sunset
29_vulpeculae
29_written_in_stone
29_written_in_stone_live_from_music_city
29er_(bicycle)
29er_(dinghy)
29er_xx
29k_artillery
29oda_(book)
29th_(Worcestershire)_Regiment_of_Foot
29th_AVN_Awards
29th_Academy_Awards
29th_Annual_Grammy_Awards
29th_Canadian_Ministry
29th_Critics'_Choice_Awards
29th_DICE_Awards
29th_Filmfare_Awards
29th_Golden_Raspberry_Awards
29th_Infantry_Brigade_(United_Kingdom)
29th_Infantry_Brigade_Combat_Team_(United_States)
29th_Infantry_Division_(United_States)
29th_Infantry_Division_(Wehrmacht)
29th_Infantry_Regiment_(United_States)
29th_National_Youth_Festival
29th_Screen_Actors_Guild_Awards
29th_Street_(film)
29th_Waffen_Grenadier_Division_of_the_SS_(1st_Italian)
29th_academy_of_country_music_awards
29th_actors_and_actresses_union_awards
29th_air_division
29th_alberta_legislature
29th_and_gay
29th_annie_awards
29th_arizona_state_legislature
29th_armoured_brigade_united_kingdom
29th_armoured_regiment_australia
29th_army_corps_russian_empire
29th_arsenal_russia
29th_attack_squadron
29th_avenue_station
29th_aviation_division_socialist_yugoslavia
29th_bangladesh_national_film_awards
29th_battalion_australia
29th_battalion_new_zealand
29th_blue_dragon_film_awards
29th_boston_society_of_film_critics_awards
29th_brigade_australia
29th_brigade_royal_field_artillery
29th_busan_international_film_festival
29th_canadian_parliament
29th_cavalry_commando_regiment_australia
29th_century_BC
29th_chernigov_infantry_regiment
29th_china_tv_golden_eagle_awards
29th_colored_regiment_monument
29th_commando_squadron_australia
29th_connecticut_colored_infantry_regiment
29th_delaware_general_assembly
29th_directors_guild_of_america_awards
29th_division_imperial_japanese_army
29th_division_united_kingdom
29th_division_war_memorial
29th_division_yugoslav_partisans
29th_east_anglian_anti_aircraft_brigade
29th_federal_electoral_district_of_the_federal_district
29th_federal_electoral_district_of_the_state_of_mexico
29th_field_regiment_australia
29th_filmfare_awards_south
29th_flying_training_wing_us_army_air_forces
29th_g8_summit
29th_gcc_club_cup
29th_general_assembly_of_newfoundland
29th_general_assembly_of_nova_scotia
29th_general_assembly_of_prince_edward_island
29th_gma_dove_awards
29th_golden_bell_awards
29th_golden_horse_awards
29th_golden_melody_awards
29th_golden_rooster_awards
29th_government_of_turkey
29th_grey_cup
29th_guam_legislature
29th_guards_combined_arms_army
29th_guards_rocket_division
29th_guldbagge_awards
29th_hawaii_territorial_legislature
29th_house_of_representatives_of_puerto_rico
29th_illinois_general_assembly
29th_illinois_infantry_regiment
29th_independent_spirit_awards
29th_indian_brigade
29th_indian_infantry_brigade
29th_indiana_infantry_regiment
29th_infantry_division_poland
29th_infantry_division_russian_empire
29th_international_emmy_awards
29th_international_film_festival_of_india
29th_international_istanbul_film_festival
29th_iowa_infantry_regiment
29th_japan_academy_film_prize
29th_japan_record_awards
29th_kbs_cup
29th_kent_searchlight_regiment_royal_artillery
29th_legislature_of_yukon
29th_light_anti_aircraft_regiment_new_zealand
29th_louisiana_infantry_regiment
29th_luna_awards
29th_maine_infantry_regiment
29th_manitoba_legislature
29th_marine_regiment_united_states
29th_mechanized_corps_soviet_union
29th_mechanized_infantry_brigade_greece
29th_meijin
29th_military_airlift_squadron
29th_missouri_infantry_regiment
29th_moscow_international_film_festival
29th_motor_torpedo_boat_flotilla
29th_national_film_awards
29th_national_geographic_bee
29th_national_hockey_league_all_star_game
29th_national_television_awards
29th_naval_surface_ships_division_ukraine
29th_new_brunswick_legislature
29th_new_zealand_parliament
29th_ohio_infantry_regiment
29th_oklahoma_legislature
29th_parliament_of_british_columbia
29th_parliament_of_ontario
29th_pennsylvania_infantry_regiment
29th_pmpc_star_awards_for_television
29th_punjabis
29th_quebec_legislature
29th_ranger_battalion_united_states
29th_rifle_corps
29th_rifle_division
29th_saskatchewan_legislature
29th_satellite_awards
29th_saturn_awards
29th_scripps_national_spelling_bee
29th_shanghai_television_festival
29th_signal_battalion_united_states
29th_singapore_international_film_festival
29th_station
29th_street_rep
29th_street_saxophone_quartet
29th_street_station_new_york
29th_street_station_sacramento
29th_tank_corps
29th_tca_awards
29th_test_and_evaluation_squadron
29th_texas_cavalry_regiment
29th_texas_legislature
29th_tnnmusic_city_news_country_awards
29th_tvynovelas_awards
29th_u_boat_flotilla
29th_united_states_colored_infantry_regiment
29th_united_states_congress
29th_vanier_cup
29th_venice_biennale
29th_venice_international_film_festival
29th_virginia_infantry_regiment
29th_welton_station
29th_wisconsin_infantry_regiment
29th_wisconsin_legislature
29th_world_science_fiction_convention
29th_writers_guild_of_america_awards
29th_yokohama_film_festival
2A28_Grom
2A36_Giatsint-B
2A3_Kondensator_2P
2A46_125_mm_gun
2A70
2AM_(band)
2AM_(company)
2B11
2B14_Podnos
2B1_Oka
2B9_Vasilek
2Baba
2Be3
2C-B
2C-B-FLY
2C-C
2C-D
2C-E
2C-G
2C-H
2C-I
2C-P
2C-T-12
2C-T-2
2C-T-7
2C2P
2C_(psychedelics)
2Cal
2Cellos
2DTV
2D_Entertainment
2D_computer_graphics
2D_to_3D_conversion
2Dark
2Day_FM
2Deep_Cartes_pour_couples
2Die4
2Do_application
2DopeBoyz
2Eyes
2Fort
2G
2GB
2GIS
2GO_(cargo_airline)
2GO_Group
2G_spectrum_case
2I%2fBorisov
2I/Borisov
2JZ_engine_swap_into_Audi_TT
2K11_Krug
2K12_Kub
2K22_Tunguska
2K6_Luna
2K_(company)
2K_Australia
2K_Czech
2K_Marin
2K_resolution
2LO
2M1207b
2MASS
2MASS_J0523−1403
2MASS_J18082002−5104378
2M_(TV_channel)
2Mex
2N2222
2N3055
2N3904
2N3906
2N7000
2NE1
2NE1_(2009_EP)
2NE1_(2011_EP)
2NE1_discography
2PM
2PM_discography
2PM_videography
2Pac_Live
2Pacalypse_Now
2R2M_mortar
2R_(group)
2Rare
2S12_Sani
2S14_Zhalo-S
2S15_Norov
2S19_Msta-S
2S1_Gvozdika
2S22_Bohdana
2S25_Sprut-SD
2S31_Vena
2S35_Koalitsiya-SV
2S3_Akatsiya
2S40_Floks
2S43_Malva
2S4_Tyulpan
2S5_Giatsint-S
2S7_Pion
2S9_Nona
2SA473
2SM
2Shy
2Sides_(Side_1)
2Sum
2T_Stalker
2UE
2U_(David_Guetta_song)
2U_(company)
2WEI
2WayMirror
2XKO
2XS
2XU
2Xtreme
2_(Mac_DeMarco_album)
2_(Mudcrutch_album)
2_(New_York_City_Subway_service)
2_(Olivia_Newton-John_album)
2_+_2_=_5
2_+_2_=_5_(song)
2_+_2_=_?
2_12_0
2_12_2
2_12_4t
2_12_dimensional_manufacturing
2_12_epoxy_12_dihydrophenylacetyl_coa_isomerase
2_16_owari_no_serafu_ichinose_guren_16_sai_no_hametsu_2_seraph_of_the_end_guren_ichinoses_cat_(book)
2_1_2_forecheck
2_1_hexyloxyethyl_2_devinyl_pyropheophorbide_a
2_1_road
2_21_polytope
2_22_honeycomb
2_2_1_ponderosa_twins_plus_one
2_2_2_0
2_2_2_2
2_2_4_0t
2_2_4_methyl_3_cyclohexen_1_ylpropylcyclopentanone
2_2_4t
2_2_dimethylaminoethoxyethanol
2_2_dome_no_koi_no_hajimari_wa_(book)
2_2_hydroxyphenyl_2_h_benzotriazoles
2_2_methoxyethoxyethanol
2_36_high_street_millers_point
2_3_4
2_3_E_4_5_I_6_8_Sequence_Puzzle
2_41_polytope
2_4_00_4_2
2_4_22_4_2
2_4_4_0
2_4_4_2
2_4_4t
2_4_6_2
2_4_6_block
2_4_6t
2_4_family
2_4_high_street_llandaff
2_4_trinity_avenue_millers_point
2_51_honeycomb
2_6_00_6_2
2_6_22_6_2
2_6_6_0
2_6_6_4
2_6_6t
2_6_8_0
2_8_22_8_2
2_8_6t
2_8_8_0
2_8_8_8_8_2
2_Alive
2_BC
2_BHK
2_B_R_0_2_B
2_Baddies
2_Baddies_(song)
2_Baruch
2_Be_Loved_(Am_I_Ready)
2_Become_1
2_Broadway
2_Broke_Girls
2_Brothers_on_the_4th_Floor
2_BvL_2017
2_Canadian_Mechanized_Brigade_Group
2_Chainz
2_Chainz_discography
2_Cold_Scorpio
2_Columbus_Circle
2_Cool_2_Be_4gotten
2_Cool_4_Skool
2_Corinthians_12
2_Corinthians_434
2_Countries_(2017_film)
2_Days_&_1_Night
2_Days_in_New_York
2_Days_in_Paris
2_Days_in_the_Valley
2_Dope_Queens
2_Enoch
2_Esdras
2_Fast_2_Furious
2_Fast_2_Furious_(soundtrack)
2_Girls_1_Cup
2_Good_2_Be_True
2_Guns
2_Harihar_Nagar
2_Hearts_(film)
2_Hours_Doing_Nothing
2_Hype
2_June_Movement
2_Kids_Room
2_Kids_Room_2025
2_Legit_2_Quit
2_Line_(Sound_Transit)
2_Live_Crew
2_Live_Crew_cultural_metaphor
2_Live_Crew_discography
2_Maccabees
2_Marsham_Street
2_Minutes_animation_studio
2_Minutes_of_Fame
2_Minutes_to_Midnight
2_Nephi_3
2_O'Clock_Date
2_On
2_Pallas
2_Penkuttikal
2_Peter_220
2_Phones
2_Phút_Hơn
2_Pistols
2_Player_Productions
2_Shea_Charters
2_Sisters_Food_Group
2_Skinnee_J's
2_Squadron_SAAF
2_States_(2014_film)
2_States_(2020_film)
2_Stupid_Dogs
2_Thessalonians_310
2_Times
2_Times_Revolution_concise
2_Tone_Records
2_Tuff_Tony
2_Unlimited
2_Unlimited_discography
2_Willow_Road
2_World_Trade_Center
2_Years_On
2_a_m_in_the_subway
2_acetamidomethylenesuccinate_hydrolase
2_acetolactate_mutase
2_acetyl_5_methylfuran
2_acetylaminofluorene
2_acetylbutyrolactone
2_acetylfuran
2_acetylpyridine
2_acetylthiophene
2_acylglycerol_o_acyltransferase
2_acylglycerophosphocholine_o_acyltransferase
2_akuma_na_eros_vol_02_(book)
2_akuma_na_eros_vol_02_manga_bunko_edition
2_alkenal_reductase
2_alkyn_1_ol_dehydrogenase
2_all_girl_summer_fun_band_album
2_alone_in_paris
2_am_at_the_cats_pajamas
2_am_at_the_cats_pajamas_novel
2_am_club
2_am_king_von_song
2_am_wakeup_call
2_amaia_montero_album
2_amateurliga_bayern
2_amino_1_methyl_6_phenylimidazo45_bpyridine
2_amino_37_dideoxy_d_threo_hept_6_ulosonate_synthase
2_amino_4_deoxychorismate_dehydrogenase
2_amino_5_formylamino_6_5_phospho_d_ribosylaminopyrimidin_43_h_one
2_aminoacetanilide
2_aminoacetophenone
2_aminoacridine
2_aminoadipate_transaminase
2_aminobenzaldehyde
2_aminobenzenesulfonate_23_dioxygenase
2_aminobenzothiazole
2_aminobiphenyl
2_aminoethoxydiphenyl_borate
2_aminofluorene
2_aminoindane
2_aminomuconate_deaminase
2_aminomuconic_acid
2_aminooxazole
2_aminopurine
2_aminotetralin
2_aminothiazoline_4_carboxylic_acid
2_aminothiophenol
2_and_3_part_inventions
2_and_5_september_2019_kabul_bombings
2_andromedae
2_apb_entactogen
2_apbt
2_arachidonyl_glyceryl_ether
2_area_support_group_signal_squadron
2_at_a_time_socks_revealed_inside_the_secret_of_knitting_two_at_once_on_one_circular_needle_w_(book)
2_aurigae
2_bad_mice
2_base_encoding
2_basketball_bundesliga
2_become_1_jewel_song
2_belgen
2_birds_1_stone
2_bit_pie
2_blues_for_cecil
2_bodies_for_the_price_of_1_body_movers_2_(book)
2_boku_wa_ookami_2_(book)
2_bore
2_bristol_avenue
2_broads_abroad_moms_fly_the_coop_(book)
2_broadway_murals_lee_krasner
2_broke_girls_season_1
2_broke_girls_season_3
2_broke_girls_season_4
2_broke_girls_season_6
2_bromo_1_chloropropane
2_bromo_45_methylenedioxyamphetamine
2_bromoanisole
2_bromobutyric_acid
2_bromodeschloroketamine
2_bromoethyl_ether
2_bromomescaline
2_bromopentane
2_bromopyridine
2_bromothiophene
2_bros_pizza
2_brothers
2_bugs_and_a_roach
2_busy_4_love_(book)
2_butene
2_butoxyethanol_acetate
2_bvr_73917
2_c_methyl_d_erythritol_24_cyclodiphosphate_synthase
2_c_methyl_d_erythritol_24_cyclopyrophosphate
2_c_methyl_d_erythritol_4_phosphate_cytidylyltransferase
2_c_methylerythritol_4_phosphate
2_cable_road
2_camelopardalis
2_canadian_forces_flying_training_school
2_canadian_mechanized_brigade_group_headquarters_and_signal_squadron
2_carbomethoxytropinone
2_carboxy_d_arabitinol_1_phosphate
2_carboxybenzaldehyde
2_centauri
2_ceti
2_chairs_the_secret_that_changes_everything_(book)
2_chloro_111_trifluoroethane
2_chloro_11_difluoroethane
2_chloro_11_difluoroethylene
2_chloro_4_carboxymethylenebut_2_en_14_olide_isomerase
2_chloro_6_fluorobenzaldehyde
2_chloro_6_fluorotoluene
2_chloro_910_bisphenylethynylanthracene
2_chloro_910_diphenylanthracene
2_chloro_m_cresol
2_chloroamphetamine
2_chlorobenzoate_12_dioxygenase
2_chlorobenzoic_acid
2_chloroethanesulfonyl_chloride
2_chloroethyl_chloroformate
2_chloroethyl_ethyl_sulfide
2_chloromethylpyridine
2_chloronaphthalene
2_chloronicotinic_acid
2_chlorophenol
2_chloropropylene
2_chloropyridine
2_chloroquinoline
2_choice_hashing
2_chronicles_10
2_chronicles_13
2_chronicles_14
2_chronicles_15
2_chronicles_16
2_chronicles_17
2_chronicles_18
2_chronicles_19
2_chronicles_2
2_chronicles_20
2_chronicles_21
2_chronicles_22
2_chronicles_23
2_chronicles_24
2_chronicles_25
2_chronicles_26
2_chronicles_28
2_chronicles_31
2_chronicles_32
2_chronicles_33
2_chronicles_34
2_chronicles_35
2_chronicles_36
2_chronicles_5
2_chronicles_7
2_chronicles_8
2_chronicles_an_introduction_and_commentary_(book)
2_church_street_ribchester
2_city_of_dundee_signal_squadron
2_class_torpedo_boat
2_cm_Flak_30,_Flak_38_and_Flakvierling_38
2_cm_KwK_30
2_coelhos
2_combat_engineer_regiment
2_compositions
2_compositions_ensemble_19891991
2_corinthians_1
2_corinthians_10
2_corinthians_11
2_corinthians_2
2_corinthians_4
2_corinthians_5
2_corinthians_6
2_corinthians_7
2_corinthians_8
2_corinthians_9
2_corinthians_an_exegetical_and_theological_exposition_of_holy_scripture_(book)
2_corinthians_macarthur_new_testament_commentary_(book)
2_coumaranone
2_coumarate_o_beta_glucosyltransferase
2_cute_shinseinaru_best_album
2_cygni
2_darker_my_love_album
2_day_cpet
2_day_fasting_diet_delicious_satisfying_recipes_for_fast_days_(book)
2_days_(book)
2_days_1_night_chinese_tv_series
2_days_in_april
2_days_or_die
2_decanone
2_decenal
2_decenedioic_acid
2_degree_climate_target
2_dehydro_3_deoxy_6_phosphogalactonate_aldolase
2_dehydro_3_deoxy_d_gluconate_5_dehydrogenase
2_dehydro_3_deoxy_d_gluconate_6_dehydrogenase
2_dehydro_3_deoxy_d_pentonate_aldolase
2_dehydro_3_deoxy_l_arabinonate_dehydratase
2_dehydro_3_deoxy_l_pentonate_aldolase
2_dehydro_3_deoxy_phosphogluconate_aldolase
2_dehydro_3_deoxyglucarate_aldolase
2_dehydro_3_deoxygluconokinase
2_dehydropantolactone_reductase_a_specific
2_dehydropantolactone_reductase_b_specific
2_deild
2_deild_1978
2_deild_karla_basketball
2_deild_kvenna_football
2_deoxy_d_gluconate_3_dehydrogenase
2_deoxy_scyllo_inosamine_dehydrogenase
2_deoxy_scyllo_inosamine_dehydrogenase_sam_dependent
2_deoxy_scyllo_inosose_synthase
2_deoxyglucose_6_phosphatase
2_deoxyglucosidase
2_deoxystreptamine_n_acetyl_d_glucosaminyltransferase
2_dicyanomethylenecroconate
2_die_4
2_die_4_(book)
2_die_4_song
2_different_tears
2_dimethylaminoethylazide
2_diphenylmethylpyrrolidine
2_diphenylphosphinoanisole
2_diphenylphosphinobenzaldehyde
2_diphenylphosphinobenzoic_acid
2_division_nigeria
2_divisioona
2_dover_album
2_drink_minimum
2_dy_a_ni
2_e_6_mathematics
2_e_main_n_high
2_enoate_reductase
2_ept_probability_density_function
2_erkin_koray_album
2_ethoxybenzoic_acid
2_ethoxycarbonyl_1_methylvinyl_cyclohexyl_methylphosphonate
2_ethoxyethyl_acetate
2_ethyl_2_oxazoline
2_ethylamino_12_diphenylethanone
2_ethylhexanal
2_ethylhexyl_diphenyl_phosphate
2_ethylhexyl_fluoroacetate
2_ethylhexyl_glycidyl_ether
2_ethylidene_15_dimethyl_33_diphenylpyrrolidine
2_ethylmalate_synthase
2_ethylphenol
2_euro_cent_coin
2_euro_coin
2_euro_commemorative_coins
2_fa
2_faced
2_factor_theorem
2_fast_4_gnomz
2_federal
2_field_engineer_regiment_south_africa
2_florent_pagny_album
2_fluoroadenine
2_fluorobenzoic_acid
2_fluoronitrobenzene
2_for_the_show
2_formylbenzoate_dehydrogenase
2_ft_6_in_gauge_railroads_in_the_united_states
2_ft_6_in_gauge_railways
2_ft_6_in_gauge_railways_in_japan
2_ft_6_in_gauge_railways_in_the_united_kingdom
2_ft_and_600_mm_gauge_railways
2_ft_and_600_mm_gauge_railways_in_the_united_kingdom
2_ft_gauge_railways_in_australia
2_furanone
2_furonitrile
2_furoyl_coa_dehydrogenase
2_furylethylamine
2_future_4_u
2_gauge
2_gb_limit
2_gentlemen_in_verona
2_gether_nhs_foundation_trust
2_girls
2_grosvenor_road_wrexham
2_grrrls_hello_gorgeous_a_guide_to_style_(book)
2_guitars
2_guns_second_shot_deluxe_edition_(book)
2_haloacid_dehalogenase_configuration_inverting
2_haloacid_dehalogenase_configuration_retaining
2_handball_bundesliga
2_hands
2_hannoversches_infanterie_regiment_nr_77
2_hao_hangzhanlou_terminal_2_station
2_hare_court
2_haymarket
2_headed_dog
2_heads
2_hearts_1_love
2_hell_with_common_sense
2_heptanol
2_hexadecenal_reductase
2_hexanol
2_hexoxyethanol
2_hexyne
2_high_street_perth
2_histrias_de_natal_(book)
2_histrias_de_natal_novel
2_ho_nmt
2_holden_street
2_horatio_street
2_horns_2_rhythm
2_hot_2_handle_(book)
2_hours_love
2_hydroxy_14_benzoquinone_reductase
2_hydroxy_14_benzoxazin_3_one_monooxygenase
2_hydroxy_1_naphthoic_acid
2_hydroxy_3_keto_5_methylthiopentenyl_1_phosphate_phosphatase
2_hydroxy_3_methyl_2_cyclopenten_1_one
2_hydroxy_3_oxoadipate_synthase
2_hydroxy_3_oxopropionate_reductase
2_hydroxy_4_carboxymuconate_semialdehyde_hemiacetal_dehydrogenase
2_hydroxy_4_methoxybenzaldehyde
2_hydroxy_4_methylbenzaldehyde
2_hydroxy_4_methylthiobutyric_acid
2_hydroxy_5_methoxybenzaldehyde
2_hydroxy_6_oxo_6_2_aminophenylhexa_24_dienoate_hydrolase
2_hydroxy_6_oxo_6_phenylhexa_24_dienoate_reductase
2_hydroxy_datp_diphosphatase
2_hydroxyacid_oxidase_2
2_hydroxyacylsphingosine_1_beta_galactosyltransferase
2_hydroxybenzylamine
2_hydroxybiphenyl_3_monooxygenase
2_hydroxybutyric_acid
2_hydroxycyclohexanone_2_monooxygenase
2_hydroxyestradiol
2_hydroxyestriol
2_hydroxyestrone
2_hydroxyethyl_terephthalic_acid
2_hydroxyglutarate_dehydrogenase
2_hydroxyglutaric_aciduria
2_hydroxyisobutyric_acid
2_hydroxymethyl_3_acetamidomethylenesuccinate_hydrolase
2_hydroxymethylglutarate_dehydrogenase
2_hydroxymuconate_6_semialdehyde_dehydrogenase
2_hydroxymuconate_semialdehyde
2_hydroxymuconate_semialdehyde_hydrolase
2_hydroxymuconate_tautomerase
2_hydroxyphytanoyl_coa_lyase
2_hydroxypropyl_com_lyase
2_hydroxyquinoline_56_dioxygenase
2_imidazolidinethione
2_imidazoline
2_iminoacetate_synthase
2_iminothiolane
2_in_3
2_in_8_with_double_base
2_in_a_Room
2_in_the_morning_new_kids_on_the_block_song
2_in_the_pink_(book)
2_indolinethione
2_inspire_u_(book)
2_intelligence_company
2_iodophenol
2_isopropylmalate_synthase
2_january_2017_mogadishu_bombings
2_jennifer
2_jubbergate
2_kampong_kapor_road
2_ketoarginine_methyltransferase
2_kinds_of_people_a_visual_compatibility_quiz_(book)
2_kings_1
2_kings_10
2_kings_11
2_kings_12
2_kings_13
2_kings_15
2_kings_16
2_kings_17
2_kings_18
2_kings_19
2_kings_2
2_kings_20
2_kings_21
2_kings_22
2_kings_23
2_kings_24
2_kings_25
2_kings_4
2_kings_8
2_kings_9
2_kings_album
2_krooni
2_lacertae
2_live_jews
2_locating_regiment
2_los_angeles_railway
2_low_life_muthas
2_lyncis
2_m_bubble_chamber_cern
2_mai
2_mapb
2_market_place
2_mcpd
2_me_det
2_me_pvp
2_medical_regiment_united_kingdom
2_medium_regiment_india
2_mercaptopyridine
2_methoxy_35_dimethylpyrazine
2_methoxy_4_nitroaniline
2_methoxy_4_vinylphenol
2_methoxyamphetamine
2_methoxybenzaldehyde
2_methoxyestradiol
2_methoxyestradiol_disulfamate
2_methoxyestriol
2_methoxyethoxymethyl_chloride
2_methoxyethyl_18_methoxycoronaridinate
2_methoxynaphthalene
2_methoxyphenethylamine
2_methoxypropene
2_methyl_1_pentanol
2_methyl_2_heptanethiol
2_methyl_2_nitrosopropane
2_methyl_3_hydroxybutyryl_coa
2_methyl_3_pentanol
2_methyl_3_phenylpiperidine
2_methyl_6_nitrobenzoic_anhydride
2_methyl_6_phenylethynylpyridine
2_methyl_branched_chain_enoyl_coa_reductase
2_methyl_mda
2_methylacetoacetyl_coa
2_methylbenzaldehyde
2_methylbut_3_yn_2_ol
2_methylbutyryl_coa
2_methylcitrate_dehydratase
2_methylcitrate_dehydratase_2_methyl_trans_aconitate_forming
2_methylcitrate_synthase
2_methyldodecane
2_methyleneglutarate_mutase
2_methyleneglutaronitrile
2_methylglutaronitrile
2_methylheptane
2_methylindole
2_methylisoborneol_synthase
2_methylisocitrate_dehydratase
2_methylnaphthalene_14_diamine
2_methyloctane
2_methylpentamethylenediamine
2_methylpentanal
2_methylphenethylamine
2_methylsuccinic_acid
2_methyltetrahydroquinoline
2_methylthioethylamine
2_methylthiophene
2_methyltridecane
2_methyltryptamine
2_methylundecanal
2_mics_the_truth
2_military_police_regiment
2_millimeter_band
2_million_bikers_to_dc
2_million_minutes
2_mini_ikiru_to_iu_chikara
2_minute_drill_game_show
2_minute_medicine
2_minutes_du_peuple
2_minutes_later
2_mm_caliber
2_mogli_2_mariti_e_1_lampadario_(book)
2_much_drama
2_my_amazing_dinosaur_(book)
2_n_n_tmt
2_naphthalenethiol
2_naphthoic_acid
2_naphthylmethcathinone
2_naye_paise_indian_coin
2_nbdg
2_ned_collette_album
2_new_york_plaza
2_nice_girls
2_nights_live
2_nik_jay_album
2_nitrobenzoic_acid
2_nitrochlorobenzene
2_nitrocinnamaldehyde
2_nitrodiphenylamine
2_nitrofluorene
2_nitroimidazole_nitrohydrolase
2_nitronaphthalene
2_nitrophenol_2_monooxygenase
2_nitropropane
2_nitropropane_dioxygenase
2_nm_process
2_nonanol
2_nuts_and_a_richard
2_oberliga_west
2_oceans_fm
2_octanol
2_octanone
2_october_film
2_octyne
2_of_Amerikaz_Most_Wanted
2_of_one
2_og
2_oh_npa
2_oleoylglycerol
2_or_3_things_i_know_about_him
2_out_of_sync
2_over_1_game_force_(book)
2_oxazolidinone
2_oxo_3_5_oxofuran_2_ylidenepropanoate_lactonase
2_oxo_3_hydroxy_lsd
2_oxo_4_hydroxy_4_carboxy_5_ureidoimidazoline_decarboxylase
2_oxo_acid_reductase
2_oxo_lsd
2_oxoadipate_dehydrogenase_complex
2_oxoadipate_reductase
2_oxoadipic_acid
2_oxoaldehyde_dehydrogenase_nad
2_oxoaldehyde_dehydrogenase_nadp
2_oxobutyrate_synthase
2_oxoglutarate_carboxylase
2_oxoglutarate_decarboxylase
2_oxoglutarate_dioxygenase_ethylene_forming
2_oxoglutaratel_arginine_monooxygenasedecarboxylase_succinate_forming
2_oxohistidine
2_oxoisovalerate_dehydrogenase_acylating
2_oxopent_4_enoate_hydratase
2_oxopent_4_enoic_acid
2_oxopropyl_com_reductase_carboxylating
2_oxoquazepam
2_ozs_of_plastic_with_a_hole_in_the_middle
2_park_avenue
2_pentyne
2_persei
2_peter_1
2_peter_2
2_peter_3
2_phenethyl_propionate
2_phenyl_2_propanol
2_phenyl_36_dimethylmorpholine
2_phenyl_3_aminobutane
2_phenylbenzofuran
2_phenylethyl_bromide
2_phenylhexane
2_phenylmorpholine
2_phenylpyridine
2_phospho_l_lactate_transferase
2_phosphoglyceric_acid
2_phosphoglycolate
2_phosphosulfolactate_phosphatase
2_picolylamine
2_pinanol
2_piperidinone
2_piscis_austrini
2_places_at_the_same_time
2_pole_album
2_polyprenyl_6_hydroxyphenol_methylase
2_propanoyl_3_4_isopropylphenyl_tropane
2_propylheptanol
2_puerto_ricans_a_blackman_and_a_dominican
2_pyridylethylamine
2_pyrone
2_pyrone_46_dicarboxylate_lactonase
2_pyrrolylethylamine
2_quick_start
2_quinolone
2_r_hydroxypropyl_com_dehydrogenase
2_rats
2_reasons
2_reg_aircraft_registration
2_retribution_gospel_choir_album
2_ring
2_rockapella_album
2_rossi_street
2_rugby_bundesliga
2_rugby_bundesliga_austria
2_s_hydroxypropyl_com_dehydrogenase
2_saint_lu_album
2_samuel_(book)
2_samuel_1
2_samuel_10
2_samuel_11
2_samuel_12
2_samuel_13
2_samuel_14
2_samuel_15
2_samuel_16
2_samuel_17
2_samuel_18
2_samuel_19
2_samuel_2
2_samuel_20
2_samuel_21
2_samuel_23
2_samuel_24
2_samuel_3
2_samuel_5
2_samuel_6
2_samuel_7
2_samuel_8
2_samuel_9
2_scorpii
2_sec_butyl_45_dihydrothiazole
2_seconds
2_sen_coin
2_september_2018_mogadishu_bombing
2_service_battalion
2_sextantis
2_shadows
2_shook_twins_ep
2_shows_nightly
2_sides_of_the_story
2_sins
2_sisters_(book)
2_skl
2_smile_sensation
2_smoking_popes_ep
2_sneaky_sound_system_album
2_son_3
2_south_african_infantry_battalion
2_special_service_battalion
2_states_soundtrack
2_states_the_story_of_my_marriage
2_states_the_story_of_my_marriage_(book)
2_step_breakdance_move
2_step_song
2_stepz_ahead
2_strings_album
2_suburban_kids_with_biblical_names_ep
2_tert_butylphenol
2_the_gloaming_album
2_the_shambles
2_thee_oh_sees_album
2_things_black_white_series_(book)
2_thiouracil
2_timers_love_sisters_series_(book)
2_timothy_3
2_timothy_winning_the_victory_(book)
2_towns_ciderhouse
2_training_regiment_army_air_corps
2_trimethylsilylethoxymethyl_chloride
2_trumpets
2_ts_for_a_lovely_t
2_undecanone
2_unlimited_album
2_ursae_majoris
2_ursae_minoris
2_valued_morphism
2_vinyl_46_diamino_135_triazine
2_vinylpyridine
2_vlg_v
2_voor_12
2_vulpeculae
2_week_total_body_turnaround_the_14_day_plan_that_jumpstarts_weight_loss_maximizes_fat_burn_a_(book)
2_white_street
2_worlds_2_voices_tour
2_x_s_shadowrun_4_(book)
2_yen_coin
2_yen_note
2_ynfynyty
2_yoneda_lemma
2_young_2_go_for_boys_(book)
2_z_album
2_zombie_cows_(book)
2a42_cobra
2a_continental_architectural_awards
2a_peptides
2aaa
2ad
2africa
2alpha_hydroxytaxane_2_o_benzoyltransferase
2am_adrian_marcel_song
2am_bear_hands_song
2am_discography
2am_lockout
2am_the_asian_male_(book)
2aph
2apl
2aw_tag_team_championship
2ay
2b1q
2b2t
2b_film
2b_jerzego_waszyngtona_avenue_high_rise
2b_melbury_road
2b_spacific
2b_theatre_company
2backka
2ball
2bb2_400
2bd
2be_belfast
2be_sydney
2bh
2bic
2blades
2boystv
2br
2bs_951_fm
2by2
2c2_3100
2c2_nbome
2c_al
2c_b_butterfly
2c_b_bzp
2c_b_dragonfly
2c_b_morpholine
2c_b_pp
2c_b_pyr
2c_bi_8
2c_bu
2c_cn
2c_cp
2c_e_fly
2c_ef
2c_f
2c_g_3
2c_g_4
2c_g_5
2c_g_n
2c_ibu
2c_ip
2c_media
2c_mmda_2
2c_musician
2c_n
2c_o_4
2c_se
2c_t
2c_t_13
2c_t_15
2c_t_16
2c_t_17
2c_t_19
2c_t_21
2c_t_215
2c_t_27
2c_t_28
2c_t_3
2c_t_33
2c_t_4
2c_t_8
2c_t_9
2c_tbu
2c_tfe
2c_tfm
2c_v
2c_yn
2ca
2catorce
2cb_ind
2cbcb_nbome
2cbecca
2cbfly_nbome
2ce_5ipro
2cellos_album
2cellos_discography
2cents
2channel
2cjp
2clisab
2cm
2cool2btrue_(book)
2cr_china_radio_network
2cv_24_hour_race
2d-sonic-physics
2d3
2d6-dungeon
2d_adaptive_filters
2d_aeromedical_evacuation_squadron
2d_antiaircraft_artillery_battalion_composite
2d_antisubmarine_squadron
2d_combat_cargo_group
2d_fighter_squadron_commando
2d_geometric_model
2d_landing_support_battalion
2d_low_altitude_air_defense_battalion
2d_materials_journal
2d_or_not_2d_animation_festival
2d_plus_delta
2d_plus_depth
2d_silica
2d_systems_operations_squadron
2d_transportation_support_battalion
2d_weather_wing
2d_z_transform
2day_fm_fiji
2dcloud
2degrees
2do_before_i_die_lakukan_yang_anda_inginkan_sebelum_mati_(book)
2do_before_i_die_the_do_it_yourself_guide_to_the_rest_of_your_life_(book)
2du
2e_valthermond
2econd_season
2el
2ergo
2f5_antibody
2f_mar
2f_nendck
2f_qmpsb
2f_viminol
2face_song
2fm_song_contest
2friends_4ever_a_journey_to_reunion_(book)
2g2
2g_regel
2gat123
2gether_(Thai_TV_series)
2gether_(band)
2gether_2gether_album
2gether_4ever_notes_of_a_junior_high_school_heartthrob_(book)
2gether_4ever_world_tour
2gether_cnblue_album
2gether_song
2gf
2go
2go_maligaya
2graves
2h_1_benzopyran
2h_du_matin_richmond_street_(book)
2hb
2hollis
2hrs
2i_rete_gas
2k1_mars
2k_china
2k_drive
2k_love_story
2ka
2ldk
2lf
2lt_am
2m0437_b
2m1207
2m1510
2mass_12376526
2mass_gc02
2mass_j003616171821104
2mass_j035523371133437
2mass_j040707521546457
2mass_j042021442813491
2mass_j04412301
2mass_j044427132512164
2mass_j053253468246465
2mass_j083811551511155
2mass_j093734872931409
2mass_j104753852124234
2mass_j111515971937266
2mass_j121951563128497
2mass_j150319612525196
2mass_j213926760220226
2massw_j0920122351742
2masx_j102228495006200
2masx_j162702544328340
2mbs_fine_music_sydney
2mce
2mcr
2me_radio_arabic
2mfm
2mm
2mm_Kolibri
2moro
2moro_album
2moro_radio
2moz
2mt
2mv
2myx
2n2907
2n696
2nb
2nbc
2nd%2f14th_Light_Horse_Regiment
2nd-Century_Apocryphal_Epistles_and_Apocalypses
2nd-Century_Apocryphal_Texts
2nd-century_apocryphal_texts
2nd-last-game-store
2nd-mechanized-infantry-division-egypt
2nd/14th_Light_Horse_Regiment
2nd10th_dragoons
2nd10th_field_regiment_royal_australian_artillery
2nd11th_battalion_ulster_defence_regiment
2nd4th_battalion_royal_australian_regiment
2nd_Academy_Awards
2nd_Air_Defense_Artillery_Regiment
2nd_Annual_Grammy_Awards
2nd_Armored_Division_(France)
2nd_Armored_Division_(United_States)
2nd_Army_(German_Empire)
2nd_Army_(Russian_Empire)
2nd_Army_(Wehrmacht)
2nd_Assault_Amphibian_Battalion
2nd_BRIC_summit
2nd_Battalion,_11th_Marines
2nd_Battalion,_1st_Marines
2nd_Battalion,_24th_Marines
2nd_Battalion,_2nd_Marines
2nd_Battalion,_3rd_Marines
2nd_Battalion,_4th_Marines
2nd_Battalion,_503rd_Infantry_Regiment
2nd_Battalion,_5th_Marines
2nd_Battalion,_6th_Marines
2nd_Battalion,_7th_Marines
2nd_Battalion,_9th_Marines
2nd_Battalion,_Parachute_Regiment
2nd_Battalion,_Royal_Australian_Regiment
2nd_Belorussian_Front
2nd_Blue_Dragon_Series_Awards
2nd_Bomb_Wing
2nd_Brigade_Combat_Team,_10th_Mountain_Division_(United_States)
2nd_Brigade_Combat_Team,_1st_Cavalry_Division_(United_States)
2nd_Brigade_Combat_Team,_1st_Infantry_Division
2nd_Canadian_Armoured_Brigade
2nd_Canadian_Division
2nd_Canadian_Division_during_World_War_II
2nd_Canadian_Regiment
2nd_Cavalry_Division_(United_States)
2nd_Cavalry_Regiment_(Australia)
2nd_Cavalry_Regiment_(United_States)
2nd_Chapter_of_Acts
2nd_Chemical_Battalion_(United_States)
2nd_Children's_and_Family_Emmy_Awards
2nd_Combat_Engineer_Battalion
2nd_Commando_Regiment_(Australia)
2nd_Congress_of_the_Russian_Social_Democratic_Labour_Party
2nd_Critics'_Choice_Super_Awards
2nd_Crunchyroll_Anime_Awards
2nd_Dalai_Lama
2nd_Division_(Australia)
2nd_Division_(Imperial_Japanese_Army)
2nd_Dragoon_Guards_(Queen's_Bays)
2nd_Dragoon_Regiment_(France)
2nd_European_Political_Community_Summit
2nd_Federal_Parliament_of_Nepal
2nd_Fleet_(Imperial_Japanese_Navy)
2nd_Force_Reconnaissance_Company
2nd_Foreign_Engineer_Regiment
2nd_Foreign_Infantry_Regiment_(France)
2nd_Foreign_Parachute_Regiment
2nd_Golden_Raspberry_Awards
2nd_Guards_Motor_Rifle_Division
2nd_Guards_Spetsnaz_Brigade
2nd_Guards_Tank_Army
2nd_Hollywood_Critics_Association_TV_Awards
2nd_II_None
2nd_IndiaArab_Foreign_Ministers_Meeting
2nd_Infantry_Brigade_Combat_Team_(Airborne),_11th_Airborne_Division
2nd_Infantry_Division_(India)
2nd_Infantry_Division_(Philippines)
2nd_Infantry_Division_(United_Kingdom)
2nd_Infantry_Division_(United_States)
2nd_Infantry_Regiment_(United_States)
2nd_King_Edward_VII's_Own_Gurkha_Rifles_(The_Sirmoor_Rifles)
2nd_Lancers_(Gardner's_Horse)
2nd_Light_Armored_Reconnaissance_Battalion
2nd_Light_Cavalry_Lancers_Regiment_of_the_Imperial_Guard_(Dutch)
2nd_Lok_Sabha
2nd_Marine_Aircraft_Wing
2nd_Marine_Division
2nd_Marine_Division_(South_Korea)
2nd_Marine_Division_(Wehrmacht)
2nd_Marine_Expeditionary_Brigade_(United_States)
2nd_Marine_Logistics_Group
2nd_Marine_Regiment
2nd_Mountain_Division_(Wehrmacht)
2nd_Nepalese_Constituent_Assembly
2nd_New_Zealand_Division
2nd_Panzer_Army
2nd_Panzer_Division_(Wehrmacht)
2nd_Parachute_Chasseur_Regiment
2nd_Parachute_Division_(Germany)
2nd_People's_Defence_Force
2nd_Pomeranian_Mechanized_Division
2nd_Pornhub_Awards
2nd_Portuguese_India_Armada_(Cabral,_1500)
2nd_Quick_Response_Division_(South_Korea)
2nd_Ranger_Battalion
2nd_Reconnaissance_Battalion
2nd_SS_Panzer_Division_Das_Reich
2nd_Shock_Army
2nd_South_Carolina_String_Band
2nd_Stargard_Engineer_Battalion
2nd_Street_Tunnel
2nd_Super_Robot_Wars_OG
2nd_Tank_Battalion
2nd_Telangana_Assembly
2nd_Time_Around_(album)
2nd_Ukrainian_Front
2nd_United_States_Congress
2nd_United_States_Sharpshooters
2nd_Wisconsin_Infantry_Regiment
2nd_World_Congress_of_the_Communist_International
2nd_aarp_movies_for_grownups_awards
2nd_aiba_african_2004_olympic_qualifying_tournament
2nd_aiba_african_2008_olympic_qualifying_tournament
2nd_aiba_american_2004_olympic_qualifying_tournament
2nd_aiba_asian_2004_olympic_qualifying_tournament
2nd_aiba_european_2004_olympic_qualifying_tournament
2nd_aiba_european_2008_olympic_qualifying_tournament
2nd_air_army
2nd_air_command_sweden
2nd_air_corps_germany
2nd_air_force_wing_reserve_paf
2nd_air_refueling_squadron
2nd_airborne_corps_soviet_union
2nd_aircraft_delivery_group
2nd_airlift_squadron
2nd_airport_expressway
2nd_alabama_cavalry_regiment
2nd_alaska_state_legislature
2nd_alberta_legislature
2nd_alexandrovka
2nd_alpine_signal_regiment
2nd_alpini_regiment
2nd_amendment_day
2nd_and_6th_missouri_consolidated_infantry_regiment
2nd_and_king_station
2nd_anniversary
2nd_annual_interactive_achievement_awards
2nd_antalya_golden_orange_film_festival
2nd_anti_aircraft_artillery_division_soviet_union
2nd_anti_aircraft_artillery_regiment_italy
2nd_anti_aircraft_brigade_united_kingdom
2nd_anti_aircraft_division_united_kingdom
2nd_arabian_gulf_cup
2nd_arizona_state_legislature
2nd_arizona_territorial_legislature
2nd_arkansas_cavalry_regiment_union
2nd_arkansas_field_battery
2nd_arkansas_infantry_regiment_confederate
2nd_arkansas_infantry_regiment_union
2nd_arkansas_light_artillery
2nd_arkansas_mounted_rifles
2nd_arkhangelsk_united_aviation_division
2nd_armed_police_division
2nd_armm_regional_legislative_assembly
2nd_armored_brigade_south_korea
2nd_armored_division_syria
2nd_armoured_brigade_france
2nd_armoured_brigade_poland
2nd_armoured_brigade_united_kingdom
2nd_armoured_division_australia
2nd_armoured_division_france_1940
2nd_armoured_division_united_kingdom
2nd_armoured_mechanized_battalion_croatia
2nd_armoured_regiment_poland
2nd_army_area_thailand
2nd_army_austria_hungary
2nd_army_brigade
2nd_army_corps_armed_forces_of_south_russia
2nd_army_corps_armenia
2nd_army_corps_azerbaijan
2nd_army_corps_france
2nd_army_division_peru
2nd_army_group_kingdom_of_yugoslavia
2nd_army_group_royal_artillery
2nd_army_italy
2nd_army_kingdom_of_yugoslavia
2nd_army_rsfsr
2nd_army_yugoslav_partisans
2nd_arrondissement_of_Paris
2nd_arrondissement_of_lyon
2nd_arrondissement_of_marseille
2nd_arrondissement_of_parakou
2nd_arrondissement_of_porto_novo
2nd_arrondissement_of_the_littoral_department
2nd_asia_pacific_screen_awards
2nd_astra_creative_arts_awards
2nd_australian_tunnelling_company
2nd_avenue_abilene_station
2nd_avenue_album
2nd_avenue_lofts
2nd_aviation_regiment_united_states
2nd_awit_awards
2nd_azov_corps
2nd_baltic_front
2nd_bangladesh_national_film_awards
2nd_banino
2nd_battalion_134th_infantry_regiment_airborne
2nd_battalion_153rd_infantry_regiment_united_states
2nd_battalion_1st_air_defense_artillery_regiment_united_states
2nd_battalion_227th_aviation_regiment_united_states
2nd_battalion_23d_marines
2nd_battalion_25th_marines
2nd_battalion_27th_field_artillery_regiment_united_states
2nd_battalion_29th_field_artillery_regiment_united_states
2nd_battalion_2nd_field_artillery_united_states
2nd_battalion_319th_field_artillery_regiment
2nd_battalion_320th_field_artillery_regiment
2nd_battalion_321st_field_artillery_regiment
2nd_battalion_52nd_air_defense_artillery_regiment
2nd_battalion_87th_infantry_regiment
2nd_battalion_8th_field_artillery_regiment
2nd_battalion_8th_marines
2nd_battalion_canadian_mounted_rifles
2nd_battalion_eastern_ontario_regiment_cef
2nd_battalion_maratha_light_infantry_regiment
2nd_battalion_norway
2nd_battalion_ulster_defence_regiment
2nd_battalion_york_and_lancaster_regiment
2nd_battle_squadron
2nd_battlecruiser_squadron
2nd_bavarian_landwehr_division
2nd_beijing_college_student_film_festival
2nd_berlin_international_film_festival
2nd_bersaglieri_regiment
2nd_best_to_none
2nd_bezlesnoye
2nd_bombardment_squadron
2nd_bombay_pioneers
2nd_brigade_7th_infantry_division_united_states
2nd_brigade_australia
2nd_brigade_combat_team_1st_armored_division_united_states
2nd_brigade_ireland
2nd_brigade_polish_legions
2nd_brigade_royal_field_artillery
2nd_brigade_special_troops_battalion
2nd_british_academy_games_awards
2nd_bukreyevo
2nd_bundesliga_ice_hockey
2nd_burma_infantry_brigade
2nd_cabinet_of_the_executive_ministers_of_turkey
2nd_california_cavalry_regiment
2nd_california_infantry_regiment
2nd_canadian_film_awards
2nd_canadian_folk_music_awards
2nd_canadian_infantry_brigade
2nd_canadian_ministry
2nd_canadian_parliament
2nd_canadian_tunnelling_company
2nd_carabinier_regiment_france
2nd_carmen_awards
2nd_carrier_division_imperial_japanese_navy
2nd_caucasus_cossack_division
2nd_cavalry_army
2nd_cavalry_brigade_hungary
2nd_cavalry_division_german_empire
2nd_cavalry_division_reichswehr
2nd_cavalry_division_russian_empire
2nd_cavalry_division_soviet_union
2nd_cavalry_division_united_kingdom
2nd_cavalry_regiment_greece
2nd_central_committee_of_the_communist_party_of_cuba
2nd_central_executive_committee_of_the_chinese_communist_party
2nd_century
2nd_century_BC
2nd_century_bc_in_poetry
2nd_century_in_ireland
2nd_century_in_lebanon
2nd_century_in_poetry
2nd_chance_(book)
2nd_chance_karen_clark_sheard_album
2nd_chance_kesempatan_kedua_(book)
2nd_chance_motorsports
2nd_chance_oxide_neutrino_album
2nd_chance_womens_murder_club_2_(book)
2nd_chhattisgarh_assembly
2nd_cinque_ports_artillery_volunteers
2nd_civil_affairs_group
2nd_colonial_infantry_division_france
2nd_colorado_cavalry_regiment
2nd_colorado_infantry_regiment
2nd_combat_aviation_brigade
2nd_combat_aviation_brigade_south_korea
2nd_combat_bombardment_wing
2nd_combined_cossack_division
2nd_commando_battalion_belgium
2nd_commando_brigade_turkey
2nd_company_massachusetts_sharpshooters
2nd_composite_mounted_brigade
2nd_confederate_states_congress
2nd_confession
2nd_congress_of_the_philippines
2nd_connecticut_heavy_artillery_regiment
2nd_connecticut_infantry_regiment
2nd_connecticut_regiment
2nd_continental_artillery_regiment
2nd_continental_light_dragoons
2nd_corps_army_of_the_republic_of_bosnia_and_herzegovina
2nd_corps_syria
2nd_corps_turkey
2nd_corps_vietnam
2nd_cossack_cavalry_division
2nd_costume_designers_guild_awards
2nd_council_of_ministers_of_the_german_democratic_republic
2nd_council_of_the_northwest_territories
2nd_cplp_summit
2nd_cruiser_squadron
2nd_cuirassier_regiment_france
2nd_czech_republic_hockey_league
2nd_czechoslovak_hockey_league
2nd_day_bombardment_group
2nd_delaware_general_assembly
2nd_delaware_infantry_regiment
2nd_delhi_assembly
2nd_dental_battalion
2nd_desire_tasty
2nd_destroyer_flotilla
2nd_destroyer_squadron_united_kingdom
2nd_directors_guild_of_america_awards
2nd_district_of_budapest
2nd_district_of_columbia_infantry_battalion
2nd_district_of_columbia_infantry_regiment
2nd_division_colombia
2nd_division_continuation_war
2nd_division_estonia
2nd_division_german_empire
2nd_division_iraq
2nd_division_ireland
2nd_division_japan
2nd_division_north_korea
2nd_division_norway
2nd_division_portugal
2nd_division_reichswehr
2nd_division_royal_navy
2nd_division_south_vietnam
2nd_division_spain
2nd_division_vietnam
2nd_division_yugoslav_partisans
2nd_dragoon_regiment_denmark
2nd_dragoons_canada
2nd_dzogchen_rinpoche
2nd_earth_(book)
2nd_east_anglian_regiment
2nd_eastern_shore_infantry_regiment
2nd_eco_summit
2nd_edda_awards
2nd_eikhoigi_imphal_international_film_festival
2nd_electoral_unit_of_republika_srpska_nsrs
2nd_electoral_unit_of_the_federation_of_bosnia_and_herzegovina
2nd_electoral_unit_of_the_house_of_representatives_of_the_federation_of_bosnia_and_herzegovina
2nd_empire_awards
2nd_engineer_brigade_united_states
2nd_engineer_regiment_italy
2nd_escort_group_royal_navy
2nd_european_film_awards
2nd_far_eastern_front
2nd_federal_electoral_district_of_aguascalientes
2nd_federal_electoral_district_of_baja_california
2nd_federal_electoral_district_of_baja_california_sur
2nd_federal_electoral_district_of_campeche
2nd_federal_electoral_district_of_chihuahua
2nd_federal_electoral_district_of_coahuila
2nd_federal_electoral_district_of_colima
2nd_federal_electoral_district_of_durango
2nd_federal_electoral_district_of_guerrero
2nd_federal_electoral_district_of_jalisco
2nd_federal_electoral_district_of_mexico_city
2nd_federal_electoral_district_of_morelos
2nd_federal_electoral_district_of_nayarit
2nd_federal_electoral_district_of_sinaloa
2nd_federal_electoral_district_of_sonora
2nd_federal_electoral_district_of_tabasco
2nd_federal_electoral_district_of_tamaulipas
2nd_federal_electoral_district_of_the_state_of_mexico
2nd_federal_electoral_district_of_tlaxcala
2nd_federal_electoral_district_of_zacatecas
2nd_feroz_awards
2nd_field_artillery_regiment_canada
2nd_field_artillery_regiment_united_states
2nd_field_regiment_royal_new_zealand_artillery
2nd_fighter_corps_germany
2nd_fighter_division_germany
2nd_fighter_training_squadron
2nd_filipino_infantry_regiment
2nd_filmfare_awards
2nd_filmfare_awards_east
2nd_filmfare_awards_marathi
2nd_flak_division
2nd_flight_training_squadron_jasdf_11th_wing
2nd_floor_nina_song
2nd_floor_the_creatures_song
2nd_florida_cavalry_regiment_confederate
2nd_florida_cavalry_regiment_union
2nd_florida_infantry_regiment
2nd_flying_training_centre
2nd_fominovka
2nd_force_support_battalion
2nd_foreign_cavalry_regiment
2nd_foreign_legion_france
2nd_foreign_parachute_battalion
2nd_french_film_festival_kolkata
2nd_frigate_squadron_united_kingdom
2nd_galician_brigade_ukraine
2nd_garrison_division_of_beijing_military_region
2nd_garrison_division_of_chengdu_military_region
2nd_garrison_division_of_lanzhou_military_region
2nd_garrison_division_of_nanjing_military_region
2nd_garrison_division_of_shenyang_military_region
2nd_gcc_club_championship
2nd_gemini_awards
2nd_general_assembly_of_newfoundland
2nd_general_assembly_of_nova_scotia
2nd_genie_awards
2nd_georgia_regiment
2nd_gibraltar_brigade
2nd_glamorganshire_artillery_volunteers
2nd_global_indian_film_awards
2nd_globes_de_cristal_awards
2nd_gloucestershire_rifle_volunteers
2nd_gma_dove_awards
2nd_gnezdilovo
2nd_golden_bell_awards
2nd_golden_horse_awards
2nd_golden_laurel_awards
2nd_golden_melody_awards
2nd_golden_rooster_awards
2nd_golden_satellite_awards
2nd_gostomlya
2nd_gotham_tv_awards
2nd_government_of_laos
2nd_grade_band
2nd_grenadier_guards_fc
2nd_grochow_uhlan_regiment
2nd_grodno_battalion_of_the_king_and_commonwealth
2nd_group_cis
2nd_guam_legislature
2nd_guard_aviation_flotilla
2nd_guards_airborne_division
2nd_guards_anti_aircraft_artillery_division
2nd_guards_army
2nd_guards_artillery_division
2nd_guards_brigade_croatia
2nd_guards_brigade_united_kingdom
2nd_guards_cavalry_division
2nd_guards_combined_arms_army
2nd_guards_division_imperial_japanese_army
2nd_guards_infantry_division_german_empire
2nd_guards_infantry_division_russian_empire
2nd_guards_mixed_brigade_japan
2nd_guards_motor_rifle_brigade
2nd_guards_reserve_division_german_empire
2nd_guards_rifle_corps
2nd_guards_tank_corps
2nd_guards_uhlans
2nd_guldbagge_awards
2nd_hanoi_international_film_festival
2nd_health_battalion_australia
2nd_heavy_field_artillery_regiment_italy
2nd_highland_light_infantry_fc
2nd_honinbo
2nd_hundred_flowers_awards
2nd_idelbaevo
2nd_ii_none_album
2nd_iifa_utsavam
2nd_illinois_cavalry_regiment
2nd_illinois_general_assembly
2nd_independent_battery_kansas_light_artillery
2nd_independent_battery_wisconsin_light_artillery
2nd_independent_division_of_anhui_provincial_military_district
2nd_independent_division_of_fujian_provincial_military_district
2nd_independent_division_of_heilongjiang_provincial_military_district_2nd_formation
2nd_independent_division_of_jiangsu_provincial_military_district
2nd_independent_division_of_jilin_provincial_military_district
2nd_independent_division_of_liaoning_provincial_military_district
2nd_independent_division_of_shandong_provincial_military_district
2nd_independent_division_of_sichuan_provincial_military_district
2nd_independent_division_of_zhejiang_provincial_military_district
2nd_independent_mixed_brigade_imperial_japanese_army
2nd_independent_motorized_infantry_battalion_ukraine
2nd_independent_motorized_rifle_brigade
2nd_independent_spirit_awards
2nd_indian_cavalry_division
2nd_indian_infantry_brigade
2nd_indiana_cavalry_regiment
2nd_indonesian_choice_awards
2nd_infantry_brigade_combat_team_34th_infantry_division
2nd_infantry_brigade_estonia
2nd_infantry_brigade_hungary
2nd_infantry_brigade_lebanon
2nd_infantry_brigade_new_zealand
2nd_infantry_brigade_united_kingdom
2nd_infantry_division_artillery_united_states
2nd_infantry_division_belgium
2nd_infantry_division_egypt
2nd_infantry_division_france
2nd_infantry_division_ottoman_empire
2nd_infantry_division_thailand
2nd_infantry_divisionrok_us_combined_division_sustainment_brigade
2nd_infantry_regiment_lithuania
2nd_infinity_forum
2nd_iowa_cavalry_regiment
2nd_iowa_independent_battery_light_artillery
2nd_iowa_infantry_regiment
2nd_iranian_majlis
2nd_irish_film_television_awards
2nd_irish_parliament_of_king_charles_i
2nd_itkulovo
2nd_japan_film_professional_awards
2nd_japan_record_awards
2nd_jerusalem_biennale_2015
2nd_jussi_awards
2nd_justice_and_development_party_extraordinary_congress
2nd_jutra_awards
2nd_kansas_cavalry_regiment
2nd_kansas_colored_infantry_regiment
2nd_kansas_militia_infantry_regiment
2nd_karmapa_karma_pakshi
2nd_kentucky_cavalry_regiment
2nd_kentucky_infantry_regiment_confederate
2nd_kentucky_infantry_regiment_union
2nd_khartia_corps_ukraine
2nd_kings
2nd_kitayevka
2nd_krajina_brigade
2nd_krajina_corps
2nd_kurasovo
2nd_lagos_state_house_of_assembly
2nd_lancers_regiment_portugal
2nd_landwehr_division_german_empire
2nd_law_enforcement_battalion
2nd_leeds_yorkshire_west_riding_engineer_volunteers
2nd_legions_home_army_infantry_division
2nd_legions_infantry_division_poland
2nd_legislative_assembly_of_singapore
2nd_legislature_of_antigua_and_barbuda
2nd_legislature_of_the_haitian_parliament
2nd_legislature_of_the_third_portuguese_republic
2nd_libyan_division_italy
2nd_life_grenadier_regiment_sweden
2nd_light_antiaircraft_missile_battalion
2nd_light_cavalry_division_france
2nd_light_division_wehrmacht
2nd_light_horse_brigade
2nd_light_mechanized_division_france
2nd_light_tank_company_australia
2nd_lipovets
2nd_lithuanian_vanguard_regiment
2nd_locarno_film_festival
2nd_louisiana_cavalry_regiment
2nd_louisiana_field_battery
2nd_louisiana_infantry_regiment_confederate
2nd_louisiana_infantry_regiment_union
2nd_louisiana_native_guard_infantry_regiment
2nd_luftwaffe_field_division
2nd_lux_style_awards
2nd_macau_international_movie_festival
2nd_machine_gun_battalion_australia
2nd_madras_state_assembly
2nd_main_jet_base_command_turkey
2nd_maine_cavalry_regiment
2nd_maine_infantry_regiment
2nd_maine_light_artillery_battery
2nd_maintenance_battalion
2nd_maizuru_special_naval_landing_force
2nd_malaya_dolzhenkova
2nd_maldives_film_awards
2nd_manchurian_army
2nd_maneuver_enhancement_brigade
2nd_manitoba_legislature
2nd_marching_regiment_of_the_1st_foreign_regiment
2nd_marching_regiment_of_the_2nd_foreign_regiment
2nd_marine_aircraft_wing_band
2nd_marine_brigade_iran
2nd_marine_infantry_parachute_regiment
2nd_marine_infantry_regiment
2nd_maryland_cavalry_battalion
2nd_maryland_infantry_regiment_confederate
2nd_maryland_infantry_regiment_potomac_home_brigade
2nd_maryland_infantry_regiment_union
2nd_maryland_regiment
2nd_massachusetts_battery
2nd_massachusetts_cavalry_regiment
2nd_massachusetts_heavy_artillery_regiment
2nd_massachusetts_infantry_regiment
2nd_massachusetts_regiment
2nd_massachusetts_volunteer_infantry_regiment_1898
2nd_mechanised_corps_poland
2nd_mechanized_corps_soviet_union
2nd_mechanized_infantry_division_greece
2nd_medical_battalion
2nd_medical_group
2nd_michigan_cavalry_regiment
2nd_michigan_infantry_regiment
2nd_mile
2nd_military_district_australia
2nd_military_region_algeria
2nd_millennium
2nd_millennium_BC
2nd_millennium_bc_in_music
2nd_minnesota_cavalry_regiment
2nd_minnesota_infantry_regiment
2nd_minnesota_legislature
2nd_minnesota_light_artillery_battery
2nd_minnesota_sharpshooters_company
2nd_minnesota_territorial_legislature
2nd_mirchi_music_awards
2nd_mississippi_cavalry_regiment
2nd_mississippi_infantry_regiment
2nd_mississippi_legislature
2nd_missouri_cavalry_regiment
2nd_missouri_colored_infantry_regiment
2nd_missouri_infantry_regiment_confederate
2nd_missouri_infantry_regiment_union
2nd_missouri_light_artillery_regiment
2nd_mixed_brigade
2nd_miyakibashevo
2nd_mobile_corps
2nd_mokva
2nd_moroccan_division
2nd_moroccan_infantry_division
2nd_moscow_international_film_festival
2nd_moscow_jewish_film_festival
2nd_mountain_brigade_poland
2nd_mountain_troops_brigade_romania
2nd_mounted_brigade_united_kingdom
2nd_mounted_division
2nd_mounted_rifles
2nd_municipality_of_naples
2nd_national_assembly_of_south_korea
2nd_national_assembly_of_the_philippines
2nd_national_congress_of_the_chinese_communist_party
2nd_national_congress_of_the_kuomintang
2nd_national_film_awards
2nd_national_geographic_bee
2nd_national_television_awards
2nd_nature_boy_band
2nd_naval_armaments_supplement_programme
2nd_navigation_warfare_squadron
2nd_new_brunswick_legislature
2nd_new_guinea_infantry_battalion
2nd_new_hampshire_infantry_regiment
2nd_new_jersey_cavalry_regiment
2nd_new_jersey_infantry_regiment
2nd_new_jersey_regiment
2nd_new_orleans_infantry_regiment
2nd_new_york_cavalry_regiment
2nd_new_york_heavy_artillery_regiment
2nd_new_york_infantry_regiment
2nd_new_york_mounted_rifles_regiment
2nd_new_york_regiment
2nd_new_york_state_legislature
2nd_new_york_veteran_cavalry_regiment
2nd_new_zealand_parliament
2nd_nfl_honors
2nd_nikolskoye
2nd_nikolskoye_medvensky_district_kursk_oblast
2nd_nizhnyaya_medveditsa
2nd_north_african_infantry_division
2nd_north_carolina_infantry_regiment
2nd_north_carolina_regiment
2nd_north_west_legislative_assembly
2nd_northwest_territories_legislative_council
2nd_noveleta_battalion
2nd_nunavut_legislature
2nd_nwhl_all_star_game
2nd_odesa_international_film_festival
2nd_ohio_cavalry_regiment
2nd_ohio_general_assembly
2nd_ohio_heavy_artillery_regiment
2nd_ohio_infantry_regiment
2nd_okinawa_international_movie_festival
2nd_oklahoma_legislature
2nd_open_russian_festival_of_animated_films
2nd_oto_awards
2nd_panzer_brigade_bundeswehr
2nd_panzergrenadier_division_bundeswehr
2nd_parachute_brigade_united_kingdom
2nd_parliament_of_british_columbia
2nd_parliament_of_charles_i
2nd_parliament_of_great_britain
2nd_parliament_of_lower_canada
2nd_parliament_of_ontario
2nd_parliament_of_queen_anne
2nd_parliament_of_singapore
2nd_parliament_of_south_australia
2nd_parliament_of_the_province_of_canada
2nd_parliament_of_the_turkish_republic_of_northern_cyprus
2nd_parliament_of_turkey
2nd_parliament_of_upper_canada
2nd_parliament_of_william_iii_and_mary_ii
2nd_pennsylvania_cavalry_regiment
2nd_pennsylvania_heavy_artillery_regiment
2nd_pennsylvania_infantry_regiment
2nd_pennsylvania_regiment
2nd_pereverzevka
2nd_philippine_legislature
2nd_pioneer_battalion_australia
2nd_pisklovo
2nd_platino_awards
2nd_plesy
2nd_podhale_rifles_regiment
2nd_podlaski_signal_regiment_of_the_internal_defense_forces
2nd_polish_corps_in_russia
2nd_polish_corps_polish_armed_forces_in_the_west
2nd_politburo_of_the_communist_party_of_cuba
2nd_pondicherry_representative_assembly
2nd_priamur_rifle_division
2nd_prince
2nd_psychological_operations_group
2nd_punjab_assembly
2nd_punjab_regiment
2nd_pursuit_group
2nd_pyatiletka
2nd_quebec_legislature
2nd_queens
2nd_raiding_brigade
2nd_range_operations_squadron
2nd_ranger_infantry_company_united_states
2nd_rawalpindi_division
2nd_recruit_training_battalion_united_states
2nd_red_banner_army
2nd_regiment_of_bengal_native_infantry
2nd_regiment_of_light_dragoons_united_states
2nd_regiment_of_riflemen
2nd_regiment_of_senegalese_tirailleurs
2nd_regiment_of_york_militia
2nd_regiment_royal_canadian_horse_artillery
2nd_regional_command
2nd_reserve_infantry_division_of_beijing
2nd_rhode_island_cavalry_regiment
2nd_rhode_island_infantry_regiment
2nd_rhode_island_regiment
2nd_rifle_corps
2nd_rifle_division_poland
2nd_rifle_division_soviet_union
2nd_romanija_motorized_brigade
2nd_rowan_county_regiment
2nd_royal_bavarian_division
2nd_royal_bavarian_uhlans
2nd_royal_cheshire_militia
2nd_royal_naval_brigade
2nd_royal_surrey_militia
2nd_royal_tank_regiment
2nd_saeima
2nd_sarasaviya_awards
2nd_saskatchewan_legislature
2nd_saturn_awards
2nd_scots_guards_fc
2nd_scripps_national_spelling_bee
2nd_searchlight_regiment_royal_artillery
2nd_secretariat_of_the_communist_party_of_cuba
2nd_security_force_assistance_brigade
2nd_separate_air_defense_army
2nd_seville_international_short_film_festival
2nd_shemyakino
2nd_shorty_awards
2nd_sialkot_cavalry_brigade
2nd_siberian_army_corps
2nd_siberian_rifle_division
2nd_siege_artillery_battery_australia
2nd_signal_brigade_united_kingdom
2nd_signal_regiment_united_kingdom
2nd_silvester_tournament
2nd_smirnovka
2nd_sofia_infantry_regiment
2nd_somerset_militia
2nd_south_african_infantry_brigade
2nd_south_african_infantry_division
2nd_south_african_infantry_regiment
2nd_south_canterbury_regiment
2nd_south_carolina_cavalry_regiment
2nd_south_carolina_infantry_regiment
2nd_south_carolina_regiment
2nd_south_western_mounted_brigade
2nd_soviet_antarctic_expedition
2nd_space_analysis_squadron
2nd_space_launch_squadron
2nd_space_warning_squadron
2nd_special_service_brigade
2nd_special_squadron_japanese_navy
2nd_squadron_107th_cavalry_regiment
2nd_squadron_iraq
2nd_ss_infantry_brigade
2nd_ss_police_regiment
2nd_state_council_of_ceylon
2nd_state_duma
2nd_state_objects_protection_regiment_ukraine
2nd_steppe_siberian_corps
2nd_street_station_septa
2nd_sudurpashchim_provincial_assembly
2nd_summit_of_the_americas
2nd_summit_of_the_non_aligned_movement
2nd_super_robot_wars
2nd_support_command
2nd_sussex_rifle_volunteers
2nd_sverdlovsk_air_enterprise
2nd_swiss_regiment_france
2nd_tactical_air_force_vol1_spartan_to_normandy_june_1943_to_june_1944
2nd_tactical_air_force_vol1_spartan_to_normandy_june_1943_to_june_1944_(book)
2nd_tactical_air_force_vol_2_breakout_to_bodenplatte_july_1944_to_january_1945_(book)
2nd_tactical_wing
2nd_tangier_regiment
2nd_tank_corps
2nd_tank_destroyer_brigade
2nd_tank_division_imperial_japanese_army
2nd_tank_division_soviet_union
2nd_tank_regiment_italy
2nd_tarang_cine_awards
2nd_tca_awards
2nd_tennessee_cavalry_regiment_union
2nd_tennessee_colored_heavy_artillery_regiment
2nd_tennessee_infantry_regiment
2nd_texas_cavalry_regiment
2nd_texas_cavalry_regiment_arizona_brigade
2nd_texas_infantry_regiment
2nd_texas_legislature
2nd_texas_partisan_rangers
2nd_theater_signal_brigade_united_states
2nd_transport_regiment_rct
2nd_troop_of_horse_guards
2nd_turkmenevo
2nd_tvynovelas_awards
2nd_uhlan_regiment_lithuania
2nd_ukrainian_soviet_army
2nd_united_states_colored_cavalry_regiment
2nd_united_states_colored_infantry_regiment
2nd_us_artillery_battery_g
2nd_utah_state_legislature
2nd_utah_territorial_legislature
2nd_uttar_pradesh_assembly
2nd_uttarakhand_assembly
2nd_vanier_cup
2nd_venice_international_film_festival
2nd_vermont_brigade
2nd_vermont_infantry_regiment
2nd_verse
2nd_vijay_awards
2nd_vinnikovo
2nd_virginia_cavalry_regiment
2nd_virginia_general_assembly
2nd_virginia_infantry_regiment
2nd_virginia_state_regiment
2nd_vision
2nd_visual_effects_society_awards
2nd_vitranc_cup_1963
2nd_von_erich_memorial_parade_of_champions
2nd_w
2nd_ward_chicago
2nd_ward_of_new_orleans
2nd_warsaw_infantry_division
2nd_wave_album
2nd_wessex_brigade_royal_field_artillery
2nd_west_africa_infantry_brigade
2nd_west_virginia_infantry_regiment
2nd_west_virginia_veteran_infantry_regiment
2nd_white_cloth_hall
2nd_wisconsin_infantry_regiment_1898
2nd_wisconsin_territorial_assembly
2nd_world_festival_of_youth_and_students
2nd_world_mahjong_championship_2010
2nd_world_science_fiction_convention
2nd_writers_guild_of_america_awards
2nd_wyoming_territorial_legislature
2nd_yeltsovka_river
2nd_yerevan_golden_apricot_international_film_festival
2nd_your_world_awards
2nd_yukon_territorial_council
2nd_zirimzibash
2nur
2ofus
2p15_161_microdeletion_syndrome
2p22_bohdana
2p5
2p85
2p96
2par
2pie_island
2pm_of_2pm
2pm_on_a_black_summers_day_novel
2point0
2point4_Children
2point5_joshi_pro_wrestling
2point9_records
2preciious
2q37_deletion_syndrome
2q37_monosomy
2r0i2p0
2raumwohnung
2rdj
2rivers
2rn
2rox
2rrr
2rude
2rule
2s39_magnolia
2s41_drok
2s42_lotos
2shotz
2si
2si_215
2si_230
2si_460
2si_690
2si_808
2side1brain
2slimey
2st
2step_(song)
2stepmarv
2suit
2sunhwan_ro_gwangju
2t_mmda_3a
2te116
2te25a
2te25k
2te70
2tm23
2tv_lithuanian_tv_channel
2tv_tv_programme
2u_album
2u_kang_daniel_song
2v0
2v4
2v5
2v7
2v8
2vsb
2waytraffic
2wenty_2wo
2wice
2wink
2wo_third3
2x2_project
2x45
2x4_Stand_for_27-Gallon_Storage_Totes
2x4_Tote_Storage_Rack
2xRaKai
2x_arodj_v_akci_(book)
2xko
2xl_supercross
2xl_trophylite_rally
2xl_tv_series
2xmm_j083026524133
2xs_fm
2xtreme_racing
2ya2yao
2you
2yyy
2za
2zy
2½-ton_6×6_truck
2×2_(TV_channel)
2–0_lead_is_the_worst_lead
2–3_tree
2–3_zone_defense
2–3–4_tree
2–8a_Rutland_Gate
3
3%
3%2f4
3%2f8
3'-Phosphoadenosine-5'-phosphosulfate
3's_&_7's
3's_Company
3,000-hit_club
3,000_strikeout_club
3,3',5,5'-Tetramethylbenzidine
3,3'-Diaminobenzidine
3,3'-Diindolylmethane
3,4-Dihydropyran
3,4-Dimethoxyphenethylamine
3,4-Methylenedioxy-N-ethylamphetamine
3,4-Methylenedioxyamphetamine
3,4-Methylenedioxyphenylpropan-2-one
3,5-Dinitrosalicylic_acid
3,7cm_KPÚV_vz._34
3,_2,_1..._Frankie_Go_Boom
3,_The_Grove,_Highgate
3-2-1
3-2-1-lets-go
3-2-1_Contact
3-2-1_Penguins!
3-2-1_ribs
3-7-77
3-Bedroom_Duplex_Floor_Plan
3-Carene
3-Chloromethcathinone
3-Chlorophenmetrazine
3-D_Dinosaur_Adventure
3-D_Man
3-D_Secure
3-D_The_Catalogue
3-Fluoroamphetamine
3-Fluoroethamphetamine
3-Fluoromethamphetamine
3-Fluoromethcathinone
3-Fluorophenmetrazine
3-HO-PCP
3-Headed_Shark_Attack
3-Hydroxybutanal
3-Hydroxypropionic_acid
3-Indolepropionic_acid
3-Iron
3-Layer_Bamboo_Tea_Bag_Organizer
3-MCPD
3-MeO-PCE
3-MeO-PCP
3-Mercaptopropionic_acid
3-Methoxy-4-methylamphetamine
3-Methoxytyramine
3-Methylamphetamine
3-Methylfentanyl
3-Methylmethcathinone
3-Methylpentane
3-Minute_Warning
3-Nitroaniline
3-Nitrooxypropanol
3-Pentanone
3-Phosphoglyceric_acid
3-Quinuclidinyl_benzilate
3-South
3-Way_(The_Golden_Rule)
3-centimeter_band
3-dimensional_matching
3-in-One_Oil
3-inch/50-caliber_gun
3-inch_M1902_field_gun
3-inch_anti-aircraft_gun_M3
3-inch_gun_M1903
3-inch_gun_M1918
3-inch_gun_M5
3-inch_ordnance_rifle
3-j_symbol
3-letter_vowel-only_English_words
3-manifold
3-partition_problem
3-ring_release_system
3-sphere
3-torus
3-way_lamp
3-year_rule_consulting
3.._6.._9_Seconds_of_Light
3.0_(Marc_Anthony_album)
3.15.20
3.2-inch_gun_M1897
3.5-Inch_Forward_Firing_Aircraft_Rocket
3.6m_Devasthal_Optical_Telescope
3.7_cm_Flak_18%2f36%2f37
3.7_cm_Flak_18/36/37
3.7_cm_Flak_43
3.7_cm_Infanteriegeschütz_M.15
3.7_cm_KwK_36
3.7_cm_Pak_36
3.7_cm_SK_C/30
3.7_cm_TAK_1918
3.7_cm_ÚV_vz._38
3._Liga
3._Liga_(Slovakia)
3._deild_karla
30,000
30,000_Pounds_of_Bananas
30-day_yield
30-degree_rule
30-meter-band
30-sai_no_Hoken_Taiiku
30.5_cm_SK_L/50_gun
30/30-150
300
300-page_iPhone_bill
300-win_club
300000000
30000_camenzind
30000_miles_under_the_sea
30000_on_the_hoof_(book)
30000_years_of_art_the_story_of_human_creativity_across_time_and_space_(book)
3000_(number)
3000_Leagues_in_Search_of_Mother
3000_Miles_to_Graceland
3000_Nights
3000_Whys_of_Blue_Cat
3000_and_9_shit
3000_class_railcar
3000_decorative_patterns_of_the_ancient_world
3000_decorative_patterns_of_the_ancient_world_(book)
3000_degrees_the_true_story_of_a_deadly_fire_and_the_men_who_fought_it_(book)
3000_dinghy
3000_faons_de_dire_je_taime_(book)
3000_metres
3000_metres_steeplechase
3000_metres_steeplechase_world_record_progression
3000_metres_world_record_progression
3000_modi_per_dire_ti_amo_(book)
3000_power_words_and_phrases_for_effective_performance_reviews_ready_to_use_language_for_succ_(book)
3000_pulses_later_(book)
3000_pulses_later_memoir
3000_years_of_fantasy_and_science_fiction
3001_a_laced_odyssey
3001_konana_odiseja_(book)
3001_odisea_final_odisea_espacial_4_(book)
3001_odisseia_final_(book)
3001_rita_lee_album
3001_son_efsane_(book)
3001_the_final_odyssey
3001_the_final_odyssey_space_odyssey_4_(book)
3003_aluminium_alloy
3004_aluminium_alloy
3005_(song)
300X
300_(comics)
300_(film)
300_(number)
300_15_minute_low_carb_recipes_hundreds_of_delicious_meals_that_let_you_live_your_low_carb_li_(book)
300_BC
300_Club
300_Elektra_Entertainment
300_Entertainment
300_Series_Shinkansen
300_Workout
300_album
300_arguments_essays_(book)
300_astronomical_objects_a_visual_reference_to_the_universe_(book)
300_beers_to_try_before_you_die_(book)
300_best_comfort_food_recipes_(book)
300_best_rice_cooker_recipes_also_including_legumes_and_whole_grains_(book)
300_best_stir_fry_recipes_(book)
300_classic_blocks_for_crochet_projects_(book)
300_crochet_stitches_the_harmony_guides_v_6_(book)
300_days_at_sea
300_days_of_sun_(book)
300_east_57th_street
300_east_pratt_street
300_east_station
300_facons_de_cuisiner_les_salades_(book)
300_fragen_zur_schwangerschaft_(book)
300_geraldina
300_great_baseball_cards_of_the_20th_century_(book)
300_m_rifle_prone
300_m_rifle_three_positions
300_m_standard_rifle
300_main_winnipeg
300_march_to_glory
300_meter_army_rifle
300_metres
300_metres_hurdles
300_miles_to_heaven
300_million_yen_robbery
300_more_beers_to_try_before_you_die_(book)
300_mph_torrential_outpour_blues
300_north_meridian
300_park_avenue_south
300_percent_density
300_pinball
300_questions_lds_couples_should_ask_for_a_more_vibrant_marriage_(book)
300_quotations_for_preachers_(book)
300_raisons_daimer_san_francisco_(book)
300_rise_of_an_empire
300_rise_of_an_empire_the_art_of_the_film_(book)
300_save_club
300_sensational_soups_(book)
300_slow_cooker_favorites_(book)
300_soundtrack
300_south_tryon
300_step_by_step_cooking_and_gardening_projects_for_kids_the_ultimate_book_for_budding_garden_(book)
300_the_art_of_the_film_(book)
300_things_i_hope_(book)
300_tips_for_painting_decorating_tips_techniques_trade_secrets_(book)
300_tips_techniques_and_trade_secrets_for_painting_and_decorating_(book)
300_ways_to_make_the_best_christmas_ever_decorations_carols_crafts_recipes_for_every_kind_of__(book)
300_west_adams_building
300_words_of_german
300mind
300pcatalina
300th_armored_cavalry_regiment
300th_field_artillery_regiment
300th_mechanized_regiment_ukraine
300th_military_intelligence_brigade_united_states
300th_military_police_brigade
300th_rifle_division_soviet_union
300th_sustainment_brigade_united_states
30107_km
3013_scarred_3013_1175_novel
3015_candy
301_battalion
301_best_questions_to_ask_on_your_interview_(book)
301_howard_street
301_in_armenia
301_north_carolwood_drive
301_number
301_series
301_smart_answers_to_tough_interview_questions_(book)
301_squadron_portugal
301_stylish_storage_ideas_(book)
301_ways_to_have_fun_at_work_(book)
301st_air_refueling_squadron
301st_armored_cavalry_regiment
301st_bombardment_squadron
301st_cavalry_regiment_united_states
301st_coastal_defence_brigade
301st_field_artillery_regiment_pa
301st_fighter_squadron
301st_fighter_wing
301st_heavy_tank_battalion_united_states
301st_infantry_division
301st_military_intelligence_battalion_united_states
301st_operations_group
301st_regional_support_group
301st_rescue_squadron
301st_rifle_division_soviet_union
301st_tactical_fighter_squadron_jasdf
3022
302_acid
302_clarissa
302_number
302_squadron_portugal
302_west_12th_street
302m
302nd_air_division
302nd_airlift_wing
302nd_armored_cavalry_regiment
302nd_cavalry_regiment_united_states
302nd_division_german_empire
302nd_fighter_squadron_united_states
302nd_infantry_brigade_united_kingdom
302nd_military_intelligence_battalion_united_states
302nd_military_police_company
302nd_tactical_electronic_warfare_training_squadron
302nd_tactical_fighter_squadron_japan
302nd_tactical_missile_squadron
302nd_troop_carrier_squadron
3030_deathwar
3031_houston
3037_alku
303_(book)
303_Creative_LLC_v._Elenis
303_East_51st_Street
303_comics
303_gallery
303_in_armenia
303_josephina
303_kid_approved_exercises_and_active_games_(book)
303_more_tricky_chess_puzzles_(book)
303_number
303_series
303_station_hospital_lilford_hall
303project
303rd_Air_Expeditionary_Group
303rd_aeronautical_systems_wing
303rd_air_refueling_squadron
303rd_cavalry_regiment_united_states
303rd_fighter_squadron
303rd_fighter_wing
303rd_infantry_brigade_united_kingdom
303rd_infantry_division
303rd_intelligence_squadron
303rd_maneuver_enhancement_brigade
303rd_military_intelligence_battalion
303rd_ordnance_battalion_eod
303rd_rifle_division
303rd_tactical_fighter_squadron_jasdf
303rd_tactical_reconnaissance_squadron
3040_kozai
3047_goethe
304_(card_game)
304_number
304_olga
304_squadron_portugal
304th_air_division
304th_bombardment_group
304th_civil_affairs_brigade
304th_division_vietnam
304th_infantry_division
304th_infantry_regiment_united_states
304th_rescue_squadron
304th_special_operations_squadron
304th_tactical_fighter_squadron_jasdf
3054_strugatskia
305_am_novel
305_bc
305_bellechasse
305_cm_mrk_l22
305_cm_mrk_l25
305_cm_mrk_l35
305_cm_rk_l22
305_gordonia
305_jefferson_street
305_mm46_model_1909
305_mm_howitzer_M1939_(Br-18)
305_mm_howitzer_m1915
305_series
305_test_pile
305th_Air_Mobility_Wing
305th_Infantry_Regiment_Russian_Empire
305th_air_division
305th_air_refueling_squadron
305th_artillery_brigade_russia
305th_cavalry_regiment_united_states
305th_expeditionary_airlift_squadron
305th_infantry_brigade_united_kingdom
305th_infantry_regiment_united_states
305th_military_intelligence_battalion_united_states
305th_operations_group
305th_rescue_squadron
306090
3063_makhaon
3066_mcfadden
3067_akhmatova
306_group
306_hollywood
306_number
306th_air_refueling_squadron
306th_fighter_wing
306th_flying_training_group
306th_infantry_brigade_united_kingdom
306th_infantry_division
306th_infantry_regiment_united_states
306th_intelligence_squadron
306th_strategic_wing
306th_tactical_fighter_squadron_jasdf
30705_idaios
3070_aitken
30718_records
3073_kursk
3074_popov
3079th_aviation_depot_wing
307_hospital
307_nike
307th_Bomb_Wing
307th_Infantry_Regiment_(United_States)
307th_cavalry_regiment_united_states
307th_fighter_squadron
307th_infantry_brigade_united_kingdom
307th_medical_brigade
307th_operations_group
307th_rifle_division_soviet_union
308_number
308_polyxo
308th_air_refueling_squadron
308th_armament_systems_group
308th_armament_systems_wing
308th_armored_cavalry_regiment
308th_bombardment_wing_us_army_air_forces
308th_cavalry_regiment_united_states
308th_civil_affairs_brigade
308th_fighter_squadron
308th_infantry_brigade_united_kingdom
308th_infantry_division_vietnam
308th_infantry_regiment_united_states
308th_military_intelligence_battalion_united_states
308th_rifle_division
30942_helicaon
3096_Days
3096_dager_(book)
3096_dias_(book)
3099_hergenrother
309_fraternitas
309_number
309th_Aerospace_Maintenance_and_Regeneration_Group
309th_air_division
309th_airlift_squadron
309th_armored_cavalry_regiment
309th_cavalry_regiment_united_states
309th_infantry_division
309th_military_intelligence_battalion_united_states
309th_rifle_division
30West
30XX
30_(album)
30_(number)
30_42_lower_fort_street_millers_point
30_BC
30_Coins
30_Commando_Information_Exploitation_Group
30_Days_(TV_series)
30_Days_Without_an_Accident
30_Days_in_the_Hole
30_Days_of_Night
30_Days_of_Night_(film)
30_Days_of_Night_(franchise)
30_Degrees_in_February
30_Hours
30_Housing_Rule
30_Hudson_Street
30_Hudson_Yards
30_January_1939_Reichstag_speech
30_June_Stadium
30_May_2023_Moscow_drone_strikes
30_Miles_from_Nowhere
30_Million_Friends_vs_Dollars_Debate
30_Minute_Meals
30_Minutes_or_Less
30_Nights_of_Paranormal_Activity_with_the_Devil_Inside_the_Girl_with_the_Dragon_Tattoo
30_Odd_Foot_of_Grunts
30_Roc
30_Rock
30_Rockefeller_Plaza
30_Rojullo_Preminchadam_Ela
30_Seconds_(game)
30_Seconds_to_Mars_(album)
30_September_Movement
30_Trips_Around_the_Sun
30_a_os_de_silencio_(book)
30_a_sense_of_adventure_and_no_sense_of_direction_(book)
30_albert_street_brisbane
30_amp_fuse
30_aniversario
30_anos_de_chaves
30_ans_10_ans_de_thrapie_novel
30_april_1987_saint_lucian_general_election
30_april_2018_kabul_suicide_bombings
30_aquarii
30_arduino_projects_for_the_evil_genius_(book)
30_arietis
30_beats
30_before_30_traveling_under_the_influence_(book)
30_below_zero
30_bicycle_tours_in_new_jersey_almost_1000_miles_of_scenic_pleasures_and_historic_treasures_(book)
30_boxes
30_bridge_street_usk
30_by_30
30_by_ella
30_camelopardalis
30_cannon_street
30_cerita_pendamping_ramadhan_(book)
30_chicago_poodle_album
30_club
30_cm_Nebelwerfer_42
30_cm_Raketenwerfer_56
30_cm_Rule_for_WiFi_Router_Placement
30_cm_bubble_chamber_cern
30_contes_du_maghreb_(book)
30_cygni
30_das_de_noche_01_(book)
30_day_faith_detox_(book)
30_day_marriage_makeover_how_to_get_closer_communicate_better_and_experience_more_passion_in__(book)
30_day_money_master_mind_make_over_(book)
30_day_publish_your_book_on_kindle_challenge_(book)
30_day_setting_up_as_a_virtual_assistant_challenge_(book)
30_days_(book)
30_days_1999_film
30_days_2006_film
30_days_a_devotional_memoir_(book)
30_days_grain_free_a_day_by_day_guide_and_meal_plan_for_beginning_a_grain_free_diet_improve_y_(book)
30_days_hath_revenge_(book)
30_days_in_atlanta
30_days_in_china
30_days_in_sydney
30_days_in_sydney_the_writer_and_the_city_(book)
30_days_in_the_land_of_the_psalms_a_holy_land_devotional_(book)
30_days_in_the_land_with_jesus_a_holy_land_devotional_(book)
30_days_magazine
30_days_of_advent_colouring_journal_(book)
30_days_of_flavia
30_days_of_hope_for_dealing_with_depression_(book)
30_days_of_hope_for_strength_in_chronic_illness_(book)
30_days_of_inspiration_and_hope_daily_devotionals_for_your_christian_walk_(book)
30_days_of_night_annual_2005_30_days_of_night_annual_2_(book)
30_days_of_night_bloodsucker_tales_(book)
30_days_of_night_dark_days
30_days_of_night_eben_and_stella_(book)
30_days_of_night_immortal_remains_(book)
30_days_of_night_light_of_day_(book)
30_days_of_night_night_again_(book)
30_days_of_night_official_novelization_of_the_film_(book)
30_days_of_night_omnibus_(book)
30_days_of_night_return_to_barrow_(book)
30_days_of_night_rumors_of_the_undead_(book)
30_days_of_night_rumours_of_the_undead_(book)
30_days_of_night_the_beginning_of_the_end_vol_1_(book)
30_days_of_night_the_x_files_(book)
30_days_of_night_vol_10_30_days_til_death_(book)
30_days_of_night_vol_1_(book)
30_days_of_night_vol_3_return_to_barrow_(book)
30_days_of_night_vol_4_bloodsucker_tales_(book)
30_days_of_night_vol_4_bloodsucker_tales_graphic_novel_anthology
30_days_of_night_vol_5_three_tales_(book)
30_days_of_night_vol_7_eben_and_stella_(book)
30_days_of_night_volume_2_(book)
30_days_of_night_volume_3_(book)
30_days_of_no_gossip_(book)
30_days_of_optimal_living_achieving_greatness_in_mind_body_and_soul_(book)
30_days_of_prayer_journaling_prayer_journaling_(book)
30_days_of_prayer_with_mary_(book)
30_days_the_saturdays_song
30_days_to_a_better_prayer_life_(book)
30_days_to_a_healthier_family_(book)
30_days_to_a_more_beautiful_you_a_devotional_for_girls_(book)
30_days_to_a_more_powerful_memory_(book)
30_days_to_a_more_powerful_vocabulary_(book)
30_days_to_a_new_you_steps_to_unshakable_faith_freedom_(book)
30_days_to_a_simpler_life_(book)
30_days_to_a_well_mannered_dog_the_loved_dog_method_(book)
30_days_to_finding_and_keeping_sassy_sidekicks_and_bffs_a_friendship_field_guide_(book)
30_days_to_freedom_daily_exercises_to_set_your_heart_free_(book)
30_days_to_getting_over_the_dork_you_used_to_call_your_boyfriend_a_heartbreak_handbook_(book)
30_days_to_overcoming_addictive_behavior_(book)
30_days_to_prosperity_a_workbook_to_manifest_abundance_(book)
30_days_to_social_media_success_the_30_day_results_guide_to_making_the_most_of_twitter_bloggi_(book)
30_days_to_syn_(book)
30_days_to_taming_your_anger_how_to_find_peace_when_irritated_frustrated_or_infuriated_(book)
30_days_to_taming_your_emotions_discover_the_calm_confident_caring_you_(book)
30_days_to_taming_your_fears_practical_help_for_a_more_peaceful_and_productive_life_(book)
30_days_to_taming_your_tongue_(book)
30_days_to_taming_your_tongue_workbook_(book)
30_days_to_understanding_other_people_a_daily_guide_to_improving_relationships_(book)
30_days_to_understanding_the_bible
30_days_to_understanding_the_bible_(book)
30_days_to_understanding_the_bible_in_15_minutes_in_a_day_(book)
30_days_with_augustine_a_prayer_book_(book)
30_days_with_jesus_(book)
30_de_febrero
30_de_febrero_song
30_december_2009_iranian_pro_government_rallies
30_december_2023_belgorod_shelling
30_dias_para_entender_la_biblia_30_days_to_understand_the_bible_(book)
30_dni_do_zmian_(book)
30_door_key
30_east_29th_street
30_essential_yoga_poses_for_beginning_students_and_their_teachers_(book)
30_film_school_(book)
30_for_30
30_for_30_song
30_frames_a_second_the_wto_in_seattle_2000
30_gallon_tank
30_geminorum
30_girls_6_concepts
30_goes_around_the_sun
30_great_myths_about_shakespeare_(book)
30_greatest_hits_aretha_franklin_album
30_greatest_hits_red_elvises_album
30_guys_in_30_days_(book)
30_hari_jadi_murid_anakku_(book)
30_hari_mencari_cinta_(book)
30_harry_connick_jr_album
30_healthy_ways_to_use_quark_low_fat_soft_cheese_the_natural_alternative_when_cooking_classic_(book)
30_hronia_katy_garbi_live_katrakio_2019
30_inolvidables_los_bukis_album
30_june_2016_afghanistan_bombings
30_june_and_1_july_2015_borno_massacres
30_june_stadium_stampede
30_kent_street_millers_point
30_km/h_zone
30_kmh
30_leonis_minoris
30_lessons_for_living_tried_and_true_advice_from_the_wisest_americans_(book)
30_lessons_for_loving_advice_from_the_wisest_americans_on_love_relationships_and_marriage_(book)
30_life_principles_(book)
30_love
30_may_1980_moroccan_constitutional_referendum
30_meditations_on_rest_(book)
30_messteken_(book)
30_meyer_road
30_millennia_of_painting_(book)
30_million_dollars_or_30_million_loyal_friends
30_million_word_gap
30_min_knits_what_can_you_do_in_half_an_hour_or_less_(book)
30_minute_asian_meals_250_quick_tasty_healthy_recipes_from_around_asia_(book)
30_minute_cookbook_(book)
30_minute_earrings_60_quick_creative_projects_for_jewelers_(book)
30_minute_gardening_(book)
30_minute_get_real_meals_eat_healthy_without_going_to_extremes_(book)
30_minute_love_affair
30_minute_meals_2_(book)
30_minute_necklaces_60_quick_creative_projects_for_jewelers_(book)
30_minute_one_pot_meals_feed_your_family_incredible_meals_in_less_time_and_with_less_cleanup_(book)
30_minute_read_hope_for_hard_times_(book)
30_minute_read_stress_proof_your_marriage_(book)
30_minute_resume_makeover_rev_up_your_resume_in_half_an_hour_(book)
30_minute_rings_60_quick_creative_projects_for_jewelers_(book)
30_minute_sewing_what_can_you_sew_in_half_an_hour_or_less_(book)
30_minute_social_media_marketing_step_by_step_techniques_to_spread_the_word_about_your_busine_(book)
30_minute_vegetarian_indian_cookbook_the_30_minute_vegetarian_cookbook_series_(book)
30_minute_yoga_for_better_balance_and_strength_in_your_life_(book)
30_minutes_after_noon
30_minutes_or_less_sweet_treats_30_minutes_or_less_sweet_treats_(book)
30_minutes_to_brainstorm_great_ideas_30_minutes_series_(book)
30_minutes_to_self_confidence_how_to_be_assertiveand_well_liked_(book)
30_minutes_tv_program
30_mm_Breda-Mauser
30_mm_caliber
30_most_convincing_cases_of_reincarnation_(book)
30_movies_to_get_you_through_the_holidays_eberts_essentials_(book)
30_nights_(book)
30_north_lasalle
30_ophiuchi
30_pall_mall
30_persei
30_pieces_of_bloody_silver_blood_moon_pack_alliance_6_(book)
30_piscium
30_pounder_long_gun
30_quick_tips_for_better_health_an_easy_to_do_guide_to_wellness_(book)
30_quotes_for_powerful_living_using_hearts_eye
30_recetas_con_setas_(book)
30_rock_a_one_time_special
30_rock_a_xxx_parody
30_rule_housing
30_scientists_soldiers_singers_and_other_superheroes_biographies_from_the_nonfiction_minute_b_(book)
30_second_ancient_egypt_the_50_most_important_achievements_of_a_timeless_civilization_each_ex_(book)
30_second_brain_(book)
30_second_bunnies_theatre
30_second_elements_the_50_most_significant_elements_each_explained_in_half_a_minute_(book)
30_second_maths_(book)
30_second_mythology_the_50_most_important_greek_and_roman_myths_monsters_heroes_and_gods_each_(book)
30_second_quantum_theory_the_50_most_important_thought_provoking_quantum_concepts_each_explai_(book)
30_second_theories_(book)
30_second_theories_the_50_most_thought_provoking_theories_in_science_each_explained_in_half_a_(book)
30_seconds_of_fame
30_seconds_over_tokyo_song
30_seconds_to_fame
30_seconds_tv_series
30_september_2004_baghdad_bombing
30_signal_regiment
30_solagii_istiqlol
30_something_working_group
30_south_colonnade
30_squadron_saaf
30_stockton
30_sungjin_album
30_tales_to_give_you_goosebumps_(book)
30_the_greatest_hits
30_the_shambles
30_things_to_do_when_you_turn_30_thirty_achievers_on_turning_thirty
30_things_to_do_when_you_turn_thirty_thirty_achievers_on_turning_thirty_(book)
30_under_30_an_anthology_of_innovative_fiction_by_younger_writers_(book)
30_unohtumatonta_laulua
30_urania
30_very_best_of_deep_purple
30_vies
30_vulpeculae
30_ways_to_shine_as_a_new_employee_a_guide_to_success_in_the_workplace_(book)
30_ways_to_wake_up_your_quiet_time_(book)
30_west_44th_street
30_writing_school_with_cd_rom_(book)
30_year_itch
30_year_old_toddler
30_years_a_greying
30_years_ago
30_years_at_ballymaloe_a_celebration_of_the_world_renowned_cooking_school_with_over_100_new_r_(book)
30_years_live
30_years_of_adventure
30_years_of_adventure_a_celebration_of_dungeons_dragons_(book)
30_years_of_the_ex
30_years_to_life_1998_film
30_years_to_life_2001_film
30_years_to_the_day
30mm_DS30M_Mark_2_Automated_Small_Calibre_Gun
30praum
30s
30sto50s
30th_AVN_Awards
30th_Academy_Awards
30th_Alberta_Legislature
30th_Anniversary_Collection_(Whitesnake_album)
30th_Annual_Grammy_Awards
30th_Armored_Brigade_Combat_Team
30th_G8_summit
30th_Golden_Raspberry_Awards
30th_Hanteo_Music_Awards
30th_Infantry_Division_(United_States)
30th_Infantry_Regiment_(United_States)
30th_Mechanized_Brigade_(Ukraine)
30th_Screen_Actors_Guild_Awards
30th_Street_Station
30th_United_States_Congress
30th_Waffen_Grenadier_Division_of_the_SS
30th_academy_of_country_music_awards
30th_actors_and_actresses_union_awards
30th_air_army
30th_air_defense_missile_squadron
30th_air_division
30th_aircraft_carrier_squadron
30th_airlift_squadron
30th_alaska_state_legislature
30th_annie_awards
30th_anniversary_collection_paul_anka_album
30th_anniversary_concert
30th_anniversary_daw_fantasy_(book)
30th_anniversary_live_dear_pop_singer
30th_anniversary_mari_hamada_live_tour_special_
30th_anniversary_of_the_1989_Tiananmen_Square_protests_and_crackdown
30th_anniversary_of_the_1989_tiananmen_square_protests_and_massacre
30th_anniversary_of_the_tibet_autonomous_region
30th_anniversary_of_ukrainian_independence
30th_anniversary_the_perfect_singles_box
30th_anniversary_tour_live
30th_arizona_state_legislature
30th_arkansas_infantry_regiment
30th_armored_brigade_south_korea
30th_armoured_brigade_united_kingdom
30th_army_corps_russian_empire
30th_army_soviet_union
30th_avenue_station_metro_transit
30th_bangladesh_national_film_awards
30th_battalion_australia
30th_battalion_cef
30th_battalion_new_zealand
30th_bavarian_reserve_division
30th_berlin_international_film_festival
30th_bombardment_squadron
30th_brigade_australia
30th_brigade_united_kingdom
30th_cambridgeshire_regiment_of_foot
30th_canadian_parliament
30th_cavalry_division_soviet_union
30th_central_scientific_research_institute_ministry_of_defence_russia
30th_century_BC
30th_delaware_general_assembly
30th_directors_guild_of_america_awards
30th_division_german_empire
30th_division_imperial_japanese_army
30th_division_united_kingdom
30th_division_yugoslav_partisans
30th_european_film_awards
30th_federal_electoral_district_of_the_federal_district
30th_federal_electoral_district_of_the_state_of_mexico
30th_field_artillery_regiment_canada
30th_field_artillery_regiment_united_states
30th_fighter_bomber_squadron
30th_fighter_division_germany
30th_filmfare_awards
30th_filmfare_awards_south
30th_flying_apsaras_awards
30th_flying_training_wing_us_army_air_forces
30th_gcc_club_cup
30th_general_assembly_of_nova_scotia
30th_general_assembly_of_prince_edward_island
30th_georgia_infantry_regiment
30th_gma_dove_awards
30th_golden_bell_awards
30th_golden_disc_awards
30th_golden_melody_awards
30th_golden_rooster_awards
30th_goya_awards
30th_guam_legislature
30th_guards_army_corps
30th_hawaii_territorial_legislature
30th_hong_kong_film_awards
30th_hundred_flowers_awards
30th_illinois_infantry_regiment
30th_independent_spirit_awards
30th_indian_brigade
30th_indiana_infantry_regiment
30th_infantry_brigade_united_kingdom
30th_infantry_division_russian_empire
30th_infantry_division_wehrmacht
30th_intelligence_squadron
30th_international_emmy_awards
30th_international_film_festival_of_india
30th_international_istanbul_film_festival
30th_iowa_infantry_regiment
30th_japan_academy_film_prize
30th_japan_film_professional_awards
30th_japan_record_awards
30th_kentucky_mounted_infantry_regiment
30th_launch_group
30th_legislature_of_yukon
30th_light_dragoons
30th_locarno_film_festival
30th_louisiana_infantry_regiment
30th_luna_awards
30th_manitoba_legislature
30th_marine_corps_ukraine
30th_massachusetts_infantry_regiment
30th_mechanized_corps_soviet_union
30th_mechanized_infantry_brigade_greece
30th_medical_brigade
30th_meijin
30th_meridian_east
30th_michigan_infantry_regiment
30th_missouri_infantry_regiment
30th_mixed_brigade
30th_national_geographic_bee
30th_national_hockey_league_all_star_game
30th_naval_surface_ships_division_ukraine
30th_nec_cup
30th_new_brunswick_legislature
30th_new_york_state_legislature
30th_new_zealand_parliament
30th_ohio_infantry_regiment
30th_oklahoma_legislature
30th_operations_group
30th_parliament_of_british_columbia
30th_parliament_of_ontario
30th_pmpc_star_awards_for_television
30th_producers_guild_of_america_awards
30th_punjabis
30th_quebec_legislature
30th_reconnaissance_squadron
30th_rifle_division
30th_saskatchewan_legislature
30th_scripps_national_spelling_bee
30th_seoul_music_awards
30th_street_and_dolores_station
30th_street_bridge
30th_street_san_diego
30th_street_station_district
30th_street_station_irt_ninth_avenue_line
30th_surrey_searchlight_regiment_royal_artillery
30th_tactical_reconnaissance_squadron
30th_tank_division_soviet_union
30th_texas_cavalry_regiment
30th_troop_carrier_squadron
30th_tvynovelas_awards
30th_u_boat_flotilla
30th_united_states_colored_infantry_regiment
30th_vanier_cup
30th_venice_biennale
30th_venice_international_film_festival
30th_virginia_infantry_regiment
30th_weather_squadron
30th_wisconsin_infantry_regiment
30th_wisconsin_legislature
30th_world_science_fiction_convention
30th_writers_guild_of_america_awards
30v0
30y
30–30_club
3100_run_and_become
3102_aluminium_alloy
3102_krok
3103_eger
310_dihydroxydecanoic_acid
310_helix
310_margarita
310_motoring
310_number
310_to_yuma_1957_film
310_to_yuma_2007_film
310_to_yuma_soundtrack
310th_air_refueling_squadron
310th_armored_cavalry_regiment
310th_cavalry_regiment_united_states
310th_fighter_squadron
310th_infantry_regiment_united_states
310th_rifle_division_soviet_union
310th_space_wing
310th_sustainment_command_expeditionary
3110001i22rik
3110_halloween_po_polsku_anthology
3112
31179_gongju
31192_aigoual
311_(album)
311_(band)
311_Boyz
311_South_Wacker_Drive
311_dihydroxydodecanoic_acid
311_discography
311_foreclosure_prevention_programs
311_pelican_court_(book)
311_pelican_court_cedar_cove_3_(book)
311_series
311_surviving_japan
311_telephone_number
311ppanstarrs
311th_armored_cavalry_regiment
311th_cavalry_regiment_united_states
311th_human_systems_wing
311th_infantry_division_wehrmacht
311th_military_intelligence_battalion_united_states
311th_rifle_division_soviet_union
311th_signal_command_united_states
311th_sustainment_command_expeditionary
3121
3122_florence
312_and_314_east_53rd_street
312_kittson_avenue
312_km_railway_stop_Tver_Oblast
312_number
312_riverrun
312th_aeronautical_systems_group
312th_airlift_squadron
312th_cavalry_regiment_united_states
312th_division_vietnam
312th_fighter_squadron
312th_fighter_wing
312th_independent_infantry_battalion_imperial_japanese_army
312th_military_intelligence_battalion_united_states
312th_rifle_division_soviet_union
31398_cedar_cultural_centre
313_(number)
313_album
313_am_(book)
313_am_novel
313_central_corps
313_chaldaea
313_presents
313_series
313th_air_division
313th_air_expeditionary_wing
313th_airlift_squadron
313th_cavalry_regiment_united_states
313th_expeditionary_operations_group
313th_military_intelligence_battalion_united_states
313th_rifle_division
313th_tactical_fighter_squadron
31415_album
31416_and_all_that_(book)
3141_buchar
314_band
314_book_2_widowsfield_trilogy2_novel
314_diacetyloxymorphone
314_ep
314_number
314_taipei_protest
314th_air_refueling_squadron
314th_airlift_wing
314th_cavalry_regiment_united_states
314th_infantry_regiment_united_states
314th_military_intelligence_battalion_united_states
314th_rifle_division_soviet_union
315
3152_ct
315_breathe
315_constantia
315_number
315_series
315th_air_division
315th_cavalry_regiment_united_states
315th_fighter_squadron
315th_rifle_division_soviet_union
315th_troop_carrier_squadron
31641_cevasco
316_(Lost)
316_game
316_goberta
316_number
316_the_numbers_of_hope
316_the_numbers_of_hope_(book)
316_the_numbers_of_hope_teen_edition_(book)
316am
316th_Wing
316th_air_division
316th_cavalry_regiment_united_states
316th_division_vietnam
316th_fighter_squadron
316th_operations_group
316th_rifle_division
316th_sustainment_command_expeditionary
316th_troop_carrier_squadron
3174_alcock
317_(book)
317_kilmetros_y_dos_salidas_de_emergencia_(book)
317_novel
317a_and_317b_mummies
317th_airlift_group
317th_airlift_squadron
317th_armored_cavalry_regiment
317th_fighter_interceptor_squadron
317th_infantry_regiment_united_states
317th_operations_group
317th_rifle_division_soviet_union
3181_ahnert
3184_raab
318_magdalena
318_number
318th_cavalry_regiment_united_states
318th_cyberspace_operations_group
318th_fighter_group
318th_fighter_interceptor_squadron
318th_operations_support_squadron
318th_rifle_division_soviet_union
3199_nefertiti
319_Leona
319_dark_street
319th_Field_Artillery_Regiment
319th_Reconnaissance_Wing
319th_cavalry_regiment_united_states
319th_combat_training_squadron
319th_explosive_ordnance_disposal_company
319th_military_intelligence_battalion_united_states
319th_military_intelligence_brigade_united_states
319th_operations_group
319th_rifle_division_soviet_union
319th_special_operations_squadron
319th_static_infantry_division_wehrmacht
319th_transportation_brigade
31_(film)
31_(number)
31_March_incident
31_Minutes_to_Takeoff
31_Minutos
31_Nights_of_Halloween
31_October_2023_Jabalia_refugee_camp_airstrike
31_and_33_dee_banks_chester
31_aquilae
31_arietis
31_balboa
31_battalion_swatf
31_bc
31_bc_judea_earthquake
31_bit_computing
31_bond_street_(book)
31_boys_5_concepts
31_building
31_canzoni_(book)
31_channel_soundbar
31_comae_berenices
31_crateris
31_cygni
31_dates_in_31_days_(book)
31_days_a_memoir_of_seduction_(book)
31_days_at_mimosa_lake_neighborly_devotionals_from_the_heart
31_days_in_a_campervan_trolling_around_new_zealand_(book)
31_days_meditating_on_the_majesty_of_jesus_(book)
31_days_of_forgiveness_through_the_eyes_of_grace_(book)
31_days_of_living_well_and_spending_zero_freeze_your_spending_change_your_life_(book)
31_days_of_mountaintop_miracles_one_womans_legacy_of_unconditional_obedience_(book)
31_days_of_praise_(book)
31_days_of_praise_enjoying_god_anew_(book)
31_days_of_spiritual_growth_(book)
31_days_to_a_younger_you_(book)
31_days_to_becoming_a_better_religious_educator_(book)
31_days_to_becoming_a_happy_mom_(book)
31_days_to_greeting_card_marketing_mastery_(book)
31_days_to_happiness_how_to_find_what_really_matters_in_life_(book)
31_days_to_millionaire_marketing_miracles_attract_more_leads_get_more_clients_and_make_more_s_(book)
31_days_to_networking_event_mastery_(book)
31_days_to_relationship_marketing_mastery_(book)
31_days_toward_passionate_faith_(book)
31_equal_temperament
31_euphrosyne
31_facts_about_wisdom_(book)
31_gang
31_great_circles_of_the_spherical_icosahedron
31_i_dream_band_01_(book)
31_i_dream_band_02_(book)
31_january_1971_surgut_aeroflot_antonov_an_12_crash
31_june
31_keys_to_possessing_your_promise_(book)
31_km
31_leonis
31_letters_and_13_dreams_(book)
31_line_indulgence
31_lyncis
31_madingley_road
31_may_district
31_months_in_japan_the_building_of_a_theme_park_memoir
31_nights_of_halloween_(book)
31_noches_(book)
31_orionis
31_ottobre_(book)
31_pegasi
31_prayers_for_financial_wisdom_(book)
31_prayers_for_my_future_husband_(book)
31_proverbs_to_light_your_path_(book)
31_rays_of_hope_a_month_of_daily_devotionals_(book)
31_reasons_people_do_not_receive_their_financial_harvest_(book)
31_service_battalion
31_small_steps_to_organize_for_weight_loss_(book)
31_small_steps_to_organize_your_life_(book)
31_songs_(book)
31_squadron_saaf
31_tales_from_hellview_cemetery_(book)
31_tannery_project
31_things_to_raise_a_childs_self_esteem_(book)
31_verses_to_write_on_your_heart_(book)
31_vii_69_1026_1049_pm_23_viii_64_25045_311_am_the_volga_delta
31_vulpeculae
31_words_to_create_an_organized_life_a_simple_guide_to_create_habits_that_last_expert_tips_to_(book)
31st42nd_battalion_royal_queensland_regiment
31st51st_battalion_australia
31st_AVN_Awards
31st_Academy_Awards
31st_Air_Defense_Artillery_Brigade_(United_States)
31st_Alberta_Legislature
31st_Annual_Grammy_Awards
31st_Critics_Choice_Awards
31st_Fighter_Wing
31st_Filmfare_Awards
31st_G8_summit
31st_Golden_Raspberry_Awards
31st_Guards_Air_Assault_Brigade
31st_Infantry_Division_(United_States)
31st_Infantry_Regiment_(United_States)
31st_Marine_Expeditionary_Unit
31st_Mechanized_Brigade_(Ukraine)
31st_October_(film)
31st_SS_Volunteer_Grenadier_Division
31st_Seoul_Music_Awards
31st_Street_redesign_Astoria
31st_Union
31st_United_States_Congress
31st_actors_and_actresses_union_awards
31st_airborne_brigade_bundeswehr
31st_airlift_squadron
31st_alaska_state_legislature
31st_annie_awards
31st_anniversary_of_the_1989_tiananmen_square_protests_and_massacre
31st_arizona_state_legislature
31st_armoured_brigade_united_kingdom
31st_armoured_division_india
31st_army_corps_france
31st_army_corps_russian_empire
31st_artios_awards
31st_ashura_division
31st_bachsas_awards
31st_bangladesh_national_film_awards
31st_battalion_alberta_cef
31st_battalion_royal_queensland_regiment
31st_berlin_international_film_festival
31st_brigade_australia
31st_brigade_france
31st_canadian_parliament
31st_cavalry_regiment_united_states
31st_century_BC
31st_century_fox
31st_cherkasy_regiment_ukraine
31st_china_tv_golden_eagle_awards
31st_city_of_london_signal_regiment
31st_civil_support_team_wmd
31st_communications_regiment_ukraine
31st_corvette_division
31st_delaware_general_assembly
31st_directors_guild_of_america_awards
31st_division_german_empire
31st_division_imperial_japanese_army
31st_division_united_kingdom
31st_division_yugoslav_partisans
31st_engineer_regiment_france
31st_european_film_awards
31st_federal_electoral_district_of_the_federal_district
31st_federal_electoral_district_of_the_state_of_mexico
31st_field_artillery_regiment
31st_field_artillery_regiment_pa
31st_flying_apsaras_awards
31st_gcc_club_cup
31st_general_assembly_of_newfoundland
31st_general_assembly_of_nova_scotia
31st_general_assembly_of_prince_edward_island
31st_genie_awards
31st_golden_bell_awards
31st_golden_disc_awards
31st_golden_horse_awards
31st_golden_melody_awards
31st_government_of_turkey
31st_goya_awards
31st_grey_cup
31st_guam_legislature
31st_guards_airborne_division
31st_hong_kong_film_awards
31st_house_of_representatives_of_puerto_rico
31st_hundred_flowers_awards
31st_huntingdonshire_regiment_of_foot
31st_illinois_infantry_regiment
31st_independent_spirit_awards
31st_indian_brigade
31st_indiana_infantry_regiment
31st_infantry_battalion_estonia
31st_infantry_brigade_malaysia
31st_infantry_division_wehrmacht
31st_infantry_regiment_thailand
31st_international_emmy_awards
31st_international_film_festival_of_india
31st_iowa_infantry_regiment
31st_japan_academy_film_prize
31st_japan_film_professional_awards
31st_japan_record_awards
31st_light_dragoons
31st_locarno_film_festival
31st_louisiana_infantry_regiment
31st_luna_awards
31st_maine_infantry_regiment
31st_mechanized_infantry_brigade_greece
31st_medical_group
31st_missouri_infantry_regiment
31st_moscow_international_film_festival
31st_naval_supply_ships_division_ukraine
31st_new_brunswick_legislature
31st_new_york_infantry_regiment
31st_news_documentary_emmy_awards
31st_ohio_infantry_regiment
31st_oklahoma_legislature
31st_paratrooper_regiment_bundeswehr
31st_parliament_of_british_columbia
31st_parliament_of_ontario
31st_photographic_reconnaissance_squadron
31st_pmpc_star_awards_for_television
31st_producers_guild_of_america_awards
31st_public_order_brigade_ukraine
31st_quebec_legislature
31st_ranger_battalion
31st_rescue_squadron
31st_reserve_engineer_company_ireland
31st_reserve_field_artillery_regiment_ireland
31st_rifle_division
31st_rocket_army
31st_sarajevo_film_festival
31st_sarasaviya_awards
31st_saturn_awards
31st_screen_actors_guild_awards
31st_scripps_national_spelling_bee
31st_singapore_international_film_festival
31st_squadron_belgium
31st_station
31st_street_bridge
31st_tactical_air_base
31st_tank_regiment_italy
31st_tca_awards
31st_texas_cavalry_regiment
31st_tnnmusic_city_news_country_awards
31st_training_squadron_jasdf
31st_transportation_battalion
31st_troop_carrier_squadron
31st_tvynovelas_awards
31st_united_states_colored_infantry_regiment
31st_vanier_cup
31st_venice_biennale
31st_venice_international_film_festival
31st_virgin_islands_legislature
31st_virginia_infantry_regiment
31st_wing_italy
31st_wisconsin_infantry_regiment
31st_wisconsin_legislature
31st_world_science_fiction_convention
31st_writers_guild_of_america_awards
31st_yokohama_film_festival
32-bit_computing
32-pounder_56_cwt
32-pounder_gun
320
3200-series_(CTA)
3200_Phaethon
3200_central
3200_meters
3201_sijthoff
3202_graff
3204_lindgren
3205th_drone_group
3205th_drone_squadron
320_down_(book)
320_katharina
320_mm_model_1934_naval_gun
320_newbury_street
320_sat_math_subject_test_problems_arranged_by_topic_and_difficulty_level_level_2_160_questio_(book)
320_south_boston_building
320th_Special_Tactics_Squadron
320th_air_expeditionary_wing
320th_air_refueling_squadron
320th_armored_cavalry_regiment
320th_division_vietnam
320th_field_artillery_regiment
320th_infantry_division
320th_troop_carrier_squadron
321
3212_agricola
32145_katberman
3215th_drone_squadron
321_circus_(book)
321_coffee
321_days_in_michigan
321_eod_search_squadron_rlc
321_hedley_song
321_kinematic_structure
321_new_bridge_road
321_north_clark
321_series
321_studios
321_studios_v_metro_goldwyn_mayer_studios_inc
321st_Special_Tactics_Squadron
321st_air_expeditionary_wing
321st_air_refueling_squadron
321st_armored_cavalry_regiment
321st_cavalry_regiment_united_states
321st_civil_affairs_brigade
321st_fighter_interceptor_squadron
321st_infantry_division_wehrmacht
321st_rifle_division
321st_sustainment_brigade_united_states
322011_trettiotv_poeter_tjugohundraelva_(book)
322011_trettiotv_poeter_tjugohundraelva_poetry_anthology
32226_vikulgupta
3225th_drone_squadron
322_bc
322_phaeo
322d_air_expeditionary_group
322d_airlift_division
322d_expeditionary_reconnaissance_squadron
322d_fighter_interceptor_squadron
322d_tactical_airlift_wing
322d_troop_carrier_squadron
322nd_Rifle_Division
322nd_cavalry_regiment_united_states
322nd_civil_affairs_brigade
322nd_signal_regiment
3235th_drone_squadron
3237
323_brucia
323_number
323_series
323d_air_division
323d_expeditionary_operations_group
323d_fighter_interceptor_squadron
323d_strategic_reconnaissance_squadron
323psoho
323rd_army_band
323rd_cavalry_regiment_united_states
323rd_infantry_division_wehrmacht
323rd_rifle_division_soviet_union
3240_laocoon
3241_saga_completa_(book)
3246th_test_wing
3247_di_martino
324_bamberga
324_bc
324_km
324pla_sagra
324th_cavalry_regiment_united_states
324th_division_vietnam
324th_expeditionary_reconnaissance_squadron
324th_fighter_interceptor_squadron
324th_infantry_regiment_united_states
324th_intelligence_squadron
324th_rifle_division
32532_thereus
3254_bus
3255_tholen
325_bc
325_east_38th_street
325_heidelberga
325th_Fighter_Wing
325th_Infantry_Regiment_(United_States)
325th_air_control_squadron
325th_division_vietnam
325th_fighter_interceptor_squadron
325th_operations_group
325th_rifle_division_soviet_union
325th_security_division_wehrmacht
325th_weapons_squadron
3265
3267_glo
3268_de_sanctis
326_bc
326_tamara
326th_aeronautical_systems_wing
326th_air_division
326th_airlift_squadron
326th_bombardment_squadron
326th_engineer_battalion_united_states
326th_fighter_interceptor_squadron
326th_heavy_bomber_aviation_division
326th_infantry_division
326th_infantry_regiment_united_states
326th_medical_battalion_united_states
326th_rifle_division_soviet_union
3270_emulator
3277_aaronson
327_bc
327_columbia
327th_Infantry_Regiment_(United_States)
327th_air_division
327th_aircraft_sustainment_wing
327th_airlift_squadron
327th_bombardment_squadron
327th_infantry_division_wehrmacht
327th_rifle_division_soviet_union
327th_signal_battalion_united_states
3281_maupertuis
328_bc
328_gudrun
328th_air_refueling_squadron
328th_armament_systems_wing
328th_infantry_division
328th_infantry_regiment_united_states
328th_rifle_division_soviet_union
328th_weapons_squadron
3290_azabu
329_bc
329th_armament_systems_group
329th_combat_crew_training_squadron
329th_fighter_interceptor_squadron
329th_infantry_division_wehrmacht
329th_rifle_division_soviet_union
32K_resolution
32Red
32X
32_(number)
32_20_blues
32_34_36_dominick_street_houses
32_36_and_38_40_gloucester_street_facades_the_rocks
32_40_kent_street_millers_point
32_Avenue_of_the_Americas
32_Battalion_(South_Africa)
32_Canadian_Brigade_Group
32_County_Sovereignty_Movement
32_GB_vs_16_GB_RAM
32_Malasana_Street
32_Variations_in_C_minor_(Beethoven)
32_Zel/Planet_Shrooms
32_and_counting_finding_your_happily_ever_after_today_(book)
32_andromedae
32_answered_a_south_carolina_veterans_story_(book)
32_aquarii
32_band
32_battalion_book
32_bc
32_broad_street_peterhead
32_candles_(book)
32_combat_engineer_regiment
32_cygni
32_defenders_of_Guningtou
32_dicembre
32_engineer_regiment_united_kingdom
32_field_regiment_india
32_flavors
32_fm_949
32_foot_transportable_port_security_boat
32_harrington_street_the_rocks
32_king_street_bristol
32_lays_later_the_list_2_(book)
32_leonis_minoris
32_maneras_de_saber_que_ests_muerto
32_maneras_de_saber_que_ests_muerto_(book)
32_march_comes_in_like_a_lion_2_(book)
32_men
32_minutes_and_17_seconds_with_cliff_richard
32_mm_cabinetmaking_system
32_nm_process
32_old_slip
32_orionis
32_pegasi
32_persei
32_pomona
32_postkarten
32_programmes_(book)
32_song
32_squadron_saaf
32_stories_the_complete_optic_nerve_mini_comics_(book)
32_um_homem_para_cada_ano_que_passei_com_voc_(book)
32_virginis
32_vulpeculae
32a
32aa_(book)
32ad_Animation_Studios
32c_thats_me_(book)
32c_thats_me_novel
32nd_AVN_Awards
32nd_Academy_Awards
32nd_Actor_Awards
32nd_Alberta_general_election
32nd_Annual_Actor_Awards
32nd_Annual_Grammy_Awards
32nd_Army_Air_and_Missile_Defense_Command
32nd_Cavalry_Regiment
32nd_G8_summit
32nd_GLAAD_Media_Awards
32nd_Golden_Disc_Awards
32nd_Golden_Raspberry_Awards
32nd_Infantry_Brigade_Combat_Team_(United_States)
32nd_Infantry_Division_(United_States)
32nd_Infantry_Regiment_(United_States)
32nd_MTV_Video_Music_Awards
32nd_Marines_Brigade_(Greece)
32nd_Regiment_Royal_Artillery
32nd_SS_Volunteer_Grenadier_Division
32nd_Screen_Actors_Guild_Awards
32nd_Seoul_Music_Awards
32nd_academy_of_country_music_awards
32nd_actors_and_actresses_union_awards
32nd_air_expeditionary_group
32nd_air_operations_squadron
32nd_air_refueling_squadron
32nd_alabama_infantry_regiment
32nd_alaska_state_legislature
32nd_and_33rd_post_headquarters_companies_wac
32nd_annie_awards
32nd_arizona_state_legislature
32nd_armoured_reconnaissance_group
32nd_army_corps_russian_empire
32nd_army_corps_ukraine
32nd_army_tank_brigade
32nd_artillery_brigade_ukraine
32nd_artios_awards
32nd_aviation_division
32nd_bachsas_awards
32nd_bangladesh_national_film_awards
32nd_battalion_australia
32nd_battalion_cef
32nd_brigade_royal_field_artillery
32nd_budapest_guard_and_ceremonial_regiment
32nd_cairo_international_film_festival
32nd_canadian_parliament
32nd_cavalry
32nd_cavalry_division_soviet_union
32nd_century_BC
32nd_china_tv_golden_eagle_awards
32nd_combat_communications_squadron
32nd_commercial_station
32nd_cornwall_regiment_of_foot
32nd_delaware_general_assembly
32nd_directors_guild_of_america_awards
32nd_division_german_empire
32nd_division_imperial_japanese_army
32nd_division_spain
32nd_division_yugoslav_partisans
32nd_engineer_regiment_italy
32nd_european_film_awards
32nd_federal_electoral_district_of_the_federal_district
32nd_federal_electoral_district_of_the_state_of_mexico
32nd_filmfare_awards
32nd_filmfare_awards_south
32nd_flying_training_wing_world_war_ii
32nd_general_assembly_of_newfoundland
32nd_general_assembly_of_nova_scotia
32nd_general_assembly_of_prince_edward_island
32nd_genie_awards
32nd_golden_horse_awards
32nd_golden_melody_awards
32nd_government_of_turkey
32nd_grey_cup
32nd_guam_legislature
32nd_guards_motor_rifle_division
32nd_guards_tank_division
32nd_guldbagge_awards
32nd_hawaii_state_legislature
32nd_hong_kong_film_awards
32nd_hundred_flowers_awards
32nd_illinois_infantry_regiment
32nd_imperial_service_brigade
32nd_independent_spirit_awards
32nd_indian_armoured_division
32nd_indian_infantry_brigade
32nd_indiana_infantry_regiment
32nd_indiana_monument
32nd_infantry_brigade_united_kingdom
32nd_infantry_division_france
32nd_infantry_division_russian_empire
32nd_infantry_division_triglavski
32nd_infantry_division_wehrmacht
32nd_international_emmy_awards
32nd_japan_academy_film_prize
32nd_kentucky_infantry_regiment
32nd_light_anti_aircraft_regiment_royal_artillery
32nd_light_dragoons
32nd_locarno_film_festival
32nd_maine_infantry_regiment
32nd_manitoba_legislature
32nd_massachusetts_infantry_regiment
32nd_mechanized_brigade_ukraine
32nd_meijin
32nd_midland_anti_aircraft_brigade
32nd_missouri_infantry_regiment
32nd_moscow_international_film_festival
32nd_national_film_awards
32nd_national_hockey_league_all_star_game
32nd_new_brunswick_legislature
32nd_new_york_infantry_regiment
32nd_new_zealand_parliament
32nd_news_documentary_emmy_awards
32nd_oklahoma_legislature
32nd_oregon_legislative_assembly
32nd_parliament_of_british_columbia
32nd_parliament_of_ontario
32nd_pmpc_star_awards_for_movies
32nd_pmpc_star_awards_for_television
32nd_producers_guild_of_america_awards
32nd_quebec_legislature
32nd_rifle_corps
32nd_rifle_division
32nd_sarasaviya_awards
32nd_saturn_awards
32nd_service_battalion_royal_fusiliers_east_ham
32nd_signal_battalion_united_states
32nd_signal_regiment_italy
32nd_signal_regiment_united_kingdom
32nd_sikh_pioneers
32nd_singapore_international_film_festival
32nd_small_ship_squadron_royal_australian_engineers
32nd_street_yangon
32nd_tank_regiment_italy
32nd_tca_awards
32nd_texas_cavalry_regiment
32nd_training_squadron_jasdf
32nd_u_boat_flotilla
32nd_united_states_colored_infantry_regiment
32nd_vanier_cup
32nd_venice_biennale
32nd_venice_international_film_festival
32nd_virginia_cavalry_battalion
32nd_virginia_infantry_regiment
32nd_volyn_battalion_ukraine
32nd_wing_italy
32nd_wisconsin_infantry_regiment
32nd_wisconsin_legislature
32nd_world_science_fiction_convention
32nd_writers_guild_of_america_awards
32nd_yokohama_film_festival
32stitches
32vsb
33-centimeter_band
33-dimethylpentane
330003_crossdressers_from_beyond_the_rig_veda
3300_north_central_avenue
3309_brorfelde
330_West_42nd_Street
330_adalberta
330_bc
330_drayton_street
330_hudson
330th_aircraft_sustainment_wing
330th_bombardment_group_vh
330th_combat_training_squadron
330th_infantry_division_wehrmacht
330th_medical_brigade
330th_rifle_division_soviet_union
330th_troop_carrier_squadron
3317_paris
3318_blixen
331_bc
331_etheridgea
331_model
331_somerset_street
331pgibbs
331st_Guards_Airborne_Regiment
331st_air_expeditionary_group
331st_fighter_interceptor_squadron
331st_infantry_division
3322_lidiya
332_bc
332_mumbai_to_india
332_siri
332d_Expeditionary_Operations_Group
332d_airlift_flight
332d_fighter_interceptor_squadron
332nd_Air_Expeditionary_Wing
332nd_Infantry_Regiment_(United_States)
332nd_engineer_general_service_regiment
332nd_static_infantry_division_wehrmacht
333
3330_gantrisch
3333_(book)
3333_schaber
33344_33434_tiling
333_(Bladee_album)
333_(Tinashe_album)
333_Gematria
333_Premium_Export_Beer
333_South_Wabash
333_a_bibliography_of_the_science_fantasy_novel
333_badenia
333_bc
333_bush_street
333_commerce
333_east_38th_street
333_fayetteville_street
333_film
333_la_formula_segreta_di_dante_(book)
333_market_street
333_north_michigan
333_north_water
333_squadron_pn
333_stroud_road
333_tangan_perempuan_(book)
333_wacker_drive
333plinear
333rd_Field_Artillery_Battalion_(United_States)
333rd_Fighter_Squadron
333rd_field_artillery_regiment
333rd_infantry_division_wehrmacht
333rd_military_police_brigade
333rd_military_police_company
333rd_radio_technical_regiment
333rd_rifle_division_soviet_union
3343_nedzel
3344_peachtree
3344_tetramethyltetrahydrofuran_25_dione
3345_tarkovskij
334_bc
334_chicago
334_novel
334th_Fighter_Squadron
334th_all_weather_squadron
334th_bombardment_group
334th_bombardment_squadron
334th_fighter_bomber_aviation_squadron
334th_infantry_division_wehrmacht
334th_rifle_division_soviet_union
3350_scobee
3352_mcauliffe
3353_jarvis
335_bc
335_medical_evacuation_regiment
335_trimethylcyclohexanol
335_trimethylcyclohexyl_3_pyridyl_methylphosphonate
335pgibbs
335th_Fighter_Squadron
335th_airlift_squadron
335th_bombardment_squadron
335th_infantry_division_wehrmacht
335th_rifle_division_soviet_union
335th_signal_command_theater
335th_squadron_haf
3360_syrinx
3361_orpheus
3362_khufu
3367_alex
336_bc
336_lacadiera
336th_Fighter_Squadron
336th_Guards_Naval_Infantry_Brigade
336th_Training_Squadron
336th_bombardment_squadron
336th_bomber_squadron
336th_military_intelligence_brigade_expeditionary
336th_rifle_division_soviet_union
336th_rocket_artillery_brigade
337_bc
337_devosa
337th_aeronautical_systems_group
337th_air_control_squadron
337th_airlift_squadron
337th_flight_test_squadron
337th_infantry_division
337th_infantry_regiment_united_states
337th_separate_helicopter_regiment
337th_squadron_haf
337th_test_and_evaluation_squadron
337th_volksgrenadier_division
338_budrosa
338canada
338th_army_band_united_states
338th_bombardment_group
338th_combat_crew_training_squadron
338th_combat_training_squadron
338th_engineer_general_service_regiment
338th_fighter_bomber_squadron
338th_guards_rocket_artillery_brigade
338th_infantry_division_wehrmacht
338th_infantry_regiment_united_states
338th_rifle_division_soviet_union
339_bc
339_grand_street
339_lafayette_street
339th_all_weather_squadron
339th_bombardment_squadron
339th_fighter_group
339th_flight_test_squadron
339th_infantry_division_wehrmacht
339th_infantry_regiment_united_states
339th_rifle_division_soviet_union
33DD_destroyer
33_(Battlestar_Galactica)
33_(number)
33_1_3_album
33_45_78
33_61_emerson_place_row
33_Battlestar_Galactica
33_Export
33_Polyhymnia
33_Thomas_Street
33_and_a_third
33_arch_street
33_ashbury18th_street
33_attimi_di_felicit_(book)
33_battalion_swatf
33_bc
33_binatang_paling_heboh_childrens_book
33_bisazidomethyloxetane
33_bischloromethyloxetane
33_bits_(book)
33_brompton_place
33_cathedral_street
33_cygni
33_days_to_morning_glory_(book)
33_diethyl_2_pyrrolidinone
33_dimethyl_1_butanol
33_dimethylbutyraldehyde
33_dimethylhexane
33_dimethylpentane
33_diphenyl_3_h_naphthopyran
33_diphenylcyclobutanamine
33_diphenylpropylamine
33_dundas_street_east
33_eastgate_street_chester
33_engineer_regiment_eods
33_fitzroy_square
33_fragments_of_sick_sad_living_(book)
33_giri
33_habits_of_a_really_good_man_(book)
33_ingredient_substitutions_to_help_you_cook_amazing_foods_even_when_your_cupboards_are_bare_(book)
33_martyrs_memorial
33_martyrs_of_melitene
33_minutes_(book)
33_pegasi
33_place_brugmann
33_postcards
33_razones_para_volver_a_verte_(book)
33_revolutions_per_minute_album
33_savaiye
33_scenes_from_life
33_shiroor
33_snowfish
33_snowfish_(book)
33_south_sixth
33_southpacific_album
33_summers_(book)
33_thorne_street
33_tour
33_valentines_(book)
33_variations_(book)
33_vulpeculae
33_wanessa_album
33_ways_to_concentrate_in_your_prayer_(book)
33_yonge_street
33a
33miles_album
33mm_apx
33pdaniel
33rd_AVN_Awards
33rd_Academy_Awards
33rd_Annual_Grammy_Awards
33rd_Armor_Regiment
33rd_Dáil
33rd_Fighter_Wing
33rd_Filmfare_Awards
33rd_G8_summit
33rd_GLAAD_Media_Awards
33rd_Golden_Disc_Awards
33rd_Golden_Raspberry_Awards
33rd_Hanteo_Music_Awards
33rd_Infantry_Brigade_Combat_Team_(United_States)
33rd_Infantry_Division_(United_States)
33rd_Mechanized_Brigade_(Ukraine)
33rd_Producers_Guild_of_America_Awards
33rd_Seoul_Music_Awards
33rd_Street_station_(IRT_Lexington_Avenue_Line)
33rd_Street_station_(PATH)
33rd_United_States_Congress
33rd_Waffen_Grenadier_Division_of_the_SS_Charlemagne
33rd_academy_of_country_music_awards
33rd_actors_and_actresses_union_awards
33rd_air_division_united_states
33rd_al_mahdi_brigade
33rd_alaska_state_legislature
33rd_annie_awards
33rd_arkansas_infantry_regiment
33rd_armoured_division_india
33rd_army_corps
33rd_army_corps_russian_empire
33rd_army_soviet_union
33rd_artios_awards
33rd_bachsas_awards
33rd_bangladesh_national_film_awards
33rd_battalion_australia
33rd_battalion_cef
33rd_berlin_international_film_festival
33rd_brigade_australia
33rd_cairo_international_film_festival
33rd_canadian_parliament
33rd_century_BC
33rd_chess_olympiad
33rd_combat_communications_squadron
33rd_cyberspace_operations_squadron
33rd_delaware_general_assembly
33rd_division_german_empire
33rd_division_imperial_japanese_army
33rd_division_united_kingdom
33rd_division_yugoslav_partisans
33rd_european_film_awards
33rd_ew_regiment_italy
33rd_federal_electoral_district_of_the_federal_district
33rd_federal_electoral_district_of_the_state_of_mexico
33rd_filmfare_awards_south
33rd_flying_training_squadron
33rd_flying_training_wing_world_war_ii
33rd_general_assembly_of_newfoundland
33rd_general_assembly_of_nova_scotia
33rd_general_assembly_of_prince_edward_island
33rd_gma_dove_awards
33rd_golden_horse_awards
33rd_golden_rooster_awards
33rd_government_of_turkey
33rd_goya_awards
33rd_grey_cup
33rd_guam_legislature
33rd_guards_rifle_division
33rd_guards_rocket_army
33rd_hawaii_state_legislature
33rd_hundred_flowers_awards
33rd_illinois_infantry_regiment
33rd_independent_spirit_awards
33rd_indian_brigade
33rd_indian_infantry_brigade
33rd_indian_mountain_regiment_royal_indian_artillery
33rd_indiana_infantry_regiment
33rd_infantry_division_france
33rd_infantry_division_poland
33rd_infantry_division_russian_empire
33rd_infantry_division_wehrmacht
33rd_infantry_regiment_united_states
33rd_international_emmy_awards
33rd_international_film_festival_of_india
33rd_iowa_infantry_regiment
33rd_japan_film_professional_awards
33rd_japan_record_awards
33rd_karlovy_vary_international_film_festival
33rd_kentucky_infantry_regiment
33rd_kuban_rifle_division
33rd_lancashire_and_cheshire_signal_regiment
33rd_light_dragoons
33rd_locarno_film_festival
33rd_louisiana_infantry_regiment
33rd_manitoba_legislature
33rd_massachusetts_infantry_regiment
33rd_mechanized_infantry_brigade_greece
33rd_medium_artillery_regiment_rca
33rd_missouri_infantry_regiment
33rd_mixed_brigade_imperial_japanese_army
33rd_moscow_international_film_festival
33rd_national_film_awards
33rd_national_hockey_league_all_star_game
33rd_new_jersey_infantry_regiment
33rd_new_york_infantry_regiment
33rd_new_zealand_parliament
33rd_news_documentary_emmy_awards
33rd_ohio_infantry_regiment
33rd_oklahoma_legislature
33rd_operations_group
33rd_parallel
33rd_parliament_of_british_columbia
33rd_parliament_of_ontario
33rd_punjabis
33rd_quebec_legislature
33rd_rifle_division
33rd_sarasaviya_awards
33rd_saturn_awards
33rd_scripps_national_spelling_bee
33rd_singapore_international_film_festival
33rd_special_operations_squadron
33rd_station
33rd_street_baltimore
33rd_street_records
33rd_street_station_septa
33rd_tank_brigade_united_kingdom
33rd_tank_regiment_italy
33rd_tca_awards
33rd_tennessee_infantry_regiment
33rd_tnnmusic_city_news_country_awards
33rd_troop_carrier_squadron
33rd_tvynovelas_awards
33rd_u_boat_flotilla
33rd_united_states_colored_infantry_regiment
33rd_vanier_cup
33rd_venice_international_film_festival
33rd_virgin_islands_legislature
33rd_waffen_cavalry_division_of_the_ss_3rd_hungarian
33rd_western_anti_aircraft_brigade
33rd_wisconsin_legislature
33rd_world_science_fiction_convention
33rd_writers_guild_of_america_awards
33rd_yokohama_film_festival
33v0
33⅓
33⅓_Revolutions_per_Monkee
34+35
3401_vanphilos
3402_wisdom
3406_omsk
340B_Drug_Pricing_Program
340_eduarda
340_evzone_regiment
340ml
340th_division_israel
340th_expeditionary_air_refueling_squadron
340th_flying_training_group
340th_rifle_division_soviet_union
340th_squadron_haf
340th_volksgrenadier_division
340th_weapons_squadron
3412_kafka
341_bc
341_california
341_george_street_sydney
341st_Missile_Wing
341st_Missile_Wing_LGM-30_Minuteman_missile_launch_sites
341st_anti_aircraft_rocket_regiment
341st_division_vietnam
341st_engineer_general_service_regiment
341st_fighter_squadron
341st_rifle_division_soviet_union
341st_squadron_haf
3425_hurukawa
342843_davidbowie
3428_roberts
342_album
342_bc
342_endymion
342_ore_sulle_grandes_jorasses_(book)
342_ore_sulle_grandes_jorasses_memoir
342d_bombardment_squadron
342nd_all_weather_squadron
342nd_fighter_day_group
342nd_fighter_day_wing
342nd_infantry_division_wehrmacht
342nd_rifle_division
343158_marsyas
34351_decatur
343_Guilty_Spark
343_bc
343_line_television_system
343_ostara
343d_wing
343rd_Naval_Air_Group
343rd_bomb_squadron
343rd_infantry_division_wehrmacht
343rd_reconnaissance_squadron
343rd_training_squadron
344
344_(book)
344_bc
344_desiderata
344_questions_the_creative_persons_do_it_yourself_guide_to_insight_survival_and_artistic_fulf_(book)
344th_air_refueling_squadron
344th_fighter_squadron
344th_infantry_division_wehrmacht
344th_military_intelligence_battalion
344th_moonlight_battery_royal_artillery
345
345_Park_Avenue
345_bc
345_fc
345_tercidina
345_tri_o_galloylquinic_acid
345_trimethoxyamphetamine
345_trimethoxytranylcypromine
345th_Independent_Guards_Airborne_Regiment
345th_airlift_squadron
345th_bomb_squadron
345th_bombardment_wing
345th_fighter_squadron
345th_rifle_division_soviet_union
346th_bombardment_group
346th_infantry_division_wehrmacht
346th_rifle_division_soviet_union
346th_rocket_brigade
346th_tactical_airlift_squadron
3470_ce_(book)
34746_thoon
34788complete
347_bc
347_est
347_pariana
347_series
347aidan
347th_bombardment_squadron
347th_infantry_division
347th_rescue_wing
347th_rifle_division_soviet_union
347th_squadron_haf
347th_tactical_airlift_squadron
348_bc
348_trimethoxyphenanthrene_25_diol
348th_brigade_support_battalion_united_states
348th_infantry_division_wehrmacht
348th_rifle_division_soviet_union
348th_tactical_airlift_squadron
348th_tactical_electronics_group
348th_tactical_reconnaissance_squadron
349
3494_purple_mountain
349_bc
349_dembowska
349th_air_refueling_squadron
349th_infantry_division
349th_infantry_regiment_united_states
349th_night_fighter_squadron
349th_operations_group
349th_rifle_division_soviet_union
34_(number)
34_Montagu_Square,_Marylebone
34_album
34_barrow_street
34_battalion_swatf
34_bc
34_bistrifluoromethyl_12_dithiete
34_bubblegums_and_candies_(book)
34_canadian_brigade_group
34_cancri
34_circe
34_combat_engineer_regiment
34_days_(book)
34_dichloro_125_thiadiazole
34_dichloroaniline
34_dichloroaniline_n_malonyltransferase
34_dichloromethylphenidate
34_dichlorophenol
34_difluoroamphetamine
34_dihydroxy_2_butanone_4_phosphate_synthase
34_dihydroxy_910_secoandrosta_13510_triene_917_dione_45_dioxygenase
34_dihydroxybenzaldehyde
34_dihydroxymethamphetamine
34_dihydroxymethcathinone
34_dihydroxyphenylacetaldehyde
34_dihydroxyphenylacetic_acid
34_dihydroxyphenylalanine_reductive_deaminase
34_dihydroxyphthalate_decarboxylase
34_dihydroxystyrene
34_dimethoxyamphetamine
34_dimethoxycinnamic_acid
34_dimethoxymethamphetamine
34_dimethoxystyrene
34_dimethylmethcathinone
34_dimethylphenethylamine
34_epoxycyclohexanecarboxylate_methyl_ester
34_equal_temperament
34_ethylenedioxyamphetamine
34_ethylenedioxymethcathinone
34_ethylenedioxythiophene
34_field_regiment_india
34_film
34_hours
34_isopropylidenedioxyamphetamine
34_kilometr
34_kudi
34_leonis_minoris
34_lonely
34_methylenedioxy_n_hydroxy_n_methylamphetamine
34_methylenedioxy_n_hydroxyamphetamine
34_methylenedioxy_n_isopropylamphetamine
34_methylenedioxy_n_methoxyamphetamine
34_methylenedioxy_n_methylphentermine
34_methylenedioxy_n_propargylamphetamine
34_methylenedioxy_n_propylamphetamine
34_methylenedioxymethamphetamine
34_methylenedioxyphenethylamine
34_methylenedioxyphentermine
34_methylenedioxypropiophenone
34_number_ones
34_pegasi
34_pieces_of_you_(book)
34_pr_pipvp
34_scores_for_piano_organ_harpsichord_and_celeste
34_single_album
34_sleeve_patient_stories_(book)
34_song
34_squadron_saaf
34_toluenedithiol
34_whampoa_west
34_xylenol
34_xylidine
34dgale
34th-assault-battalion-ukraine
34th_AVN_Awards
34th_Academy_Awards
34th_Annual_Grammy_Awards
34th_Armor_Regiment
34th_Bomb_Squadron
34th_Fighter_Squadron
34th_Filmfare_Awards
34th_G8_summit
34th_GLAAD_Media_Awards
34th_Golden_Disc_Awards
34th_Golden_Globe_Awards
34th_Golden_Raspberry_Awards
34th_Goya_Awards
34th_Infantry_Division_(United_States)
34th_Infantry_Regiment_(United_States)
34th_Producers_Guild_of_America_Awards
34th_SS_Volunteer_Grenadier_Division_Landstorm_Nederland
34th_Street_(Manhattan)
34th_Street–Herald_Square_station
34th_Street–Hudson_Yards_station
34th_Street–Penn_Station_(IND_Eighth_Avenue_Line)
34th_Street–Penn_Station_(IRT_Broadway–Seventh_Avenue_Line)
34th_United_States_Congress
34th_Virginia_Cavalry_Battalion
34th_academy_of_country_music_awards
34th_aeromedical_evacuation_squadron
34th_air_division
34th_alaska_state_legislature
34th_annie_awards
34th_annual_bfja_awards
34th_ariel_awards
34th_arizona_state_legislature
34th_armoured_brigade_united_kingdom
34th_army_corps_russian_empire
34th_army_soviet_union
34th_awit_awards
34th_bachsas_awards
34th_baeksang_arts_awards
34th_bangladesh_national_film_awards
34th_battalion_australia
34th_battalion_new_zealand
34th_berlin_international_film_festival
34th_brigade_australia
34th_brigade_royal_field_artillery
34th_brigade_united_kingdom
34th_buil_film_awards
34th_cabinet_of_kuwait
34th_canadian_parliament
34th_century_BC
34th_chess_olympiad
34th_coastal_defense_brigade_ukraine
34th_combat_aviation_brigade
34th_combat_communications_squadron
34th_congress_of_the_liberal_democratic_party_of_russia
34th_convoy_battalion_ukraine
34th_corps_vietnam
34th_cumberland_regiment_of_foot
34th_delaware_general_assembly
34th_directors_guild_of_america_awards
34th_division_german_empire
34th_division_imperial_japanese_army
34th_division_united_kingdom
34th_division_yugoslav_partisans
34th_european_film_awards
34th_federal_electoral_district_of_the_federal_district
34th_federal_electoral_district_of_the_state_of_mexico
34th_field_artillery_regiment
34th_filmfare_awards_south
34th_general_assembly_of_newfoundland
34th_general_assembly_of_nova_scotia
34th_general_assembly_of_prince_edward_island
34th_gma_dove_awards
34th_golden_bell_awards
34th_golden_horse_awards
34th_government_of_turkey
34th_grey_cup
34th_guam_legislature
34th_guards_artillery_division
34th_guards_rifle_division
34th_hong_kong_film_awards
34th_illinois_infantry_regiment
34th_independent_battery_new_york_light_artillery
34th_independent_spirit_awards
34th_indian_brigade
34th_indiana_infantry_regiment
34th_infantry_division_band
34th_infantry_division_india
34th_infantry_division_wehrmacht
34th_international_emmy_awards
34th_international_film_festival_of_india
34th_japan_record_awards
34th_kentucky_infantry_regiment
34th_kherson_regiment_ukraine
34th_light_infantry_division
34th_locarno_film_festival
34th_luna_awards
34th_manitoba_legislature
34th_massachusetts_infantry_regiment
34th_mechanized_infantry_brigade_greece
34th_motor_rifle_division
34th_n_lex
34th_national_hockey_league_all_star_game
34th_new_brunswick_legislature
34th_new_york_infantry_regiment
34th_new_york_state_legislature
34th_new_zealand_parliament
34th_news_documentary_emmy_awards
34th_north_carolina_infantry_regiment
34th_northern_signal_regiment
34th_oklahoma_legislature
34th_operations_group
34th_palm_springs_international_film_festival
34th_parliament_of_british_columbia
34th_parliament_of_ontario
34th_pursuit_squadron
34th_quebec_legislature
34th_rifle_corps
34th_rifle_division_soviet_union
34th_royal_sikh_pioneers
34th_sarasaviya_awards
34th_saturn_awards
34th_scripps_national_spelling_bee
34th_separate_guards_mountain_motor_rifle_brigade
34th_south_midland_anti_aircraft_brigade
34th_special_operations_squadron
34th_strategic_squadron
34th_street_station_irt_second_avenue_line
34th_street_station_irt_third_avenue_line
34th_street_station_septa_metro
34th_tank_division_soviet_union
34th_tca_awards
34th_texas_cavalry_regiment
34th_tokyo_international_film_festival
34th_training_wing
34th_transport_aviation_division
34th_tvynovelas_awards
34th_united_states_colored_infantry_regiment
34th_vanier_cup
34th_venice_biennale
34th_virgin_islands_legislature
34th_virginia_infantry_regiment
34th_weapons_squadron
34th_wisconsin_infantry_regiment
34th_wisconsin_legislature
34th_writers_guild_of_america_awards
34th_yokohama_film_festival
35-hour_workweek
35.5_cm_Haubitze_M1
350.org
3500
35000_baby_names
35000_baby_names_(book)
3500_an_autistic_boys_ten_year_romance_with_snow_white_(book)
3500_farms_scheme
3500_good_jokes_for_speakers_(book)
350_bay_area
350_bc
350_maronite_martyrs
350_nm_process
350_north_orleans
350_ornamenta
350_park_avenue
350_song
350_st_kilda_road
350pages
350th_air_refueling_squadron
350th_anniversary_of_the_Declaration_of_Independence
350th_anniversary_of_the_founding_of_Charleston
350th_civil_affairs_command
350th_fighter_group
350th_prakash_parv
350th_reconnaissance_aviation_squadron
350th_rifle_division
35100_just_pass
3511
351_bc
351_tisanas_(book)
351_yrsa
351st_air_refueling_squadron
351st_artillery_engineer_division_vietnam
351st_infantry_division
351st_infantry_regiment_united_states
351st_operations_group
351st_reconnaissance_aviation_squadron
351st_rifle_division_soviet_union
3526
352_bc
352_gisela
352d_bombardment_squadron
352d_tactical_fighter_squadron
352nd_Fighter_Group
352nd_Infantry_Division
352nd_Special_Operations_Wing
352nd_civil_affairs_command
352nd_rifle_division_soviet_union
352nd_special_operations_support_squadron
353_am_(book)
353_bc
353_north_clark
353_number
353_ruperto_carola
353rd_Special_Operations_Wing
353rd_combat_training_squadron
353rd_fighter_group
353rd_infantry_division
353rd_reconnaissance_squadron
3540_protesilaos
3544_borodino
3548_eurybates
354_bc
354_eleonora
354_george_street_sydney
354plinear
354th_Fighter_Squadron
354th_Fighter_Wing
354th_aero_squadron
354th_bombardment_squadron
354th_civil_affairs_brigade
354th_fighter_group
354th_operations_group
354th_rifle_division
3551_verenia
3552_don_quixote
3553_mera
3554_amun
3556_lixiaohua
355_bc
355_cm_mrk_l225
355_cm_mrk_l25
355_gabriella
355_trimethyl_hexan_1_ol
355th_Wing
355th_infantry_division
355th_infantry_regiment_united_states
355th_operations_group
355th_reconnaissance_aviation_squadron
355th_rifle_division
3563_canterbury
3564_talthybius
3567_alvema
3568_ascii
356_bc
356_liguria
356th_Fighter_Squadron
356th_carabinieri_section
356th_fighter_group
356th_infantry_division
356th_moonlight_battery_royal_artillery
3578_carestia
357_bc
357_ninina
357_trioxododecanoyl_coa_synthase
357th_Fighter_Group
357th_airlift_squadron
357th_fighter_squadron
357th_infantry_division_wehrmacht
3581_alvarez
358_apollonia
358_bc
358_missile
358th_bombardment_squadron
358th_civil_affairs_brigade
358th_fighter_squadron
358th_infantry_division
358th_infantry_regiment_united_states
358th_rifle_division_soviet_union
3596_meriones
359_(book)
359_(number)
359_bc
359_georgia
359th_bombardment_squadron
359th_heavy_anti_aircraft_battery_royal_artillery
359th_infantry_division
359th_infantry_regiment_united_states
359th_rifle_division
359th_siege_battery_royal_garrison_artillery
359th_signal_brigade_united_states
35L_EcoBoost_V6_engine
35L_EcoBoost_V6_spark_plug_replacement
35M_rifle
35_(number)
35_1_antimagic_academy_35th_test_platoon_1_hero_summoning_(book)
35_4_antimagic_academy_35th_test_platoon_4_festival_of_fools_(book)
35_5_antimagic_academy_35th_test_platoon_5_the_king_of_hundred_demons_(book)
35_6_antimagic_academy_35th_test_platoon_6_re_contracting_of_the_azure_(book)
35_East_Wacker
35_Hudson_Yards
35_Shots_of_Rum
35_album
35_and_Ticking
35_aniversario
35_aquarii
35_aquilae
35_arietis
35_bar_grille_llc_v_city_of_san_antonio
35_battery_royal_artillery
35_bc
35_biggest_hits
35_canadian_brigade_group
35_cancri
35_chinna_katha_kaadu
35_classic_hits_(book)
35_cm_marinekanone_l45_m_16
35_comae_berenices
35_combat_engineer_regiment
35_cygni
35_day_month
35_denton
35_di_tert_butylsalicylaldehyde
35_dichloroaniline
35_dichlorophenol
35_difluoro_4_hydroxybenzylidene_imidazolinone
35_difluoromethcathinone
35_dihydroxybenzoic_acid
35_dihydroxycinnamic_acid
35_dihydroxyphenylpropionoic_acid
35_diiodothyronine
35_dimethoxyamphetamine
35_dimethoxyphenethylamine
35_dimethylpiperidine
35_dimethylpyrazole
35_dinitrobenzoic_acid
35_dinitrobenzoyl_chloride
35_east_main_street_yarmouth_maine
35_engineer_regiment_eods
35_engineer_support_regiment
35_girls_5_concepts
35_kilometres_race_walk
35_kilos_despoir_(book)
35_kilos_despoir_novel
35_kilos_of_hope_(book)
35_king_street_bristol
35_learning_tools_for_practising_essential_reading_and_writing_strategies_(book)
35_leonis
35_lutidine
35_miles_from_shore_the_ditching_and_rescue_of_alm_flight_980_(book)
35_minutes_and_counting_the_life_story_of_micky_oldham_(book)
35_mm_Bessa
35_mm_equivalent_focal_length
35_mm_grenade
35_mm_movie_film
35_mph_town
35_mph_town_song
35_pegasi
35_piscium
35_potholders_to_crochet_step_by_step_patterns_for_unique_kitchen_essentials_from_classic_and_(book)
35_sai_no_koukousei
35_salisbury_lane_(book)
35_sextantis
35_sonnets_(book)
35_squadron_saaf
35_stonegate
35_strategies_for_guiding_readers_through_informational_texts_(book)
35_techniques_every_counselor_should_know_(book)
35_the_shambles
35_things_your_teen_wont_tell_you_so_i_will
35_things_your_teen_wont_tell_you_so_i_will_(book)
35_tips_for_writing_a_brilliant_flash_story_a_manual_for_writing_flash_fiction_and_nonfiction_(book)
35_ton_deep_submergence_rescue_vehicle
35_vulpeculae
35_ways_to_help_a_grieving_child_(book)
35_xylidine
35ft_6in_self_righting_motor_class_lifeboat
35mmc
35th-infantry-regiment-russian-empire
35th_AVN_Awards
35th_Academy_Awards
35th_Air_Defense_Artillery_Brigade_(United_States)
35th_Annual_Grammy_Awards
35th_Combined_Arms_Army
35th_European_Film_Awards
35th_Fighter_Wing
35th_Filmfare_Awards
35th_G8_summit
35th_Golden_Disc_Awards
35th_Golden_Raspberry_Awards
35th_Independent_Spirit_Awards
35th_Infantry_Division_(United_States)
35th_Infantry_Regiment_(United_States)
35th_Marine_Brigade_(Ukraine)
35th_PMPC_Star_Awards_for_Television
35th_Signal_Brigade_(United_States)
35th_United_States_Congress
35th_academy_of_country_music_awards
35th_aeromedical_evacuation_squadron
35th_annie_awards
35th_anniversary
35th_anti_aircraft_artillery_division_soviet_union
35th_anti_aircraft_brigade_united_kingdom
35th_arizona_state_legislature
35th_arkansas_infantry_regiment
35th_armor_regiment
35th_armoured_brigade_united_kingdom
35th_army_corps_france
35th_army_corps_russian_empire
35th_artios_awards
35th_bachsas_awards
35th_battalion_australia
35th_battalion_cef
35th_battalion_new_zealand
35th_berlin_international_film_festival
35th_blue_dragon_film_awards
35th_bombardment_squadron
35th_brigade_royal_field_artillery
35th_brigade_united_kingdom
35th_cabinet_of_kuwait
35th_canadian_parliament
35th_century_BC
35th_combat_aviation_brigade_united_states
35th_delaware_general_assembly
35th_directors_guild_of_america_awards
35th_division_german_empire
35th_division_imperial_japanese_army
35th_division_spain
35th_division_united_kingdom
35th_division_yugoslav_partisans
35th_engineer_brigade_united_states
35th_federal_electoral_district_of_the_federal_district
35th_federal_electoral_district_of_the_state_of_mexico
35th_field_artillery_regiment
35th_fighter_squadron
35th_filmfare_awards_south
35th_flying_training_squadron
35th_flying_training_wing_us_army_air_forces
35th_general_assembly_of_newfoundland
35th_general_assembly_of_nova_scotia
35th_general_assembly_of_prince_edward_island
35th_golden_bell_awards
35th_golden_horse_awards
35th_government_of_turkey
35th_goya_awards
35th_grey_cup
35th_guam_legislature
35th_guards_air_assault_brigade
35th_guards_rifle_corps
35th_guards_rifle_division
35th_hong_kong_film_awards
35th_hundred_flowers_awards
35th_illinois_infantry_regiment
35th_indian_brigade
35th_indiana_infantry_regiment
35th_infantry_division_poland
35th_infantry_division_russian_empire
35th_infantry_division_wehrmacht
35th_infantry_regiment_france
35th_inkatha_freedom_party_national_general_conference
35th_international_emmy_awards
35th_iowa_infantry_regiment
35th_japan_academy_film_prize
35th_japan_record_awards
35th_karlovy_vary_international_film_festival
35th_kentucky_infantry_regiment
35th_locarno_film_festival
35th_luna_awards
35th_manitoba_legislature
35th_massachusetts_infantry_regiment
35th_military_police_brigade
35th_moscow_international_film_festival
35th_national_film_awards
35th_national_hockey_league_all_star_game
35th_new_brunswick_legislature
35th_new_jersey_infantry_regiment
35th_new_york_infantry_regiment
35th_new_zealand_parliament
35th_north
35th_ohio_infantry_regiment
35th_oklahoma_legislature
35th_oregon_legislative_assembly
35th_parachute_artillery_regiment
35th_paratroopers_brigade_israel
35th_parliament_of_british_columbia
35th_producers_guild_of_america_awards
35th_quebec_legislature
35th_reunion
35th_rifle_division_soviet_union
35th_rocket_division
35th_royal_sussex_regiment_of_foot
35th_sarasaviya_awards
35th_saturn_awards
35th_scripps_national_spelling_bee
35th_separate_guards_motor_rifle_brigade
35th_signal_battalion_united_states
35th_sikhs
35th_singapore_international_film_festival
35th_south_midlands_signal_regiment
35th_sports_emmy_awards
35th_ss_police_grenadier_division
35th_street_station
35th_sumsky_regiment_ukraine
35th_tca_awards
35th_tokyo_international_film_festival
35th_tvynovelas_awards
35th_united_states_colored_infantry_regiment
35th_utah_state_legislature
35th_vanier_cup
35th_venice_international_film_festival
35th_virgin_islands_legislature
35th_virginia_cavalry_battalion
35th_wisconsin_infantry_regiment
35th_wisconsin_legislature
35th_world_science_fiction_convention
35th_writers_guild_of_america_awards
35th_yokohama_film_festival
35tharcher_station
35xxxv
36-Year_World_Cycle
36-bit_computing
36-line_Bible
36-pounder_long_gun
360-day_calendar
360-degree_feedback
360-degree_summit_video
360-degree_video
360Player
360_(film)
360_(number)
360_(rapper)
360_4_360_degrees_material_4_(book)
360_5_360_degrees_material_5_(book)
360_8_360_degrees_material_8_(book)
360_Architecture
360_Cookware
360_Cookware_12-inch_Fry_Pan
360_Degrees_of_Billy_Paul
360_Secure_Browser
360_agency_berlin_sustainable_advertising
360_book_snow_white_yusuke_oono_(book)
360_carlova
360_condominiums
360_crescent_kick
360_deal
360_degree_leader_(book)
360_degree_life_ten_ways_you_can_live_more_richly_deeply_fully_(book)
360_degree_preaching_hearing_speaking_and_living_the_word_(book)
360_degrees_degrees_of_discernment_3_(book)
360_degrees_longitude_one_familys_journey_around_the_world
360_degrees_longitude_one_familys_journey_around_the_world_(book)
360_degrees_of_grief_reflections_of_hope_(book)
360_degrees_of_influence_get_everyone_to_follow_your_lead_on_your_way_to_the_top_(book)
360_degrees_what_goes_around
360_gamer
360_kickflip
360_km
360_magazine
360_main_winnipeg
360_mall
360_market_square
360_newbury_street
360_one_wam
360_screenings
360_song
360_state_street
360_tenth_avenue
360_three_sixty
360_tv_channel
360_video_projection
360_waves_album
360th_bombardment_squadron
360th_civil_affairs_brigade_united_states
3614_Jackson_Highway
361_Degrees
361_bc
361_bononia
361_broadway
361_hard_case_crime_9_(book)
361st_civil_affairs_brigade_united_states
361st_expeditionary_reconnaissance_squadron
361st_infantry_division
361st_infantry_regiment_wehrmacht
361st_rifle_division
36206
362_bc
362_belisle_st_(book)
362_havnia
362d_tactical_electronic_warfare_squadron
362nd_infantry_division
362nd_rifle_division
362nd_signal_company
363
3635_kreutz
363_Copa_De_Oro_Road
363_Galilee_earthquake
363_arsakawan_earthquake
363_bc
363_days_of_tea_(book)
363_number
363_padua
363rd_Intelligence,_Surveillance_and_Reconnaissance_Wing
363rd_infantry_division
363rd_intelligence_surveillance_and_reconnaissance_group
363rd_volksgrenadier_division
3640_gostin
3642
3642_frieden
364_bc
364_days_of_tedium_or_what_santa_gets_up_to_on_his_days_off_(book)
364_isara
364th_bombardment_squadron
364th_civil_affairs_brigade
364th_expeditionary_sustainment_command
364th_infantry_division
365_(Zedd_and_Katy_Perry_song)
365_Buttons_internet_meme
365_Crete_earthquake
365_Days_(2015_film)
365_Days_(2020_film)
365_Days_to_the_Wedding
365_Home_Care
365_Media_Group
365_a_daily_creativity_journal_(book)
365_a_daily_creativity_journal_make_something_every_day_and_change_your_life_(book)
365_affirmations_for_hopeful_living_(book)
365_affirmations_to_smile_(book)
365_afterschool_activities_tv_free_fun_for_kids_ages_7_12_(book)
365_album
365_bc
365_bedtime_stories_rhymes_(book)
365_bible_stories_and_prayers_biblical_readings_to_share_all_through_the_year_(book)
365_blog_topic_ideas_for_the_lifestyle_blogger_who_has_nothing_to_write_about_(book)
365_buddha_pa_daily_meditations_(book)
365_by_whole_foods_market
365_conselhos_dos_seus_anjos_(book)
365_corduba
365_country_womens_association_favourites_inspirational_recipes_for_every_day_of_the_year_(book)
365_crochet_stitches_a_year_(book)
365_cuentos_una_historia_para_cada_da_(book)
365_dagen_onderweg_(book)
365_daily_devotions_for_women_(book)
365_daily_meditations_for_on_and_off_the_mat_a_year_in_hot_yoga_(book)
365_daily_reflections_for_inspiration_and_spiritual_awakening_(book)
365_das_con_la_chica_de_los_planetas_(book)
365_das_de_wonder_el_libro_de_preceptos_del_seor_brown_(book)
365_das_para_acercarse_a_dios_(book)
365_days_(book)
365_days_of_astronomy
365_days_of_baby_love_playing_growing_and_exploring_with_babies_from_birth_to_age_2_(book)
365_days_of_cats_quotes_for_the_cat_lover_365_days_of_happiness_volume_2_(book)
365_days_of_decluttering_and_organizing_your_home_diy_household_hacks_diy_declutter_and_organ_(book)
365_days_of_fibb_ing_(book)
365_days_of_fibb_ing_novel
365_days_of_hope_(book)
365_days_of_richer_living_a_daily_guidebook_of_powerful_inspiring_affirmative_prayers_and_med_(book)
365_days_of_scrapbooking_ideas_(book)
365_days_of_slow_cooking_(book)
365_days_of_the_happiness_inspirational_quotes_to_live_by_(book)
365_days_of_vegan_recipes_cookbook
365_days_of_wonder_(book)
365_days_of_wonder_mr_brownes_precepts_(book)
365_days_of_wonder_mr_brownes_precepts_novel
365_days_to_a_prayer_filled_life_(book)
365_days_to_knowing_god_girls_(book)
365_desserts_a_dessert_for_every_day_of_the_year_(book)
365_desserts_a_dessert_for_every_day_of_the_year_cookbook
365_devotions_for_living_joyfully_(book)
365_devotions_for_peace_(book)
365_devotions_pocket_edition2016_(book)
365_dias_extraordinrios_o_livro_de_preceitos_do_sr_browne_(book)
365_easy_low_calorie_recipes_(book)
365_easy_mexican_recipes_(book)
365_easy_one_dish_meals_365_ways_(book)
365_encouraging_verses_of_the_bible_for_women_a_hope_filled_reading_for_every_day_of_the_year_(book)
365_encouraging_words_for_women_(book)
365_energy_boosters_juice_up_your_life_thump_your_thymus_wiggle_as_much_as_possible_rev_up_wi_(book)
365_essential_survival_skills_knowledge_that_will_keep_you_alive_(book)
365_euro_ticket
365_family_dinners_and_devotions_cookbook_a_celebration_of_food_family_and_faith_(book)
365_fascinating_facts_from_the_world_of_discovery_(book)
365_favorite_brand_name_casseroles_one_dish_meals_(book)
365_foods_kids_love_to_eat_nutritious_and_kid_tested_(book)
365_foods_kids_love_to_eat_nutritious_and_kid_tested_cookbook
365_foolish_mistakes_smart_managers_commit_every_day_how_and_why_to_avoid_them_(book)
365_foolish_mistakes_smart_managers_make_every_day_how_and_why_to_avoid_them
365_fri
365_fun_facts_for_catholic_kids_(book)
365_games_smart_babies_play_(book)
365_games_smart_toddlers_play_creative_time_to_imagine_grow_and_learn_(book)
365_goddess_a_daily_guide_to_the_magic_and_inspiration_of_the_goddess_(book)
365_great_bible_stories_the_good_news_of_jesus_from_genesis_to_revelation_(book)
365_great_chocolate_desserts_365_ways_(book)
365_guide_new_york_city_drink_eat_save_every_day_of_the_year_a_guide_to_new_york_city_restaur_(book)
365_ideas_for_recruiting_retaining_motivating_and_rewarding_your_volunteers_a_complete_guide__(book)
365_kadhal_kadithangal
365_life_season_2
365_loona_song
365_low_or_no_cost_workplace_teambuilding_activities_games_and_exercises_designed_to_build_tr_(book)
365_luncheon_dishes_a_luncheon_dish_for_every_day_in_the_year_(book)
365_manners_kids_should_know_games_activities_and_other_fun_ways_to_help_children_and_teens_l_(book)
365_mary_a_daily_guide_to_marys_wisdom_and_comfort_(book)
365_meditations_zen_(book)
365_moments_of_peace_for_a_womans_heart_reflections_on_gods_gifts_of_love_hope_and_comfort
365_moments_of_peace_for_a_womans_heart_reflections_on_gods_gifts_of_love_hope_and_comfort_(book)
365_nights_a_memoir_of_intimacy
365_nights_a_memoir_of_intimacy_(book)
365_nights_in_hollywood
365_number
365_oddball_days_in_chicago_cubs_history_(book)
365_one_minute_meditations_from_god_calling_(book)
365_penguins
365_penguins_(book)
365_perfect_things_to_say_to_your_kids_(book)
365_pingouins_(book)
365_pocket_devotions_inspiration_and_renewal_for_each_new_day_(book)
365_pocket_prayers_for_mothers_guidance_and_wisdom_for_each_new_day_(book)
365_prescriptions_for_the_soul_daily_messages_of_inspiration_hope_and_love_(book)
365_questions_for_couples_(book)
365_quick_christmas_designs_(book)
365_quick_cross_stitch_christmas_designs
365_quotes_to_live_your_life_by
365_racconti_di_natale_(book)
365_racconti_horror_per_un_anno_(book)
365_read_aloud_bedtime_bible_stories_(book)
365_reasons_for_smiling_in_thoughts_and_pictures_(book)
365_reasons_to_be_cheerful_magical_moments_to_cheer_up_miserable_sods_one_day_at_a_time_(book)
365_reasons_to_be_proud_to_be_british_great_british_moments_of_greatness_(book)
365_reasons_why_im_still_single
365_reasons_why_im_still_single_(book)
365_safe_town
365_saints_your_daily_guide_to_the_wisdom_and_wonder_of_their_lives_(book)
365_samurai_and_a_few_bowls_of_rice_(book)
365_science_of_mind_a_year_of_daily_wisdom_from_ernest_holmes_(book)
365_sex_thrills_positions_tricks_and_techniques_for_an_erotic_year_(book)
365_silly_jokes_for_kids_(book)
365_simple_gifts_from_god_(book)
365_skinny_smoothies_delicious_recipes_to_help_you_get_slim_and_stay_healthy_every_day_of_the_(book)
365_slow_cooker_suppers_(book)
365_social_media_tips_a_year_of_ideas_for_marketing_your_business_via_linkedin_twitter_facebo_(book)
365_sports_cars_you_must_drive_(book)
365_steps_to_self_confidence_a_complete_programme_for_personal_transformation_in_just_a_few_m_(book)
365_steps_to_self_confidence_a_program_for_personal_transformation_(book)
365_stories_for_bedtime_(book)
365_style_(book)
365_takes_(book)
365_tangles_counting_a_zentangle_workbook_(book)
365_tao_daily_meditations_(book)
365_tarot_activities_(book)
365_tarot_spells_creating_the_magic_in_each_day_(book)
365_tarot_spreads_revealing_the_magic_in_each_day_(book)
365_teacher_secrets_for_parents_fun_ways_to_help_your_child_succeed_in_elementary_school_(book)
365_thank_yous_the_year_a_simple_act_of_daily_gratitude_changed_my_life_(book)
365_things_every_successful_leader_should_know_(book)
365_things_to_do_with_lego_bricks_(book)
365_things_to_make_and_do_right_now_(book)
365_things_to_write_about_(book)
365_toddler_activities_that_inspire_creativity_games_projects_and_pastimes_that_encourage_a_c_(book)
365_toddler_activities_that_inspire_creativity_games_projects_and_pastimes_that_encourage_a_childs_l
365_tv_free_activities_you_can_do_with_your_child_(book)
365_tv_free_activities_you_can_do_with_your_child_plus_50_all_new_bonus_activities_(book)
365_vegetarian_soups_(book)
365_views_of_mt_fuji_algorithms_of_the_floating_world_(book)
365_wan_haeng_rak
365_way_to_motivate_and_reward_your_employees_every_day_with_little_or_no_money_(book)
365_ways_to_attract_good_luck_simple_steps_to_take_control_of_chance_and_improve_your_future_(book)
365_ways_to_boost_your_brain_power_tips_exercise_advice_(book)
365_ways_to_cook_chicken_anniversary_edition_(book)
365_ways_to_cook_chinese_(book)
365_ways_to_cook_hamburger_and_other_ground_meats_(book)
365_ways_to_develop_your_psychic_ability_simple_tools_to_increase_your_intuition_clairvoyance_(book)
365_ways_to_feel_better_self_care_ideas_for_embodied_well_being_(book)
365_ways_to_get_a_good_nights_sleep_(book)
365_ways_to_live_cheap_your_everyday_guide_to_saving_money_(book)
365_ways_to_live_generously_simple_habits_for_a_life_thats_good_for_you_and_for_others_(book)
365_ways_to_live_happy_simple_ways_to_find_joy_every_day_(book)
365_ways_to_make_money_ideas_for_quick_every_day_of_the_year_(book)
365_ways_to_raise_your_frequency_simple_tools_to_increase_your_spiritual_energy_for_balance_p_(book)
365_ways_to_reduce_stress_everyday_tips_to_help_you_relax_rejuvenate_and_refresh_(book)
365_ways_to_relax_mind_body_soul_(book)
365_ways_to_say_i_love_you_to_your_kids_(book)
365_weird_wonderful_science_experiments_an_experiment_for_every_day_of_the_year_(book)
365_winter_warmer_slow_cooker_recipes_simply_savory_and_delicious_3_ingredient_meals_(book)
365_wise_ways_to_happiness_(book)
365_words_of_well_being_for_women_(book)
365_wwjd_daily_answers_to_what_would_jesus_do_(book)
365bank
365th_bombardment_squadron
365th_infantry_division
365th_rifle_division
3669_vertinskij
366_bc
366_celt_a_year_and_a_day_of_celtic_wisdom_and_lore_(book)
366_healthful_ways_to_cook_tofu_and_other_meat_alternatives_(book)
366_vincentina
366th_Fighter_Wing
366th_Guards_Motor_Rifle_Regiment
366th_bombardment_squadron
366th_division
366th_fighter_squadron
366th_infantry_regiment_united_states
366th_operations_group
366th_rifle_division
3671_dionysus
3673_levy
367789_2011_AG5
367943_Duende
367_bc
367_m_advanced_electro_optical_system_telescope
367th_fighter_squadron
367th_infantry_division
367th_rifle_division
367th_training_support_squadron
3682_welther
3687_dzus
3688
368_animal_illustrations_(book)
368_bc
368_haidea
368th_infantry_regiment_united_states
368th_military_intelligence_battalion_united_states
368th_rifle_division
368th_training_squadron
369
3691_bede
369_(number)
369_bc
369_ultimatum
369_washington_street
369th_(Croatian)_Infantry_Division
369th_Croatian_Reinforced_Infantry_Regiment_(Wehrmacht)
369th_Infantry_Regiment_(United_States)
369th_bombardment_squadron
369th_fighter_group
369th_regiment_armory
369th_rifle_division
369th_signal_battalion_united_states
36_(book)
36_(number)
36_38_argyle_place_millers_point
36_Boys
36_China_Town
36_Chowringhee_Lane
36_Crazyfists
36_Farmhouse
36_Fillette
36_Ghante
36_Guni_Jodi
36_Hours_(1964_film)
36_Quai_des_Orfèvres_(film)
36_Questions
36_Seasons
36_Vayadhinile
36_arietis
36_atalante
36_aurigae
36_battalion_swatf
36_bc
36_biggest_mistakes_salesmen_make_and_how_to_correct_them_(book)
36_camelopardalis
36_canadian_brigade_group
36_canadian_brigade_group_band
36_cancri
36_capricorni
36_chandelles
36_children
36_comae_berenices
36_combat_engineer_regiment
36_days_tv_series
36_deadly_styles
36_degrees
36_dowodw_na_istnienie_diaba_(book)
36_draconis
36_east_72nd_street
36_edicin_200000_ejemplares_vendidos_y_otros_cuentos_breves_(book)
36_engineer_regiment_united_kingdom
36_fugues_reicha
36_greatest_hits
36_gunn
36_healing_herbs_the_worlds_best_medicinal_plants_(book)
36_houghton_drive
36_hours_1953_film
36_hours_the_christmas_that_changed_everythinga_pregnant_pauseholiday_reunionchristmas_bonus_(book)
36_hours_to_kill
36_medium_regiment_india
36_ophiuchi
36_persei
36_profil_wirausaha_sukses_indonesia_(book)
36_serpentis
36_signal_regiment_canada
36_tauri
36_toneladas_(book)
36_tv_series
36_views_(book)
36_views_of_mount_fuji_on_finding_myself_in_japan_(book)
36c
36d
36kr
36th-naval-construction-battalion
36th_(Ulster)_Division
36th_AVN_Awards
36th_Academy_Awards
36th_Annual_Grammy_Awards
36th_Division_(Israel)
36th_Engineer_Brigade_(United_States)
36th_European_Film_Awards
36th_Fighter_Squadron
36th_Filmfare_Awards
36th_G8_summit
36th_Golden_Disc_Awards
36th_Golden_Raspberry_Awards
36th_Goya_Awards
36th_Illinois_Infantry_Regiment
36th_Independent_Spirit_Awards
36th_Infantry_Division_(United_States)
36th_Infantry_Regiment_(United_States)
36th_International_Origami_Convention
36th_Marine_Brigade
36th_Sikhs
36th_Street_station_(BMT_Fourth_Avenue_Line)
36th_Street_station_(IND_Queens_Boulevard_Line)
36th_United_States_Congress
36th_Wing
36th_academy_of_country_music_awards
36th_air_assault_brigade_kazakhstan
36th_air_brigade_italy
36th_air_division
36th_airborne_brigade_united_states
36th_airlift_squadron
36th_alabama_infantry_regiment
36th_annie_awards
36th_ariel_awards
36th_arizona_state_legislature
36th_arkansas_infantry_regiment
36th_army_corps_russian_empire
36th_bangladesh_national_film_awards
36th_battalion_australia
36th_battalion_cef
36th_battalion_new_zealand
36th_berlin_international_film_festival
36th_blue_dragon_film_awards
36th_bomber_aviation_division
36th_brigade_royal_field_artillery
36th_cabinet_of_kuwait
36th_cairo_international_film_festival
36th_canadian_parliament
36th_cavalry_division_soviet_union
36th_century_BC
36th_chess_olympiad
36th_commando_battalion
36th_delaware_general_assembly
36th_directors_guild_of_america_awards
36th_division_german_empire
36th_division_imperial_japanese_army
36th_division_spain
36th_division_yugoslav_partisans
36th_eastern_signal_regiment
36th_electronic_warfare_squadron
36th_escort_group_royal_navy
36th_estonian_police_battalion
36th_fajr_film_festival
36th_federal_electoral_district_of_the_federal_district
36th_federal_electoral_district_of_the_state_of_mexico
36th_field_artillery_regiment
36th_filmfare_awards_south
36th_flying_training_wing_us_army_air_forces
36th_general_assembly_of_nova_scotia
36th_general_assembly_of_prince_edward_island
36th_gma_dove_awards
36th_golden_horse_awards
36th_golden_rooster_awards
36th_guam_legislature
36th_guards_combined_arms_army
36th_guards_rifle_division
36th_hong_kong_film_awards
36th_hundred_flowers_awards
36th_indian_brigade
36th_indian_infantry_brigade
36th_indiana_infantry_regiment
36th_infantry_brigade_united_kingdom
36th_infantry_division_poland
36th_infantry_division_russian_empire
36th_infantry_division_south_korea
36th_infantry_division_united_kingdom
36th_infantry_regiment_poland
36th_intelligence_squadron
36th_international_emmy_awards
36th_international_film_festival_of_india
36th_iowa_infantry_regiment
36th_japan_academy_film_prize
36th_karlovy_vary_international_film_festival
36th_locarno_film_festival
36th_luna_awards
36th_manitoba_legislature
36th_massachusetts_infantry_regiment
36th_meijin
36th_middlesex_searchlight_regiment_royal_artillery
36th_mississippi_infantry_regiment
36th_motor_rifle_division
36th_national_assembly_of_bulgaria
36th_national_hockey_league_all_star_game
36th_new_brunswick_legislature
36th_new_york_infantry_regiment
36th_new_york_state_legislature
36th_new_zealand_parliament
36th_ohio_infantry_regiment
36th_oklahoma_legislature
36th_operations_group
36th_palm_springs_international_film_festival
36th_parliament_of_british_columbia
36th_parliament_of_ontario
36th_producers_guild_of_america_awards
36th_quebec_legislature
36th_rescue_squadron
36th_rifle_division
36th_saturn_awards
36th_scottish_anti_aircraft_brigade
36th_scripps_national_spelling_bee
36th_separate_air_assault_brigade
36th_separate_coastal_defense_brigade
36th_separate_guards_lozovskaya_red_banner_motor_rifle_brigade
36th_special_aviation_regiment
36th_street_portal
36th_street_station_bmt_fifth_avenue_line
36th_street_station_charlotte
36th_street_station_river_line
36th_sustainment_brigade
36th_tank_brigade_united_kingdom
36th_tca_awards
36th_texas_cavalry_regiment
36th_tokyo_international_film_festival
36th_tvynovelas_awards
36th_united_states_colored_infantry_regiment
36th_vanier_cup
36th_venice_biennale
36th_venice_international_film_festival
36th_virgin_islands_legislature
36th_virginia_cavalry_battalion
36th_virginia_infantry_regiment
36th_wisconsin_legislature
36th_world_science_fiction_convention
36th_writers_guild_of_america_awards
36th_yokohama_film_festival
36v0
3703_volkonskaya
3709_polypoites
370_bc
370_jay_street
370_modestia
370th_Infantry_Regiment_(United_States)
370th_fighter_group
370th_infantry_division
370th_rifle_division
3710_bogoslovskij
3714_kenrussell
371_bc
371_bohemia
371_series
371st_engineer_construction_battalion
371st_infantry_division
371st_infantry_regiment_united_states
371st_rifle_division
371st_sustainment_brigade
3724_annenskij
3728_iras
372_Pages_We'll_Never_Get_Back
372_bc
372_le_matin_(book)
372_palma
372nd_Military_Police_Company_(United_States)
372nd_bombardment_squadron
372nd_engineer_brigade_united_states
372nd_fighter_bomber_aviation_regiment
372nd_infantry_division
372nd_infantry_regiment_united_states
372nd_rifle_division
373_bc
373_melusina
373_series
373prinner
373rd_croatian_infantry_division
373rd_fighter_group
373rd_intelligence_surveillance_and_reconnaissance_group
373rd_rifle_division
37452_spirit
3749_balam
374_bc
374th_airlift_wing
374th_operations_group
